kc_id,kc_route,en_name,top_module,depth,error_rate,learning_rate_b,cluster,prior_if_wrong,prior_if_correct
0,乘法原理里的其他类型,Other Types in Multiplication Principle,Extended Thinking,5.0,0.2832453192510801,1.0579310280647909e-17,0,0.11800486618004868,0.8819951338199513
1,加乘原理综合,Comprehensive Addition-Multiplication Principle,Extended Thinking,4.0,0.2306660706303084,0.3444726262526822,9,0.6076642335766423,0.39233576642335766
2,物品搭配,Item Matching,Extended Thinking,5.0,0.0861746361746361,4.999999983589683,5,0.33333333333333337,0.6666666666666666
3,染色计数问题,Coloring Counting Problems,Extended Thinking,4.0,0.2708765460551586,0.024635370347096,9,0.6076642335766423,0.39233576642335766
4,物体数量组合,Object Quantity Combinations,Extended Thinking,5.0,0.105606258148631,0.23385995822451824,5,0.33333333333333337,0.6666666666666666
5,路线搭配问题,Route Matching Problems,Extended Thinking,5.0,0.1118629631382198,0.040813476272464,5,0.33333333333333337,0.6666666666666666
7,陷阱型不规则图形求周长,Trap Irregular Shape Perimeter,Extended Thinking,6.0,0.200058326042578,7.98275265717742e-06,6,0.49330900243309006,0.5066909975669099
8,楼梯型不规则图形求周长,Staircase Irregular Shape Perimeter,Extended Thinking,6.0,0.1408061844284925,0.23385995822451824,6,0.49330900243309006,0.5066909975669099
9,长方形周长,Rectangle Perimeter,Extended Thinking,6.0,0.2022371842827117,0.1045680910975207,6,0.49330900243309006,0.5066909975669099
10,长方形组合图形周长,Composite Rectangle Perimeter,Extended Thinking,6.0,0.2652051822069053,1.086654904630837,6,0.49330900243309006,0.5066909975669099
11,公式法长方形正方形周长,Formula for Rectangle/Square Perimeter,In-Class Question Types,5.0,0.187532946758039,0.1122773104909209,0,0.11800486618004868,0.8819951338199513
12,几何方法整体减空白,Whole Minus Blank Method,Extended Thinking,5.0,0.3041601933367858,0.0746566835731327,0,0.11800486618004868,0.8819951338199513
13,几何方法差不变,Difference Invariance Method,Extended Thinking,5.0,0.2035623409669211,4.726840892373021e-20,0,0.11800486618004868,0.8819951338199513
14,图形认知,Shape Recognition,7 Core Abilities,2.0,0.1434390456793715,0.0261654609482276,3,0.8874695863746959,0.11253041362530414
15,图形剪拼,Shape Cutting/Pasting,Extended Thinking,6.0,0.1884257664485015,0.23385995822451824,6,0.49330900243309006,0.5066909975669099
16,分割图形（不需等分）,Shape Segmentation,Extended Thinking,6.0,0.2483759502418797,0.0979276042188797,6,0.49330900243309006,0.5066909975669099
17,正方形组合图形周长,Composite Square Perimeter,Extended Thinking,6.0,0.159596517894155,4.999999999435359,6,0.49330900243309006,0.5066909975669099
18,长方形和正方形面积公式,Area Formulas for Squares & Rectangles,Extended Thinking,6.0,0.1681002723712859,0.0600220719610382,6,0.49330900243309006,0.5066909975669099
19,连线法,Connection Method,Extended Thinking,5.0,0.2183098591549295,0.23385995822451824,0,0.11800486618004868,0.8819951338199513
20,找矛盾,Finding Contradictions,Extended Thinking,6.0,0.2752119263373282,0.0003060802877938,6,0.49330900243309006,0.5066909975669099
21,排除矛盾法,Contradiction Elimination Method,Knowledge Points,4.0,0.0986964618249534,0.23385995822451824,4,0.7037712895377128,0.2962287104622871
22,半真半假,Half-True Half-False,Extended Thinking,6.0,0.1960943856794141,0.2910383663209622,6,0.49330900243309006,0.5066909975669099
23,整数倍数关系,Integer Multiple Relationships,Extended Thinking,6.0,0.1534911043974488,1.508129233038621,6,0.49330900243309006,0.5066909975669099
24,整数乘法巧算之提取公因数（普通型）,Common Factor Extraction in Integer Multiplication,Extended Thinking,5.0,0.1291939596979849,0.0290011144860531,5,0.33333333333333337,0.6666666666666666
25,直接运用分配律,Direct Application of Distributive Law,Extended Thinking,6.0,0.2548287406644347,3.3608142354277204e-05,6,0.49330900243309006,0.5066909975669099
26,整数提取公因数,Integer Common Factor Extraction,Extended Thinking,4.0,0.2003946232581082,0.3326228877842915,9,0.6076642335766423,0.39233576642335766
27,神推理,Divine Reasoning,Extended Thinking,5.0,0.235576923076923,0.23385995822451824,0,0.11800486618004868,0.8819951338199513
28,长方形正方形组合图形周长,Composite Square-Rectangle Perimeter,Extended Thinking,6.0,0.1355878634639696,1.084818563578476,6,0.49330900243309006,0.5066909975669099
29,表格法,Tabular Method,Extended Thinking,5.0,0.2035117410619843,0.1594882861530004,0,0.11800486618004868,0.8819951338199513
30,除法竖式,Division Column,Extended Thinking,6.0,0.1712200598802395,0.0782446953626459,6,0.49330900243309006,0.5066909975669099
31,表外除法计算,Beyond-Division-Table Calculations,Extended Thinking,6.0,0.1399567315693127,4.99999999999363,6,0.49330900243309006,0.5066909975669099
32,等差数列求通项,Finding the nth Term,Extended Thinking,5.0,0.1952760177488422,1.3529918733149398,0,0.11800486618004868,0.8819951338199513
33,等差数列求和,Sum of Arithmetic Sequences,Extended Thinking,5.0,0.2148650610907129,0.0516878506402241,0,0.11800486618004868,0.8819951338199513
34,整数好朋友数,"Integer ""Friendly Numbers""",Extended Thinking,6.0,0.1696470747013968,0.0919858297432975,6,0.49330900243309006,0.5066909975669099
35,中项定理应用,Middle Term Theorem Applications,Extended Thinking,5.0,0.2019820670127418,4.999999999999999,0,0.11800486618004868,0.8819951338199513
36,乘除法抵消,Multiplication/Division Cancellation,Extended Thinking,6.0,0.2022343168146662,0.2457665820855702,6,0.49330900243309006,0.5066909975669099
37,等差数列求公差,Finding Common Difference,Extended Thinking,5.0,0.1954974582425563,0.0666413232974192,0,0.11800486618004868,0.8819951338199513
38,整数除法巧算之提取公除数（普通型）,Common Divisor Extraction in Integer Division,Extended Thinking,5.0,0.1468944426869134,0.1226677818829507,5,0.33333333333333337,0.6666666666666666
39,扫雷游戏,Minesweeper,Extended Thinking,4.0,0.2047683310841205,0.087999160306528,9,0.6076642335766423,0.39233576642335766
40,长方形计数,Rectangle Counting,Extended Thinking,6.0,0.2277569392348087,0.1233037807580205,6,0.49330900243309006,0.5066909975669099
41,正方形,Squares,Extended Thinking,6.0,0.2221977598590968,0.0850903471116246,6,0.49330900243309006,0.5066909975669099
43,认识线段,Understanding Line Segments,Extended Thinking,6.0,0.2235960489051599,4.999999984193722,6,0.49330900243309006,0.5066909975669099
44,线段计数,Segment Counting,Extended Thinking,6.0,0.228083320845197,0.0957266554132802,6,0.49330900243309006,0.5066909975669099
45,间隔问题,Interval Problems,Extended Thinking,3.0,0.0764044943820224,0.23385995822451824,3,0.8874695863746959,0.11253041362530414
47,一端种树问题,One-End Planting,Knowledge Points,4.0,0.1747094047199718,0.2515765244861934,9,0.6076642335766423,0.39233576642335766
48,敲钟问题,Clock Chime Problems,Extended Thinking,5.0,0.3542466922748613,0.2351276821091904,0,0.11800486618004868,0.8819951338199513
49,两端植树问题,Both-Ends Planting,Extended Thinking,5.0,0.1396226415094339,0.23385995822451824,5,0.33333333333333337,0.6666666666666666
50,乘法应用（顺口溜）,Multiplication Mnemonics,Extended Thinking,5.0,0.1381818181818181,0.23385995822451824,5,0.33333333333333337,0.6666666666666666
52,两端都不种树问题,Neither-End Planting,Knowledge Points,4.0,0.3660826032540676,0.23385995822451824,1,0.9324817518248175,0.06751824817518248
53,两端种树问题,Both-Ends Planting,Knowledge Points,4.0,0.2655440414507772,0.23385995822451824,9,0.6076642335766423,0.39233576642335766
54,爬楼梯问题,Stair Climbing Problems,Extended Thinking,5.0,0.2060907872055161,0.1747405118048855,0,0.11800486618004868,0.8819951338199513
55,基本排列的周期问题,Basic Permutation Periods,Extended Thinking,4.0,0.1960331575608183,4.99999999994565,9,0.6076642335766423,0.39233576642335766
56,单一变量还原问题,Single Variable Restoration,Extended Thinking,4.0,0.1970024110259455,0.1208322440463543,9,0.6076642335766423,0.39233576642335766
57,日期中的周期,Date-based Periods,Extended Thinking,5.0,0.2441604358662261,0.0492227552274728,0,0.11800486618004868,0.8819951338199513
58,逆运算,Inverse Operations,Extended Thinking,4.0,0.1897458158491294,4.156365293302497,9,0.6076642335766423,0.39233576642335766
59,多量还原问题,Multi-Quantity Restoration,Extended Thinking,4.0,0.1802217207887766,0.2873244815376881,9,0.6076642335766423,0.39233576642335766
60,还原问题,Restoration Problems,Extended Thinking,3.0,0.0703448275862069,0.23385995822451824,3,0.8874695863746959,0.11253041362530414
61,两量还原问题,Two-Quantity Restoration,Extended Thinking,4.0,0.2314275083715738,0.2262498624816717,9,0.6076642335766423,0.39233576642335766
62,单归一问题,Single Normalization,Extended Thinking,4.0,0.1780050874059641,0.1516098556853899,9,0.6076642335766423,0.39233576642335766
63,分一半,Halving,Extended Thinking,4.0,0.0998578535891968,0.23385995822451824,4,0.7037712895377128,0.2962287104622871
64,单人简单行程问题,Simple Single-Person Travel,Extended Thinking,5.0,0.1131362128615757,0.0827296291461756,5,0.33333333333333337,0.6666666666666666
65,双归一问题,Double Normalization,Extended Thinking,4.0,0.1996992737176577,0.7515306015588071,9,0.6076642335766423,0.39233576642335766
66,长方形周长公式,Rectangle Perimeter Formula,Knowledge Points,5.0,0.1570621468926553,0.1953983645372013,0,0.11800486618004868,0.8819951338199513
67,三角形,Triangles,Extended Thinking,6.0,0.161831224014255,4.999999999876257,6,0.49330900243309006,0.5066909975669099
68,逻辑绘图,Logic Drawing,Extended Thinking,4.0,0.0401358069601067,0.2528726775403404,4,0.7037712895377128,0.2962287104622871
69,数的周期,Number Cycles,Extended Thinking,5.0,0.2149193933034436,4.99999999999895,0,0.11800486618004868,0.8819951338199513
70,直接运用公式求单价,Using Formula to Find Unit Price,Knowledge Points,4.0,0.0186046511627906,0.23385995822451824,4,0.7037712895377128,0.2962287104622871
71,复式条形统计图,Compound Bar Charts,Knowledge Points,4.0,0.2213341530894559,0.23385995822451824,9,0.6076642335766423,0.39233576642335766
72,数据的简单分析,Simple Data Analysis,In-Class Knowledge Points,3.0,0.1498731842287295,4.999999999999048,3,0.8874695863746959,0.11253041362530414
73,运算求解,Computational Thinking,7 Core Abilities,2.0,0.1648738004999596,4.999999999999968,3,0.8874695863746959,0.11253041362530414
74,单一对象条形图,Single-Object Bar Chart,Extended Thinking,5.0,0.4322666224506715,0.23385995822451824,2,0.7804136253041363,0.21958637469586376
75,多个对象条形图,Multi-Object Bar Chart,Extended Thinking,5.0,0.0626702997275204,0.23385995822451824,5,0.33333333333333337,0.6666666666666666
76,条形统计图,Bar Charts,Knowledge Points,4.0,0.1365385485988501,0.0686902879720383,4,0.7037712895377128,0.2962287104622871
77,简单统计表,Simple Statistical Tables,Extended Thinking,5.0,0.1869203104296801,0.0001426722616282,0,0.11800486618004868,0.8819951338199513
78,二量容斥,Two-Quantity Inclusion-Exclusion,Extended Thinking,4.0,0.1871323035594358,0.0339038502692462,9,0.6076642335766423,0.39233576642335766
79,灵活分组,Flexible Grouping,Extended Thinking,5.0,0.2022792022792023,0.3248745291340807,0,0.11800486618004868,0.8819951338199513
80,用分组法解决基础鸡兔同笼,Grouping Method for Basic Chicken-Rabbit,Knowledge Points,4.0,0.1524617996604414,4.999999999999998,9,0.6076642335766423,0.39233576642335766
81,原型题,Prototype Problems,Extended Thinking,6.0,0.1854571197411003,0.0890337599582763,6,0.49330900243309006,0.5066909975669099
82,三量容斥,Three-Quantity Inclusion-Exclusion,Extended Thinking,4.0,0.2421866492431667,0.120839938726829,9,0.6076642335766423,0.39233576642335766
83,数码综合问题,Comprehensive Digit Problems,Extended Thinking,4.0,0.3543722745008033,1.060062393806672,1,0.9324817518248175,0.06751824817518248
84,容斥原理,Inclusion-Exclusion Principle,Extended Thinking,3.0,0.1710821733273462,0.23385995822451824,3,0.8874695863746959,0.11253041362530414
85,页码问题,Page Number Problems,Extended Thinking,3.0,0.3381858902575588,0.115808189615862,8,0.9635036496350365,0.0364963503649635
86,页码数量,Page Number Count,Extended Thinking,5.0,0.2824204251490271,0.3631383824928329,0,0.11800486618004868,0.8819951338199513
87,平行四边形的概念,Concept of Parallelogram,Extended Thinking,6.0,0.2835675015271838,0.3428018120239716,6,0.49330900243309006,0.5066909975669099
88,平行四边形的面积公式,Area Formula of Parallelogram,Extended Thinking,6.0,0.1925984372216141,0.0717344819523553,6,0.49330900243309006,0.5066909975669099
89,利用面积求周长,Finding Perimeter from Area,In-Class Question Types,5.0,0.3041125541125541,0.4357669286522166,0,0.11800486618004868,0.8819951338199513
90,认识直角梯形,Understanding Right Trapezoids,Knowledge Points,6.0,0.4852941176470588,0.23385995822451824,2,0.7804136253041363,0.21958637469586376
91,两条对角线垂直的四边形的面积求法,Area of Quadrilateral with Perpendicular Diagonals,Extended Thinking,6.0,0.2376830002005481,0.0296448743242907,6,0.49330900243309006,0.5066909975669099
92,梯形的面积公式,Area Formula of Trapezoid,Extended Thinking,6.0,0.1722808781632311,2.5541539861967952,6,0.49330900243309006,0.5066909975669099
93,公式法求梯形面积,Formula for Trapezoid Area,In-Class Question Types,5.0,0.263686855329278,4.999999999999999,0,0.11800486618004868,0.8819951338199513
94,叠加覆盖,Overlay & Coverage,Extended Thinking,5.0,0.0590551181102362,0.23385995822451824,5,0.33333333333333337,0.6666666666666666
95,正求反求面积,Forward & Reverse Area Calculation,Knowledge Points,5.0,0.0355846042120551,0.23385995822451824,5,0.33333333333333337,0.6666666666666666
96,用公式直接求速度,Using Formula to Find Speed,Knowledge Points,4.0,0.110774818401937,4.999999770355116,4,0.7037712895377128,0.2962287104622871
97,平行四边形边角特点,Parallelogram Side-Angle Characteristics,In-Class Knowledge Points,5.0,0.0954516335682255,0.23385995822451824,5,0.33333333333333337,0.6666666666666666
98,梯形面积公式,Trapezoid Area Formula,Knowledge Points,4.0,0.21875,2.288747080347756e-16,9,0.6076642335766423,0.39233576642335766
99,同时出发,Same Start Time,Extended Thinking,6.0,0.2169977571291252,0.094172424522776,6,0.49330900243309006,0.5066909975669099
100,双人简单行程问题,Simple Two-Person Travel,Extended Thinking,5.0,0.2544353093898745,4.999999999999985,0,0.11800486618004868,0.8819951338199513
101,不同时出发相向而行,"Different Start Times, Opposite Directions",Extended Thinking,6.0,0.2900338655055636,0.0203484646482467,6,0.49330900243309006,0.5066909975669099
102,实践应用,Practical Application,7 Core Abilities,2.0,0.1834816482613201,0.0192424254695672,3,0.8874695863746959,0.11253041362530414
103,逻辑分析,Logical Analysis,7 Core Abilities,2.0,0.2429768358797437,4.999999999999999,3,0.8874695863746959,0.11253041362530414
104,同时出发相向而行,"Same Start Time, Opposite Directions",Extended Thinking,6.0,0.180595423603707,4.999999999280563,6,0.49330900243309006,0.5066909975669099
105,用公式直接求路程,Using Formula to Find Distance,Knowledge Points,4.0,0.2767923133776792,0.1277613003885452,9,0.6076642335766423,0.39233576642335766
106,奇数与偶数的加减规律,Addition/Subtraction Rules of Odd & Even Numbers,Extended Thinking,4.0,0.0915954327073064,0.0897326045965826,4,0.7037712895377128,0.2962287104622871
107,不同时出发,Different Start Times,Extended Thinking,6.0,0.2670482827277252,0.0429206134868386,6,0.49330900243309006,0.5066909975669099
108,奇数与偶数的应用,Applications of Odd & Even Numbers,Extended Thinking,4.0,0.1805354282663412,0.0741352674880822,9,0.6076642335766423,0.39233576642335766
109,奇数与偶数的混合计算,Mixed Calculations with Odd & Even Numbers,Extended Thinking,4.0,0.2045606787987049,0.0424203771634267,9,0.6076642335766423,0.39233576642335766
110,和与积的奇偶性,Parity of Sums & Products,In-Class Knowledge Points,5.0,0.1370023419203747,0.23385995822451824,5,0.33333333333333337,0.6666666666666666
111,利用奇偶规律构造数,Constructing Numbers Using Parity Rules,Extended Thinking,4.0,0.172680412371134,0.23385995822451824,9,0.6076642335766423,0.39233576642335766
112,乘法竖式谜,Multiplication Vertical Puzzles,Extended Thinking,5.0,0.2378522988863311,0.0493519373739393,0,0.11800486618004868,0.8819951338199513
113,尾数系整除特征,Last Digit-Based Divisibility Rules,Extended Thinking,5.0,0.0775109170305676,0.23385995822451824,5,0.33333333333333337,0.6666666666666666
114,整除初识,Introduction to Divisibility,Extended Thinking,5.0,0.2482987814527615,0.0798214245332428,0,0.11800486618004868,0.8819951338199513
115,3的倍数特征,Divisibility by 3,Knowledge Points,5.0,0.2632501095050372,0.067225201137881,0,0.11800486618004868,0.8819951338199513
116,和系整除特征应用,Sum-Based Divisibility Applications,Extended Thinking,5.0,0.3315447613668455,2.697622394273056,0,0.11800486618004868,0.8819951338199513
117,奇数与偶数的认识,Understanding Odd & Even Numbers,Extended Thinking,4.0,0.2022003034901365,4.999999999999999,9,0.6076642335766423,0.39233576642335766
118,除法竖式谜,Division Vertical Puzzles,Extended Thinking,5.0,0.2996772706316274,0.544196358893041,0,0.11800486618004868,0.8819951338199513
119,表外乘法计算,Beyond-Multiplication-Table Calculations,Extended Thinking,6.0,0.1843978742605033,0.149196470634667,6,0.49330900243309006,0.5066909975669099
120,加法横式,Horizontal Addition,Extended Thinking,6.0,0.2101449275362318,0.3362565499269673,6,0.49330900243309006,0.5066909975669099
121,特殊乘积,Special Products,Extended Thinking,6.0,0.171790829063198,0.2485669357367319,6,0.49330900243309006,0.5066909975669099
122,整数加减巧算之位值原理,Place Value Principle in Integer Addition/Subtraction,Extended Thinking,5.0,0.1758544652701212,4.999999991573201,0,0.11800486618004868,0.8819951338199513
123,连续自然数长方形数表之已知位置求数,Consecutive Natural Number Rectangular Table: Position to Number,Extended Thinking,6.0,0.2581164475449423,4.999999999994468,6,0.49330900243309006,0.5066909975669099
124,连续自然数长方形数表之已知数求位置,Consecutive Natural Number Rectangular Table: Number to Position,Extended Thinking,6.0,0.2737194592583405,0.8719444916930504,6,0.49330900243309006,0.5066909975669099
125,数列与数表,Sequences & Number Tables,Extended Thinking,3.0,0.4170818505338078,0.5054006583644843,8,0.9635036496350365,0.0364963503649635
126,烙饼问题,Pancake Frying Problems,Extended Thinking,6.0,0.5393586005830904,0.23385995822451824,2,0.7804136253041363,0.21958637469586376
127,时间总和问题,Total Time Problems,Extended Thinking,6.0,0.2603746526844134,0.0799054722015087,6,0.49330900243309006,0.5066909975669099
128,调运中的统筹,Logistics Coordination,Extended Thinking,5.0,0.3512739333634856,0.1075106183613266,0,0.11800486618004868,0.8819951338199513
129,路程=速度×时间,Distance = Speed × Time,In-Class Knowledge Points,4.0,0.1619179986101459,1.4961015082784706e-05,9,0.6076642335766423,0.39233576642335766
130,追及与相遇结合,Pursuit & Encounter Combined,Extended Thinking,5.0,0.2887021809081158,0.117212015285121,0,0.11800486618004868,0.8819951338199513
131,整数简易方程,Integer Simple Equations,Knowledge Points,5.0,0.1622921765549835,0.576938270795696,0,0.11800486618004868,0.8819951338199513
132,年龄问题之差倍型,Difference-Multiple Age Problems,Extended Thinking,4.0,0.2642766497461929,0.1937751845924026,9,0.6076642335766423,0.39233576642335766
133,代数式,Algebraic Expressions,Extended Thinking,5.0,0.2226062910473557,0.1871651060664612,0,0.11800486618004868,0.8819951338199513
134,一元一次方程解应用题,Linear Equations in One Variable,Extended Thinking,4.0,0.2567595247849242,0.0924941648238228,9,0.6076642335766423,0.39233576642335766
135,整数系数方程,Integer Coefficient Equations,Extended Thinking,5.0,0.2053845210352017,0.0082171495922831,0,0.11800486618004868,0.8819951338199513
136,相遇问题求路程和,Encounter Problems: Finding Sum of Distances,Knowledge Points,4.0,0.2813953488372093,0.23385995822451824,9,0.6076642335766423,0.39233576642335766
137,列方程解应用题,Equation-based Word Problems,Extended Thinking,3.0,0.1291649526943644,0.2249139724725786,3,0.8874695863746959,0.11253041362530414
138,最短路线,Shortest Routes,Extended Thinking,5.0,0.2206870342974253,4.999999999999357,0,0.11800486618004868,0.8819951338199513
139,正方形周长,Square Perimeter,Extended Thinking,6.0,0.1614944875459371,0.0600872820493751,6,0.49330900243309006,0.5066909975669099
140,巧求周长,Clever Perimeter Finding,Extended Thinking,5.0,0.2273071868998281,0.730586382223548,0,0.11800486618004868,0.8819951338199513
141,不规则多边形的周长,Perimeter of Irregular Polygons,Extended Thinking,6.0,0.2818477818477818,0.23385995822451824,6,0.49330900243309006,0.5066909975669099
143,用枚举法找出最值,Finding Max/Min via Enumeration,Knowledge Points,4.0,0.0307333615938957,0.23385995822451824,4,0.7037712895377128,0.2962287104622871
144,卡片组数,Card Number Formation,Extended Thinking,6.0,0.3063437373327928,4.9999999999999005,6,0.49330900243309006,0.5066909975669099
145,图文加法竖式数字谜,Pictorial Addition Vertical Puzzles,Extended Thinking,5.0,0.3180575993273071,0.0830184148290938,0,0.11800486618004868,0.8819951338199513
146,乘法竖式,Multiplication Column,Extended Thinking,6.0,0.2172047205695894,0.0734291249460375,6,0.49330900243309006,0.5066909975669099
147,先归一再归总,"First Normalize, Then Generalize",Extended Thinking,4.0,0.2138697723663314,0.0732975831945762,9,0.6076642335766423,0.39233576642335766
148,直接求平均数,Direct Average Calculation,Extended Thinking,5.0,0.1955323469683783,4.999999999999999,0,0.11800486618004868,0.8819951338199513
149,综合题普通型,General Comprehensive Problems,Extended Thinking,5.0,0.2665619645916619,1.3840981851428966,0,0.11800486618004868,0.8819951338199513
150,加权平均数,Weighted Average,Extended Thinking,5.0,0.3908636897767332,0.2380646550731195,2,0.7804136253041363,0.21958637469586376
151,平均数问题,Average Problems,Extended Thinking,3.0,0.4310915104740904,0.23385995822451824,8,0.9635036496350365,0.0364963503649635
152,分数加减,Fraction Addition/Subtraction,Extended Thinking,5.0,0.2390327081072702,0.2659056426522051,0,0.11800486618004868,0.8819951338199513
153,分数的性质,Properties of Fractions,Extended Thinking,5.0,0.3641691084135621,0.3555932231089589,0,0.11800486618004868,0.8819951338199513
154,分数的意义,Meaning of Fractions,Extended Thinking,5.0,0.1728517782195714,4.999999999980105,0,0.11800486618004868,0.8819951338199513
155,树形图,Tree Diagrams,Extended Thinking,4.0,0.2702955082742316,0.0438452538177329,9,0.6076642335766423,0.39233576642335766
156,图文周期,Pictorial Periods,Extended Thinking,4.0,0.2513240250361098,1.4017719236183751e-05,9,0.6076642335766423,0.39233576642335766
157,环形操作周期问题,Cyclic Operation Periods,Extended Thinking,4.0,0.2678578918669519,0.0757000420234769,9,0.6076642335766423,0.39233576642335766
158,圆周中的周期,Circular Periods,Extended Thinking,4.0,0.2671863926293409,0.23385995822451824,9,0.6076642335766423,0.39233576642335766
159,数列找规律填数,Finding Missing Numbers in Sequences,Extended Thinking,5.0,0.0943965517241379,0.23385995822451824,5,0.33333333333333337,0.6666666666666666
160,奇数与偶数的乘法规律,Multiplication Rules of Odd & Even Numbers,Extended Thinking,4.0,0.1332882926358459,0.0001330036526057,4,0.7037712895377128,0.2962287104622871
161,整数乘法巧算之分配律,Distributive Law in Integer Multiplication,Extended Thinking,5.0,0.3537805133944184,0.2078593280668106,0,0.11800486618004868,0.8819951338199513
162,整数除法巧算之类分配律,Distributive Law in Integer Division,Extended Thinking,5.0,0.2413299525601177,4.999999999991205,0,0.11800486618004868,0.8819951338199513
163,商不变性质,Quotient Invariance Property,In-Class Knowledge Points,5.0,0.4466340848179095,0.4403399239826929,2,0.7804136253041363,0.21958637469586376
164,整数乘除法巧算,Integer Multiplication/Division Tricks,Extended Thinking,5.0,0.1621564704643571,0.1060419328200839,0,0.11800486618004868,0.8819951338199513
165,公式法求长方形正方形面积,Formula for Rectangle/Square Area,In-Class Question Types,5.0,0.1927120776419842,0.2335961767854497,0,0.11800486618004868,0.8819951338199513
166,两量和倍,Sum of Two Quantities with Multiples,Extended Thinking,6.0,0.206418767446233,0.0179883578365974,6,0.49330900243309006,0.5066909975669099
167,两量倍,Two-Quantity Multiples,Extended Thinking,5.0,0.2052173913043478,0.2064307378931942,0,0.11800486618004868,0.8819951338199513
168,多量和倍,Sum of Multiple Quantities with Multiples,Extended Thinking,6.0,0.2195135208588123,1.0449024970155785,6,0.49330900243309006,0.5066909975669099
169,除法的实际应用,Practical Division Applications,Knowledge Points,5.0,0.2188290215911301,0.1260162239023592,0,0.11800486618004868,0.8819951338199513
170,已知两量之间倍数关系和两量之和，求两个量,Given Multiple Relationship and Sum of Two Quantities,Knowledge Points,4.0,0.2410207374648897,1.0374768319037917,9,0.6076642335766423,0.39233576642335766
171,已知两量之间倍数关系和一份量，求多份量,"Given Multiple Relationship and One-Unit Quantity, Find Multiple-Unit Quantity",Knowledge Points,4.0,0.2562893081761006,0.23385995822451824,9,0.6076642335766423,0.39233576642335766
172,非整数倍差倍剩余,Non-integer Multiple Difference with Remainder,Extended Thinking,6.0,0.2895292282279526,2.2385686286024654e-20,6,0.49330900243309006,0.5066909975669099
173,非整数倍差倍不足,Non-integer Multiple Difference with Shortage,Extended Thinking,6.0,0.2951502904773933,0.226239896030443,6,0.49330900243309006,0.5066909975669099
174,多量差倍,Multi-Quantity Difference-Multiple,Extended Thinking,5.0,0.1849928168858437,0.1864321016883579,0,0.11800486618004868,0.8819951338199513
175,和差倍问题,"Sum, Difference, Multiple Problems",Extended Thinking,3.0,0.1537739783152627,0.1077757156336162,3,0.8874695863746959,0.11253041362530414
176,变化的比多少应用题,Changing Comparison Problems,Extended Thinking,4.0,0.3263414250923089,0.0538969948574874,1,0.9324817518248175,0.06751824817518248
177,已知两量之间倍数关系和两量之差，求两个量,Given Multiple Relationship and Difference of Two Quantities,Knowledge Points,4.0,0.1953535063817582,0.0010570655719414,9,0.6076642335766423,0.39233576642335766
178,减法的实际应用,Practical Subtraction Applications,In-Class Knowledge Points,5.0,0.2243075525957318,0.23385995822451824,0,0.11800486618004868,0.8819951338199513
179,整数差倍,Integer Difference-Multiple,Extended Thinking,6.0,0.2326423328704622,0.023259201227514,6,0.49330900243309006,0.5066909975669099
180,暗差型二量差倍问题,Hidden Difference Multiple,Extended Thinking,6.0,0.2162778379125308,0.09646840802511,6,0.49330900243309006,0.5066909975669099
181,区分大月和小月,Distinguishing Large and Small Months,Knowledge Points,5.0,0.3894414690130069,0.23385995822451824,2,0.7804136253041363,0.21958637469586376
182,计算星期几,Calculating Day of Week,Knowledge Points,5.0,0.2603272685661975,0.0897688168045525,0,0.11800486618004868,0.8819951338199513
183,奇数阶幻方填法,Odd-Order Magic Square Construction,Extended Thinking,5.0,0.2127154310973172,0.0644386467678349,0,0.11800486618004868,0.8819951338199513
184,长方形数表中日期周期,Date Periods in Rectangular Number Tables,Knowledge Points,4.0,0.2262262262262262,0.23385995822451824,9,0.6076642335766423,0.39233576642335766
185,变形幻方,Deformed Magic Squares,Extended Thinking,4.0,0.2222448563862293,0.23385995822451824,9,0.6076642335766423,0.39233576642335766
186,从统计图表中获取信息,Extracting Information from Statistical Charts,Knowledge Points,4.0,0.2690148034711587,0.23385995822451824,9,0.6076642335766423,0.39233576642335766
187,一笔画判断,One-Stroke Drawing Judgment,Extended Thinking,5.0,0.1785767345119596,4.99999999999996,0,0.11800486618004868,0.8819951338199513
188,一笔画的应用,Applications of One-Stroke Drawing,Extended Thinking,5.0,0.1871947158081705,4.999977278427616,0,0.11800486618004868,0.8819951338199513
190,标准六宫,6x6 Standard Sudoku,Extended Thinking,6.0,0.2048153034300791,0.2846503189629024,6,0.49330900243309006,0.5066909975669099
191,认识直角、锐角和钝角,"Understanding Right, Acute & Obtuse Angles",Knowledge Points,5.0,0.0587573165240882,0.23385995822451824,5,0.33333333333333337,0.6666666666666666
192,角的认知,Understanding Angles,Extended Thinking,6.0,0.071036092655773,0.0716305467177923,10,0.8381995133819952,0.16180048661800486
193,多位小数的写法,Writing Multi-Digit Decimals,Knowledge Points,7.0,0.0872992700729927,0.3408737537581048,10,0.8381995133819952,0.16180048661800486
194,多位小数比较大小,Multi-Digit Decimal Comparison,Knowledge Points,5.0,0.1855022831050228,1.0558947372924825,0,0.11800486618004868,0.8819951338199513
195,小数加减竖式计算,Column Addition/Subtraction of Decimals,Extended Thinking,5.0,0.0364689309751134,0.23385995822451824,5,0.33333333333333337,0.6666666666666666
196,小数比大小,Comparing Decimals,Extended Thinking,5.0,0.1924967234600262,2.9368935728394123e-05,0,0.11800486618004868,0.8819951338199513
198,角度的计算,Angle Calculation,Extended Thinking,6.0,0.159701534092491,0.5501580097524104,6,0.49330900243309006,0.5066909975669099
199,利用特殊角的求角度,Finding Angles Using Special Angles,In-Class Question Types,5.0,0.1540953730889946,4.999999999999975,0,0.11800486618004868,0.8819951338199513
200,年龄问题基本关系和差问题,Basic Age Sum-Difference Problems,Extended Thinking,5.0,0.1523206056616194,0.7082630074408791,0,0.11800486618004868,0.8819951338199513
201,分类枚举法数图形,Classified Enumeration for Shape Counting,Extended Thinking,4.0,0.2022304832713754,0.23385995822451824,9,0.6076642335766423,0.39233576642335766
202,年龄和,Sum of Ages,Extended Thinking,5.0,0.1415519833468254,0.3192888452978529,5,0.33333333333333337,0.6666666666666666
203,年龄问题之和倍型,Sum-Multiple Age Problems,Extended Thinking,4.0,0.2096366083445491,1.505578912130361,9,0.6076642335766423,0.39233576642335766
204,四则混合运算,Four Operations with Mixed Operations,Extended Thinking,4.0,0.1322477950002609,1.058490787997379,4,0.7037712895377128,0.2962287104622871
205,添去括号,Adding/Removing Parentheses,Extended Thinking,6.0,0.1403685351502013,0.2812072757655761,6,0.49330900243309006,0.5066909975669099
206,必填符号型,Mandatory Symbol Type,Extended Thinking,6.0,0.1686946504427964,0.0238921688155354,6,0.49330900243309006,0.5066909975669099
207,24点游戏,24-Point Game,Extended Thinking,5.0,0.1487819214943504,4.999999999999999,5,0.33333333333333337,0.6666666666666666
208,盈亏基本类型盈亏问题,Basic Surplus/Deficit Problems,Extended Thinking,5.0,0.2127058296842429,0.0773397566681364,0,0.11800486618004868,0.8819951338199513
209,特殊点或区域,Special Points/Regions,Extended Thinking,4.0,0.2726072094468614,0.161979813915346,9,0.6076642335766423,0.39233576642335766
210,盈亏问题,Surplus & Deficit Problems,Extended Thinking,3.0,0.2043687523139578,4.050807259915856e-05,3,0.8874695863746959,0.11253041362530414
211,恰好分完,Just Enough,Extended Thinking,5.0,0.1247533126585847,0.23385995822451824,5,0.33333333333333337,0.6666666666666666
212,亏亏问题,Deficit-Deficit Problems,Extended Thinking,5.0,0.2458239688999574,0.1868134690769195,0,0.11800486618004868,0.8819951338199513
215,给定个数分东西,Distributing a Given Number of Items,In-Class Question Types,5.0,0.1133706151499745,0.23385995822451824,5,0.33333333333333337,0.6666666666666666
217,拆数数字可重复,Number Partitioning with Digit Repetition Allowed,In-Class Question Types,5.0,0.3195001542733724,0.23385995822451824,0,0.11800486618004868,0.8819951338199513
218,排列数,Number of Permutations,Knowledge Points,4.0,0.3407704654895666,0.23385995822451824,1,0.9324817518248175,0.06751824817518248
219,无限制,Unrestricted,Extended Thinking,6.0,0.3278397565922921,0.23385995822451824,6,0.49330900243309006,0.5066909975669099
220,加减法凑整综合,Comprehensive Addition/Subtraction Rounding,Extended Thinking,6.0,0.1441658423293621,0.0699756204136675,6,0.49330900243309006,0.5066909975669099
221,明和明差,"Known Sum, Known Difference",Extended Thinking,6.0,0.2565123421681265,0.2855315523878171,6,0.49330900243309006,0.5066909975669099
222,排队问题,Queue Problems,Extended Thinking,4.0,0.1607378586813034,0.0432171202470039,9,0.6076642335766423,0.39233576642335766
223,加法原理里的其他类型,Other Types in Addition Principle,Extended Thinking,5.0,0.0869486948694869,4.999999999999504,5,0.33333333333333337,0.6666666666666666
224,简单的列方程解应用题,Simple Equation-Based Word Problems,In-Class Knowledge Points,4.0,0.1166540212443095,0.23385995822451824,4,0.7037712895377128,0.2962287104622871
225,平行四边形面积公式,Parallelogram Area Formula,Knowledge Points,5.0,0.2417139014314535,0.2424252824377666,0,0.11800486618004868,0.8819951338199513
226,认识平行四边形的底、高,Understanding Base & Height of Parallelogram,Knowledge Points,5.0,0.14493249017262,0.23385995822451824,5,0.33333333333333337,0.6666666666666666
227,公式法求平行四边形面积,Formula for Parallelogram Area,In-Class Question Types,5.0,0.100006158014656,4.999999999999999,5,0.33333333333333337,0.6666666666666666
228,上升数（下降数）,Ascending/Descending Numbers,Extended Thinking,6.0,0.357031493607733,4.9999999999997335,2,0.7804136253041363,0.21958637469586376
229,火柴棒摆数,Matchstick Numbers,Extended Thinking,6.0,0.4287357974974831,0.1836094688592548,2,0.7804136253041363,0.21958637469586376
230,火柴棒摆算式,Matchstick Equations,Extended Thinking,6.0,0.2745415318230852,0.5306517379938844,6,0.49330900243309006,0.5066909975669099
231,减法竖式谜,Subtraction Vertical Puzzles,Extended Thinking,5.0,0.2281632920516348,0.2198440388428373,0,0.11800486618004868,0.8819951338199513
232,加法竖式谜,Addition Vertical Puzzles,Extended Thinking,5.0,0.2846038037299905,0.8485468661006926,0,0.11800486618004868,0.8819951338199513
233,乘法交换律,Commutative Law of Multiplication,In-Class Knowledge Points,5.0,0.1390460792239288,0.2501124409689933,5,0.33333333333333337,0.6666666666666666
234,整数乘法运算,Integer Multiplication Operations,Extended Thinking,5.0,0.1608034624348019,0.4212608244167296,0,0.11800486618004868,0.8819951338199513
235,乘法结合律,Associative Law of Multiplication,In-Class Knowledge Points,5.0,0.1456700261291526,0.8222542299199708,5,0.33333333333333337,0.6666666666666666
236,整数四则混合运算,Integer Four Operations,Knowledge Points,4.0,0.2566397228637413,4.9999999996858335,9,0.6076642335766423,0.39233576642335766
237,拆数法构造分配律,Constructing Distributive Law via Decomposition,Extended Thinking,6.0,0.2121519629606139,0.2622103907264312,6,0.49330900243309006,0.5066909975669099
239,年龄差,Age Difference,Extended Thinking,5.0,0.1543665436654366,1.0796905827684171,0,0.11800486618004868,0.8819951338199513
240,年龄轴,Age Axis,Extended Thinking,5.0,0.2255776246453182,0.2059471288301224,0,0.11800486618004868,0.8819951338199513
241,长方形,Rectangles,Extended Thinking,6.0,0.2176237913858775,0.022847754623318,6,0.49330900243309006,0.5066909975669099
242,综合型转化,Comprehensive Transformation,Extended Thinking,5.0,0.3145707599458061,0.1732190354057085,0,0.11800486618004868,0.8819951338199513
244,乘法原理,Multiplication Principle,Extended Thinking,4.0,0.1587952488687782,0.3094026367345642,9,0.6076642335766423,0.39233576642335766
245,排列的基本应用,Basic Permutation Applications,Extended Thinking,5.0,0.2680652680652681,0.23385995822451824,0,0.11800486618004868,0.8819951338199513
246,排列综合,Comprehensive Permutations,Extended Thinking,5.0,0.2222222222222222,0.464216342075476,0,0.11800486618004868,0.8819951338199513
247,规则剪拼规则图形（无格）,Regular Cutting/Pasting,Extended Thinking,6.0,0.2078229948636902,0.23385995822451824,6,0.49330900243309006,0.5066909975669099
248,整数乘除混合运算,Mixed Integer Multiplication/Division,Extended Thinking,5.0,0.1325321597833446,0.3994926991259601,5,0.33333333333333337,0.6666666666666666
249,普通型,General Type,Extended Thinking,5.0,0.2193502824858757,0.1683523494628656,0,0.11800486618004868,0.8819951338199513
250,找规律型定义新运算,Pattern-Based New Operations,Extended Thinking,5.0,0.1665194346289752,4.9999999999932685,0,0.11800486618004868,0.8819951338199513
251,高斯记号的基本运算,Basic Gauss Notation Operations,Extended Thinking,4.0,0.1685148945422918,0.23385995822451824,9,0.6076642335766423,0.39233576642335766
252,等差数列求项数,Finding the Number of Terms,Extended Thinking,5.0,0.2214592274678111,0.072606672988992,0,0.11800486618004868,0.8819951338199513
253,等差数列实际应用,Arithmetic Sequence Applications,Extended Thinking,3.0,0.1960733992044142,4.999999999714478,3,0.8874695863746959,0.11253041362530414
254,图形规律,Pattern Recognition,Extended Thinking,3.0,0.1485943775100401,0.23385995822451824,3,0.8874695863746959,0.11253041362530414
255,等差数列,Arithmetic Sequences,Extended Thinking,4.0,0.0543245175125089,0.23385995822451824,4,0.7037712895377128,0.2962287104622871
256,其他染色,Other Coloring,Extended Thinking,4.0,0.0005196154845414,0.23385995822451824,4,0.7037712895377128,0.2962287104622871
257,实心方阵基本问题,Basic Solid Array Problems,Extended Thinking,5.0,0.2241479248782749,2.300751048186206,0,0.11800486618004868,0.8819951338199513
258,实心方阵的增减,Solid Array Increase/Decrease,Extended Thinking,5.0,0.2557539932084015,4.9999999994492255,0,0.11800486618004868,0.8819951338199513
259,方阵问题,Array Problems,Extended Thinking,3.0,0.3454712362301101,0.23385995822451824,8,0.9635036496350365,0.0364963503649635
260,空心方阵基本问题,Basic Hollow Array Problems,Extended Thinking,5.0,0.2135816872510761,0.0118014938846716,0,0.11800486618004868,0.8819951338199513
261,空心方阵的增减,Hollow Array Increase/Decrease,Extended Thinking,5.0,0.2593805836807623,0.0186985889474293,0,0.11800486618004868,0.8819951338199513
262,淘汰赛,Knockout Tournament,Extended Thinking,5.0,0.1343428880475932,4.999999999999951,5,0.33333333333333337,0.6666666666666666
263,单循环赛,Round-Robin Tournament,Extended Thinking,5.0,0.1710582055409641,0.2222045369255548,0,0.11800486618004868,0.8819951338199513
264,2-1-0 积分制,2-1-0 Scoring System,Extended Thinking,5.0,0.2279534109816971,0.1195822456405404,0,0.11800486618004868,0.8819951338199513
265,多量和差问题,Multi-Quantity Sum-Difference,Extended Thinking,5.0,0.123885436368549,6.855006520278922e-22,5,0.33333333333333337,0.6666666666666666
266,除法中四量关系,Four-Quantity Division Relationships,Extended Thinking,5.0,0.1583056802654694,0.2586187255435165,0,0.11800486618004868,0.8819951338199513
267,和倍问题,Sum-Multiple Problems,Extended Thinking,4.0,0.3073364177131527,0.23385995822451824,9,0.6076642335766423,0.39233576642335766
268,知少求多,Knowing Less to Find More,Extended Thinking,5.0,0.1229153798641136,0.23385995822451824,5,0.33333333333333337,0.6666666666666666
269,整数系数二元一次方程组解应用题,Integer Coefficient Systems of Two Linear Equations,Extended Thinking,5.0,0.154015401540154,0.23385995822451824,0,0.11800486618004868,0.8819951338199513
270,抄错数得出结果，求正确的,Finding Correct Result from Copied Error,Knowledge Points,4.0,0.3690443404020931,2.9571213834502166e-17,1,0.9324817518248175,0.06751824817518248
271,时间中的周期问题,Time-based Periods,Extended Thinking,4.0,0.1316763005780346,0.1742834186109826,4,0.7037712895377128,0.2962287104622871
272,归总问题,Generalization Problems,Extended Thinking,4.0,0.1866505110104309,0.065794029631356,9,0.6076642335766423,0.39233576642335766
273,隐藏条件,Hidden Conditions,Extended Thinking,4.0,0.1057441253263707,0.23385995822451824,4,0.7037712895377128,0.2962287104622871
274,腿倍型,Leg Multiple Type,Extended Thinking,5.0,0.1790722761596548,0.23385995822451824,0,0.11800486618004868,0.8819951338199513
275,用分组法解决变形鸡兔同笼,Grouping Method for Variant Chicken-Rabbit,Knowledge Points,4.0,0.1824267782426778,0.23385995822451824,9,0.6076642335766423,0.39233576642335766
276,头倍型,Head Multiple Type,Extended Thinking,5.0,0.2128953771289537,0.5793666797573647,0,0.11800486618004868,0.8819951338199513
277,公式法,Formula Method,Extended Thinking,6.0,0.1581448941379807,0.3415520123939713,6,0.49330900243309006,0.5066909975669099
278,公式法求相遇时间,Formula for Finding Encounter Time,In-Class Question Types,5.0,0.0424671385237613,0.23385995822451824,5,0.33333333333333337,0.6666666666666666
279,单人变速问题,Single-Person Speed Change,Extended Thinking,5.0,0.1638997887111379,4.999999839449352,0,0.11800486618004868,0.8819951338199513
280,同时同地出发折返相遇,"Same Start Point, Round-Trip Encounter",Extended Thinking,6.0,0.1597498578737919,0.0199950353327279,6,0.49330900243309006,0.5066909975669099
281,任意四边形的一半模型,Half Model of Arbitrary Quadrilateral,Extended Thinking,6.0,0.1242603550295858,0.23385995822451824,10,0.8381995133819952,0.16180048661800486
282,两人相遇与追及问题,Two-Person Encounters & Pursuits,Extended Thinking,4.0,0.1314911862791805,0.0949729797464591,4,0.7037712895377128,0.2962287104622871
283,和系整除特征,Sum-Based Divisibility Rules,Extended Thinking,5.0,0.2232895510684179,0.2473355986970346,0,0.11800486618004868,0.8819951338199513
284,多位数的加减运算,Addition/Subtraction of Multi-Digit Numbers,Extended Thinking,5.0,0.2076882007474639,3.875455901458202e-05,0,0.11800486618004868,0.8819951338199513
285,多位数的乘法运算,Multiplication of Multi-Digit Numbers,Extended Thinking,5.0,0.1756097560975609,4.999999999991589,0,0.11800486618004868,0.8819951338199513
286,整数拆数法构造分配律,Integer Decomposition for Distributive Law,Extended Thinking,6.0,0.1208791208791208,0.23385995822451824,10,0.8381995133819952,0.16180048661800486
287,整数拆补凑整,Integer Decomposition/Rounding,Extended Thinking,6.0,0.2460170433493886,5.975566721900972e-17,6,0.49330900243309006,0.5066909975669099
288,位置关系,Position Relationships,Extended Thinking,6.0,0.150122249388753,0.1970190255433087,6,0.49330900243309006,0.5066909975669099
289,翻杯子问题,Cup Flipping,Extended Thinking,5.0,0.2105263157894736,0.879576450051445,0,0.11800486618004868,0.8819951338199513
290,简单时间统筹问题,Simple Time Coordination,Extended Thinking,5.0,0.0802845528455284,0.23385995822451824,5,0.33333333333333337,0.6666666666666666
291,各点不等价,Unequal Points,Extended Thinking,6.0,0.3864920390344119,0.2518203972403416,2,0.7804136253041363,0.21958637469586376
292,火车过人,Train Passing Person,Extended Thinking,5.0,0.2204433497536946,0.23385995822451824,0,0.11800486618004868,0.8819951338199513
293,多人相遇追及问题,Multi-Person Pursuit & Encounter,Extended Thinking,5.0,0.2503858024691358,0.23385995822451824,0,0.11800486618004868,0.8819951338199513
294,物品代换,Object Substitution,Extended Thinking,5.0,0.395930103959301,0.1093216858553647,2,0.7804136253041363,0.21958637469586376
295,已知两量之间几倍多（少）几和多份量，求一份量,"Given n Times More/Less and Multiple-Unit Quantity, Find One-Unit Quantity",In-Class Question Types,5.0,0.0548314606741573,0.23385995822451824,5,0.33333333333333337,0.6666666666666666
296,已知两量之间几倍多（少）几与一份量，求多份量,"Given n Times More/Less and One-Unit Quantity, Find Multiple-Unit Quantity",In-Class Question Types,5.0,0.3631561571475734,0.23385995822451824,0,0.11800486618004868,0.8819951338199513
297,方程基础,Equation Basics,Extended Thinking,3.0,0.1414956011730205,0.23385995822451824,3,0.8874695863746959,0.11253041362530414
298,以盈亏问题形式运用方程解应用题,Surplus/Deficit Problems Solved with Equations,Knowledge Points,4.0,0.4,0.23385995822451824,1,0.9324817518248175,0.06751824817518248
299,阶梯型标数法,Staircase Labeling Method,Extended Thinking,4.0,0.26232741617357,0.23385995822451824,9,0.6076642335766423,0.39233576642335766
300,枚举所有可能的路线,Enumerating All Possible Routes,Knowledge Points,4.0,0.1247507201418125,0.23385995822451824,4,0.7037712895377128,0.2962287104622871
301,有序枚举,Ordered Enumeration,Extended Thinking,5.0,0.0797333151915096,4.999999999560985,5,0.33333333333333337,0.6666666666666666
302,五宫肯肯数独,5x5 KenKen,Extended Thinking,6.0,0.1986885245901639,0.23385995822451824,6,0.49330900243309006,0.5066909975669099
303,排列组合,Permutations & Combinations,Extended Thinking,3.0,0.4212653943781141,0.734561250782128,8,0.9635036496350365,0.0364963503649635
304,传球型递推,Pass-the-Ball Recursion,Extended Thinking,5.0,0.2255489021956087,0.23385995822451824,0,0.11800486618004868,0.8819951338199513
305,容斥求平均数,Average via Inclusion-Exclusion,Extended Thinking,5.0,0.2719935431799838,0.23385995822451824,0,0.11800486618004868,0.8819951338199513
307,周期问题,Periodic Problems,Extended Thinking,3.0,0.1985608275241736,4.999999999999948,3,0.8874695863746959,0.11253041362530414
308,除法应用,Division Applications,Extended Thinking,5.0,0.1168539325842696,0.1250266708378526,5,0.33333333333333337,0.6666666666666666
309,单人工作运用公式求效率,Single-Person Work: Using Formula to Find Efficiency,Knowledge Points,4.0,0.1333333333333333,0.23385995822451824,4,0.7037712895377128,0.2962287104622871
310,锯木头类型问题,Sawing Wood Problems,Extended Thinking,5.0,0.2512896094325718,0.1521850729731693,0,0.11800486618004868,0.8819951338199513
312,给几个数字通过枚举求出组成几位数的个数,"Given Digits, Enumerate Number of Formed Numbers",Knowledge Points,4.0,0.255878284923928,0.23385995822451824,9,0.6076642335766423,0.39233576642335766
313,一般组数问题,General Number Formation,Extended Thinking,5.0,0.3307374815045557,3.892471212375485,0,0.11800486618004868,0.8819951338199513
314,付钱方法枚举,Payment Method Enumeration,Extended Thinking,6.0,0.3656804733727811,0.23385995822451824,2,0.7804136253041363,0.21958637469586376
315,已知各个数，求平均数,"Given Individual Numbers, Find Average",Knowledge Points,4.0,0.2468965517241379,0.23385995822451824,9,0.6076642335766423,0.39233576642335766
316,异分母分数加减法,Adding/Subtracting Fractions with Different Denominators,Extended Thinking,5.0,0.4718196457326892,0.23385995822451824,2,0.7804136253041363,0.21958637469586376
317,通分母,Common Denominator,Extended Thinking,6.0,0.11217437533227,0.23385995822451824,10,0.8381995133819952,0.16180048661800486
318,整数乘法结合律,Associative Law of Integer Multiplication,Knowledge Points,5.0,0.3043824701195219,0.23385995822451824,0,0.11800486618004868,0.8819951338199513
319,整数利用积/商不变性质,Integer Product/Quotient Invariance,Extended Thinking,6.0,0.1948955916473317,0.23385995822451824,6,0.49330900243309006,0.5066909975669099
320,面积单位换算,Area Unit Conversion,Extended Thinking,4.0,0.4363112391930835,0.23385995822451824,1,0.9324817518248175,0.06751824817518248
321,长度单位换算,Length Unit Conversion,Extended Thinking,4.0,0.4243697478991596,0.23385995822451824,1,0.9324817518248175,0.06751824817518248
322,加法的实际应用,Practical Addition Applications,Knowledge Points,5.0,0.1580905145691258,0.23385995822451824,0,0.11800486618004868,0.8819951338199513
323,二量和倍问题,Two-Quantity Sum-Multiple,Extended Thinking,5.0,0.1232544019429265,0.23385995822451824,5,0.33333333333333337,0.6666666666666666
324,多量和倍问题,Multi-Quantity Sum-Multiple,Extended Thinking,5.0,0.1144646924829157,0.23385995822451824,5,0.33333333333333337,0.6666666666666666
325,两量差倍,Two-Quantity Difference-Multiple,Extended Thinking,5.0,0.4301657084883327,1.818771246610401e-15,2,0.7804136253041363,0.21958637469586376
326,正方形周长公式,Square Perimeter Formula,Knowledge Points,5.0,0.1559322033898305,2.4115693307711374e-13,0,0.11800486618004868,0.8819951338199513
327,计算模块,Calculation Module,Extended Thinking,2.0,0.1807133421400264,0.3819097820600037,3,0.8874695863746959,0.11253041362530414
328,时间中的周期,Time-based Cycles,Extended Thinking,5.0,0.5357142857142857,0.23385995822451824,2,0.7804136253041363,0.21958637469586376
329,求某日期是周几问题,Day of Week on a Given Date,Extended Thinking,5.0,0.2077348066298342,0.3289294345395794,0,0.11800486618004868,0.8819951338199513
330,幻方数字关系,Magic Square Number Relationships,Extended Thinking,4.0,0.208350326264274,0.9344149947848956,9,0.6076642335766423,0.39233576642335766
331,选线计算型,Line-Selection Calculation Type,Extended Thinking,4.0,0.2701030927835051,0.23385995822451824,9,0.6076642335766423,0.39233576642335766
332,偶数阶幻方填法,Even-Order Magic Square Construction,Extended Thinking,5.0,0.2293617021276595,0.23385995822451824,0,0.11800486618004868,0.8819951338199513
333,计算平均数,Calculating Averages,Knowledge Points,4.0,0.8068181818181818,0.23385995822451824,11,0.9939172749391727,0.006082725060827251
334,组合模块,Combinatorics Module,Extended Thinking,2.0,0.5739014647137151,0.23385995822451824,8,0.9635036496350365,0.0364963503649635
335,多笔画运用,Multi-Stroke Applications,Extended Thinking,5.0,0.2356724040098354,4.999999999999996,0,0.11800486618004868,0.8819951338199513
336,变型题,Variant Problems,Extended Thinking,6.0,0.2299407040456353,0.3806703586964485,6,0.49330900243309006,0.5066909975669099
337,用假设法解决倒扣型鸡兔同笼,Assumption Method for Deduction-Type Chicken-Rabbit,In-Class Question Types,5.0,0.3472598105548038,0.23385995822451824,0,0.11800486618004868,0.8819951338199513
338,几何模块,Geometry Module,Extended Thinking,2.0,0.4063965884861407,0.23385995822451824,8,0.9635036496350365,0.0364963503649635
339,用假设法解决变形鸡兔同笼,Assumption Method for Variant Chicken-Rabbit,Knowledge Points,4.0,0.212414089347079,2.7966182417029815e-18,9,0.6076642335766423,0.39233576642335766
340,小数的认识,Understanding Decimals,Extended Thinking,5.0,0.0760687072194239,5.070365183097611e-05,5,0.33333333333333337,0.6666666666666666
341,减法竖式,Column Subtraction,Extended Thinking,6.0,0.0715285064707939,0.23385995822451824,10,0.8381995133819952,0.16180048661800486
342,加法竖式,Column Addition,Extended Thinking,6.0,0.0715285064707939,0.23385995822451824,10,0.8381995133819952,0.16180048661800486
343,数、数位、数字的认识,"Numbers, Place Values, Digits",Extended Thinking,5.0,0.2404832836809003,0.3708867990030645,0,0.11800486618004868,0.8819951338199513
344,角的判断,Angle Identification,Knowledge Points,5.0,0.0876560332871012,0.23385995822451824,5,0.33333333333333337,0.6666666666666666
345,转化代换,Transformative Substitution,In-Class Question Types,5.0,0.4721603563474387,9.769769728935878e-15,2,0.7804136253041363,0.21958637469586376
346,等量关系,Equivalence Relationships,In-Class Knowledge Points,4.0,0.5462962962962963,0.23385995822451824,1,0.9324817518248175,0.06751824817518248
347,等量代换传递型,Transitive Substitution,Extended Thinking,5.0,0.5363636363636364,0.23385995822451824,2,0.7804136253041363,0.21958637469586376
348,代值运算,Substitution Evaluation,Extended Thinking,5.0,0.1923076923076923,0.4708085454351989,0,0.11800486618004868,0.8819951338199513
349,字母表示数,Letter Representation,Extended Thinking,5.0,0.1217212412137836,0.0712742802093392,5,0.33333333333333337,0.6666666666666666
352,盈盈问题,Surplus-Surplus Problems,Extended Thinking,5.0,0.1979324480884056,0.2064964781887798,0,0.11800486618004868,0.8819951338199513
353,乘法拆数,Multiplication Partitioning,Extended Thinking,6.0,0.6890756302521008,0.23385995822451824,7,0.9805352798053528,0.019464720194647202
355,整数拆分应用,Integer Partitioning Applications,Extended Thinking,5.0,0.4884223525779562,0.23385995822451824,2,0.7804136253041363,0.21958637469586376
356,两边都填符号型,Symbols on Both Sides,Extended Thinking,5.0,0.1257455268389662,0.23385995822451824,5,0.33333333333333337,0.6666666666666666
358,提取公因数,Common Factor Extraction,In-Class Knowledge Points,5.0,0.0891364902506963,0.23385995822451824,5,0.33333333333333337,0.6666666666666666
359,找暗和,Finding Hidden Sums,Extended Thinking,5.0,0.1885105092966855,0.9758607698606412,0,0.11800486618004868,0.8819951338199513
360,数形结合的实际应用,Practical Number-Shape Applications,Extended Thinking,5.0,0.1398963730569948,0.23385995822451824,5,0.33333333333333337,0.6666666666666666
361,公式法求三角形面积,Formula for Triangle Area,In-Class Question Types,5.0,0.1602431453698913,0.3524601047723735,0,0.11800486618004868,0.8819951338199513
362,三角形面积,Triangle Area,Extended Thinking,6.0,0.1425219941348973,0.2169596927988161,6,0.49330900243309006,0.5066909975669099
363,带余除法,Division with Remainder,Extended Thinking,6.0,0.1160015804030027,4.999999999944146,10,0.8381995133819952,0.16180048661800486
364,余数和除数的关系,Relationship Between Remainder & Divisor,Knowledge Points,5.0,0.1798365122615803,0.23385995822451824,0,0.11800486618004868,0.8819951338199513
365,周长定义,Definition of Perimeter,Knowledge Points,4.0,0.1632529512662698,0.2406973145264281,9,0.6076642335766423,0.39233576642335766
366,已知边长求周长,Finding Perimeter from Given Side Lengths,In-Class Knowledge Points,5.0,0.0321857274765862,0.23385995822451824,5,0.33333333333333337,0.6666666666666666
367,有特殊要求的组数问题,Number Formation with Special Requirements,Extended Thinking,5.0,0.3406049250535332,4.999999999999999,0,0.11800486618004868,0.8819951338199513
368,找日历中的周期规律,Finding Periodic Patterns in Calendars,In-Class Knowledge Points,4.0,0.34765625,1.7222086642108008,1,0.9324817518248175,0.06751824817518248
369,区分闰年和平年,Distinguishing Leap Years and Common Years,In-Class Knowledge Points,4.0,0.4657963446475195,0.23385995822451824,1,0.9324817518248175,0.06751824817518248
370,暗倍型二量差倍问题,Hidden Multiple Difference,Extended Thinking,6.0,0.1371652514696276,0.23385995822451824,6,0.49330900243309006,0.5066909975669099
371,绘制统计表,Creating Statistical Tables,Extended Thinking,5.0,0.2795223352498894,0.23385995822451824,0,0.11800486618004868,0.8819951338199513
372,边长改变后长方形面积的计算,Area Change with Side Length Change,Extended Thinking,6.0,0.1857077833409194,4.999999998517698,6,0.49330900243309006,0.5066909975669099
373,公式求长方形面积,Formula for Rectangle Area,Knowledge Points,5.0,0.1486447099970854,0.23385995822451824,5,0.33333333333333337,0.6666666666666666
374,多笔画变一笔画,Converting Multi-Stroke to One-Stroke,Extended Thinking,5.0,0.3139518709138962,0.1170058683377543,0,0.11800486618004868,0.8819951338199513
375,复式统计表,Compound Statistical Tables,In-Class Knowledge Points,4.0,0.0775749674054758,0.23385995822451824,4,0.7037712895377128,0.2962287104622871
376,总价=单价×数量,Total Price = Unit Price × Quantity,In-Class Knowledge Points,4.0,0.0748390557939914,0.2025064918857539,4,0.7037712895377128,0.2962287104622871
377,加减法应用,Addition/Subtraction Applications,Extended Thinking,3.0,0.1195061728395061,0.23385995822451824,3,0.8874695863746959,0.11253041362530414
378,因数与倍数基础,Basics of Factors & Multiples,Extended Thinking,4.0,0.1399631675874769,4.874206545924073,4,0.7037712895377128,0.2962287104622871
379,给运算方法和结果，求开始,"Given Operations and Result, Find Starting Value",Knowledge Points,4.0,0.1302469135802469,0.099884835101021,4,0.7037712895377128,0.2962287104622871
380,利用特殊角求角度,Using Special Angles to Find Angles,Knowledge Points,5.0,0.5614441101596852,0.2556132497849779,2,0.7804136253041363,0.21958637469586376
381,数列规律,Sequence Patterns,Extended Thinking,4.0,0.0611587982832618,0.0247362550700762,4,0.7037712895377128,0.2962287104622871
382,小数点的移动规律,Decimal Point Movement Rules,Extended Thinking,5.0,0.2265382224984462,4.999999999740624,0,0.11800486618004868,0.8819951338199513
383,小数点的移动,Decimal Point Movement,Knowledge Points,6.0,0.0633245382585752,0.23385995822451824,10,0.8381995133819952,0.16180048661800486
384,元、角、分单位换算,Yuan-Jiao-Fen Unit Conversion,Knowledge Points,4.0,0.0185614849187935,0.23385995822451824,4,0.7037712895377128,0.2962287104622871
386,分类图形,Shape Classification,Extended Thinking,6.0,0.1424945612762871,0.23385995822451824,6,0.49330900243309006,0.5066909975669099
387,盈亏基本类型,Basic Surplus/Deficit Types,Extended Thinking,4.0,0.0478409443926685,0.2341237396635868,4,0.7037712895377128,0.2962287104622871
388,整数加减巧算之分组法,Grouping in Integer Addition/Subtraction,Extended Thinking,5.0,0.179595056534315,2.638654925714847e-15,0,0.11800486618004868,0.8819951338199513
389,整数基准数法,Integer Benchmark Number Method,Extended Thinking,6.0,0.167910447761194,2.7883629791897016e-17,6,0.49330900243309006,0.5066909975669099
390,整数减法性质,Integer Subtraction Properties,Knowledge Points,5.0,0.0680858253083291,0.23385995822451824,5,0.33333333333333337,0.6666666666666666
391,两位数减整十数的口算,Mental Subtraction: Two-Digit Minus Tens,Knowledge Points,5.0,0.0431519699812382,0.23385995822451824,5,0.33333333333333337,0.6666666666666666
392,组合数,Number of Combinations,Knowledge Points,4.0,0.0558067586863398,0.3717690271272897,4,0.7037712895377128,0.2962287104622871
393,多数的最大公因数,Greatest Common Factor of Multiple Numbers,Extended Thinking,6.0,0.1030855539971949,0.23385995822451824,10,0.8381995133819952,0.16180048661800486
394,整体思想求面积,Whole-to-Part Area Calculation,Extended Thinking,6.0,0.2404805077062556,0.2023017549510009,6,0.49330900243309006,0.5066909975669099
395,图文减法竖式数字谜,Pictorial Subtraction Vertical Puzzles,Extended Thinking,5.0,0.3196798493408663,0.23385995822451824,0,0.11800486618004868,0.8819951338199513
396,竖式数字谜,Vertical Digit Puzzles,Extended Thinking,4.0,0.1593164277839029,6.7549580152098685e-15,9,0.6076642335766423,0.39233576642335766
397,整数拆补构造,Integer Decomposition Construction,Extended Thinking,6.0,0.1156812339331619,5.353306129290057e-21,10,0.8381995133819952,0.16180048661800486
398,整数直接运用分配律,Direct Application of Distributive Law,Extended Thinking,6.0,0.2199211045364891,0.23385995822451824,6,0.49330900243309006,0.5066909975669099
399,直线、射线、线段分类,"Classification of Lines, Rays, Segments",In-Class Question Types,5.0,0.8121621621621622,0.23385995822451824,7,0.9805352798053528,0.019464720194647202
400,线段、直线与射线认识,"Line Segments, Lines, Rays",Extended Thinking,6.0,0.6950980392156862,0.23385995822451824,7,0.9805352798053528,0.019464720194647202
401,明和暗差,"Known Sum, Hidden Difference",Extended Thinking,6.0,0.2827099293976265,0.0802485038447405,6,0.49330900243309006,0.5066909975669099
402,直线和交点,Lines & Intersections,Extended Thinking,5.0,0.2912198912198912,0.0135764200873832,0,0.11800486618004868,0.8819951338199513
404,空心方阵综合问题,Comprehensive Hollow Array Problems,Extended Thinking,5.0,0.2042846212700841,0.3322760872910878,0,0.11800486618004868,0.8819951338199513
405,实心方阵综合问题,Comprehensive Solid Array Problems,Extended Thinking,5.0,0.136547433903577,0.2269055701854563,5,0.33333333333333337,0.6666666666666666
406,非整百年闰年和平年的判断,Leap Year/Common Year Judgment for Non-Century Years,In-Class Knowledge Points,4.0,0.0584415584415584,0.23385995822451824,4,0.7037712895377128,0.2962287104622871
407,应用题模块,Word Problem Module,Extended Thinking,2.0,0.3591597018296815,0.264257562453874,8,0.9635036496350365,0.0364963503649635
408,对象转化为物品,Converting Objects to Items,Extended Thinking,5.0,0.4586304095506549,4.9999999996848965,2,0.7804136253041363,0.21958637469586376
409,整除特征综合,Comprehensive Divisibility Rules,Extended Thinking,5.0,0.3133447553778793,0.4269621956429088,0,0.11800486618004868,0.8819951338199513
410,倍数的认识,Understanding Multiples,In-Class Knowledge Points,5.0,0.2838461538461538,1.7499828686321297,0,0.11800486618004868,0.8819951338199513
411,2的倍数特征,Divisibility by 2,In-Class Knowledge Points,5.0,0.2807869808112703,4.999999999999571,0,0.11800486618004868,0.8819951338199513
412,5的倍数特征,Divisibility by 5,Knowledge Points,5.0,0.271484375,0.4294582049709618,0,0.11800486618004868,0.8819951338199513
413,运算律,Operation Laws,Knowledge Points,3.0,0.2356716087630006,0.2798409012577679,3,0.8874695863746959,0.11253041362530414
414,数回,Slitherlink,Extended Thinking,4.0,0.2495831017231795,0.23385995822451824,9,0.6076642335766423,0.39233576642335766
415,年龄问题之变倍型,Variable Multiple Age Problems,Extended Thinking,4.0,0.1924528301886792,0.23385995822451824,9,0.6076642335766423,0.39233576642335766
416,逐步调整思想,Stepwise Adjustment,Mathematical Thinking,2.0,0.5058823529411764,0.23385995822451824,8,0.9635036496350365,0.0364963503649635
417,数形结合思想,Number-Shape Integration,Mathematical Thinking,2.0,0.5058823529411764,0.23385995822451824,8,0.9635036496350365,0.0364963503649635
418,数字操作,Digit Operations,Extended Thinking,5.0,0.2620320855614973,0.23385995822451824,0,0.11800486618004868,0.8819951338199513
419,反解未知数型,Solving for Unknowns Type,Extended Thinking,4.0,0.1365935919055649,0.1621858184758435,4,0.7037712895377128,0.2962287104622871
420,三角阵基本问题,Triangular Array Basics,Extended Thinking,5.0,0.3157894736842105,0.4053194596072101,0,0.11800486618004868,0.8819951338199513
421,多个人做一件事的时间优化,Time Optimization for Multiple People,Knowledge Points,5.0,0.1813953488372093,0.23385995822451824,0,0.11800486618004868,0.8819951338199513
422,各点等价,Equal Points,Extended Thinking,6.0,0.1462398596798947,0.0649286722762503,6,0.49330900243309006,0.5066909975669099
423,优惠情况下的付钱方法,Payment Methods with Discounts,Extended Thinking,6.0,0.6557377049180327,0.23385995822451824,7,0.9805352798053528,0.019464720194647202
424,简单抽屉原理,Simple Pigeonhole Principle,Extended Thinking,4.0,0.1344696969696969,0.0147515623838855,4,0.7037712895377128,0.2962287104622871
425,最不利原则,Worst-Case Principle,Extended Thinking,4.0,0.1931087683209051,4.999999999999999,9,0.6076642335766423,0.39233576642335766
426,构造型抽屉原理,Constructive Pigeonhole Principle,Extended Thinking,4.0,0.1335877862595419,0.1363114119830056,4,0.7037712895377128,0.2962287104622871
427,图形数独,Graphic Sudoku,Extended Thinking,5.0,0.2007136485280999,0.23385995822451824,0,0.11800486618004868,0.8819951338199513
428,租船，租车，大车小车价钱最符合方案,Renting Boats/Cars: Best Price Plan,In-Class Question Types,5.0,0.4819277108433735,0.23385995822451824,2,0.7804136253041363,0.21958637469586376
429,数与形数形结合思想,Number-Shape Integration Thinking,In-Class Knowledge Points,4.0,0.463519313304721,0.23385995822451824,1,0.9324817518248175,0.06751824817518248
430,倍数应用题,Multiple Applications,Extended Thinking,6.0,0.2691256830601093,0.23385995822451824,6,0.49330900243309006,0.5066909975669099
431,数字个数,Digit Count,Extended Thinking,5.0,0.1799410029498525,0.3691067073078358,0,0.11800486618004868,0.8819951338199513
432,平均分,Equal Distribution,Knowledge Points,4.0,0.3667820069204152,0.23385995822451824,1,0.9324817518248175,0.06751824817518248
433,行程中的反比例,Inverse Proportionality in Travel,Extended Thinking,4.0,0.0675675675675675,0.23385995822451824,4,0.7037712895377128,0.2962287104622871
434,和不变,Sum Invariance,Extended Thinking,4.0,0.0938967136150234,0.23385995822451824,4,0.7037712895377128,0.2962287104622871
435,3-1-0 积分制,3-1-0 Scoring System,Extended Thinking,5.0,0.1598393574297189,4.999999999999888,0,0.11800486618004868,0.8819951338199513
436,钱的计算,Money Calculations,Extended Thinking,6.0,0.1185510428100987,0.23385995822451824,10,0.8381995133819952,0.16180048661800486
437,量率对应求单位1,Finding Unit 1 via Rate-Quantity Correspondence,Extended Thinking,4.0,0.1598837209302325,0.23385995822451824,9,0.6076642335766423,0.39233576642335766
438,平方数列,Square Number Sequences,Extended Thinking,5.0,0.1840148698884758,0.4379657575596548,0,0.11800486618004868,0.8819951338199513
439,整数等比数列,Integer Geometric Sequences,Extended Thinking,5.0,0.1840148698884758,0.1700204633032496,0,0.11800486618004868,0.8819951338199513
440,斐波那契数列递推,Fibonacci Sequence Recursion,Extended Thinking,5.0,0.1761194029850746,0.23385995822451824,0,0.11800486618004868,0.8819951338199513
441,图形分面递推,Shape Partition Recursion,Extended Thinking,5.0,0.1946826758147513,0.0333765154063327,0,0.11800486618004868,0.8819951338199513
442,平行四边形,Parallelogram,Extended Thinking,5.0,0.1216216216216216,0.23385995822451824,5,0.33333333333333337,0.6666666666666666
443,线分面递推,Line-to-Shape Recursion,Extended Thinking,5.0,0.1376281112737921,4.999999999898609,5,0.33333333333333337,0.6666666666666666
444,切披萨,Cutting Pizza,Extended Thinking,5.0,0.0894736842105263,0.23385995822451824,5,0.33333333333333337,0.6666666666666666
445,二级等差数列,Second-Level Arithmetic Sequences,Extended Thinking,5.0,0.2191780821917808,0.23385995822451824,0,0.11800486618004868,0.8819951338199513
446,数形结合找规律,Number-Shape Combined Pattern Finding,Extended Thinking,5.0,0.3304843304843304,0.23385995822451824,0,0.11800486618004868,0.8819951338199513
447,平行四边形面积,Parallelogram Area,Knowledge Points,4.0,0.0439087386999569,4.999999999999997,4,0.7037712895377128,0.2962287104622871
448,四边形的认识,Understanding Quadrilaterals,Extended Thinking,5.0,0.1586607666471184,0.0684500764537355,0,0.11800486618004868,0.8819951338199513
449,基础变倍,Basic Variable Multiples,Extended Thinking,5.0,0.0718232044198895,0.8589446881571453,5,0.33333333333333337,0.6666666666666666
450,两量同时变倍,Simultaneous Change of Two Quantities,Extended Thinking,5.0,0.1333333333333333,0.1899034779026332,5,0.33333333333333337,0.6666666666666666
451,梯形面积公式应用,Trapezoid Area Formula Applications,Knowledge Points,5.0,0.4951887490747594,0.23385995822451824,2,0.7804136253041363,0.21958637469586376
452,图形等分,Equal Division of Shapes,Extended Thinking,6.0,0.130057803468208,0.23385995822451824,6,0.49330900243309006,0.5066909975669099
453,多人相遇问题,Multi-Person Encounter,Extended Thinking,5.0,0.2796610169491525,0.23385995822451824,0,0.11800486618004868,0.8819951338199513
454,归纳递推,Inductive Recursion,Extended Thinking,4.0,0.0333333333333333,0.23385995822451824,4,0.7037712895377128,0.2962287104622871
455,变倍问题,Changing Multiples,Extended Thinking,4.0,0.0175438596491228,0.23385995822451824,4,0.7037712895377128,0.2962287104622871
456,逻辑推理,Logic Reasoning,Extended Thinking,3.0,0.0425531914893617,0.23385995822451824,3,0.8874695863746959,0.11253041362530414
457,假设法解鸡兔同笼,Assumption Method,Extended Thinking,4.0,0.1395881006864988,0.23385995822451824,4,0.7037712895377128,0.2962287104622871
458,构造与论证,Construction & Proof,Extended Thinking,3.0,0.0647482014388489,0.23385995822451824,3,0.8874695863746959,0.11253041362530414
459,差系整除特征的应用,Difference-Based Divisibility Applications,Extended Thinking,5.0,0.0939226519337016,0.23385995822451824,5,0.33333333333333337,0.6666666666666666
460,尾数系中的最值,Maximum/Minimum in Last Digit Problems,Extended Thinking,5.0,0.0331491712707182,0.23385995822451824,5,0.33333333333333337,0.6666666666666666
461,基础复合数字的整除特征,Basic Composite Number Divisibility,Extended Thinking,5.0,0.0361990950226244,0.23385995822451824,5,0.33333333333333337,0.6666666666666666
462,两次分配对象不同,Two Different Allocations,Extended Thinking,5.0,0.4151392525589145,0.0625329643600274,2,0.7804136253041363,0.21958637469586376
463,方程法解比例问题,Solving Proportional Problems with Equations,Extended Thinking,4.0,0.0594339622641509,0.23385995822451824,4,0.7037712895377128,0.2962287104622871
464,图形平移旋转,Shape Translation & Rotation,Extended Thinking,6.0,0.1129234629861982,0.23385995822451824,10,0.8381995133819952,0.16180048661800486
465,复杂的比例问题,Complex Proportional Problems,Extended Thinking,4.0,0.0985781990521327,0.23385995822451824,4,0.7037712895377128,0.2962287104622871
466,复合型不规则图形求周长,Composite Irregular Shape Perimeter,Extended Thinking,6.0,0.3196558570483124,0.3772054081120275,6,0.49330900243309006,0.5066909975669099
467,方程法解盈亏问题,Solving Surplus/Deficit Problems with Equations,Extended Thinking,5.0,0.0395886889460154,0.23385995822451824,5,0.33333333333333337,0.6666666666666666
468,倒扣型,Deduction Type,Extended Thinking,5.0,0.2241225461035098,0.1735567244773756,0,0.11800486618004868,0.8819951338199513
469,三角形的认识,Understanding Triangles,Extended Thinking,6.0,0.1191588785046729,0.23385995822451824,10,0.8381995133819952,0.16180048661800486
470,封闭路线植树问题,Closed-Route Planting,Knowledge Points,4.0,0.1379798337166106,3.7127831064364216e-16,4,0.7037712895377128,0.2962287104622871
471,路线遍历,Route Traversal,Extended Thinking,4.0,0.1374785048420671,4.999999989118028,4,0.7037712895377128,0.2962287104622871
472,小数的性质,Properties of Decimals,Knowledge Points,6.0,0.0379931807111544,0.23385995822451824,10,0.8381995133819952,0.16180048661800486
473,小数读写规则,Decimal Reading & Writing Rules,In-Class Knowledge Points,6.0,0.0825288072251635,0.23385995822451824,10,0.8381995133819952,0.16180048661800486
474,小数的计数单位,Decimal Counting Units,Knowledge Points,6.0,0.0775139664804469,0.23385995822451824,10,0.8381995133819952,0.16180048661800486
475,多笔画,Multi-Stroke Drawing,Extended Thinking,4.0,0.2696,0.23385995822451824,9,0.6076642335766423,0.39233576642335766
476,简单乘法巧算,Simple Multiplication Tricks,Knowledge Points,4.0,0.3484472049689441,0.23385995822451824,1,0.9324817518248175,0.06751824817518248
478,优限法,Priority Method,Extended Thinking,5.0,0.3414009774261112,4.999999999999999,0,0.11800486618004868,0.8819951338199513
479,分割与剪拼,Segmentation & Cutting/Pasting,Extended Thinking,5.0,0.2393639879673399,0.23385995822451824,0,0.11800486618004868,0.8819951338199513
480,小马虎题型,Careless Mistake Problems,Extended Thinking,4.0,0.3558981233243968,4.999999999992316,1,0.9324817518248175,0.06751824817518248
481,和的奇偶性,Parity of Sums,Knowledge Points,5.0,0.1102794411177644,0.23385995822451824,5,0.33333333333333337,0.6666666666666666
482,数据处理,Data Processing,Learning Abilities,3.0,0.1570996978851963,0.23385995822451824,3,0.8874695863746959,0.11253041362530414
483,直接运用公式求数量,Using Formula to Find Quantity,Knowledge Points,4.0,0.0180055401662049,0.23385995822451824,4,0.7037712895377128,0.2962287104622871
484,统计图表,Statistical Charts,Extended Thinking,4.0,0.2908704883227176,0.23385995822451824,9,0.6076642335766423,0.39233576642335766
486,等腰三角形,Isosceles Triangles,In-Class Knowledge Points,5.0,0.1697136943773715,0.23385995822451824,0,0.11800486618004868,0.8819951338199513
487,多边形内角和,Sum of Interior Angles of Polygons,Extended Thinking,6.0,0.1914893617021276,0.254925958763554,6,0.49330900243309006,0.5066909975669099
488,整数除法运算,Integer Division Operations,Extended Thinking,5.0,0.3979289940828402,8.885979761527884e-07,2,0.7804136253041363,0.21958637469586376
489,多量倍,Multi-Quantity Multiples,Extended Thinking,5.0,0.1000366434591425,0.0215786350055751,5,0.33333333333333337,0.6666666666666666
490,已知两量之间倍数关系和多份量，求一份量,"Given Multiple Relationship and Multiple-Unit Quantity, Find One-Unit Quantity",Knowledge Points,4.0,0.131578947368421,0.23385995822451824,4,0.7037712895377128,0.2962287104622871
491,幻方,Magic Squares,Extended Thinking,3.0,0.2918848167539267,0.23385995822451824,8,0.9635036496350365,0.0364963503649635
492,平行四边形面积公式逆用,Reverse Use of Parallelogram Area Formula,Knowledge Points,5.0,0.1909871244635193,0.23385995822451824,0,0.11800486618004868,0.8819951338199513
493,带余除法的估算,Estimation in Division with Remainders,Extended Thinking,5.0,0.1362683438155136,0.23385995822451824,5,0.33333333333333337,0.6666666666666666
494,分类讨论思想,Classification Discussion,Thinking Methods,2.0,0.263716814159292,0.23385995822451824,3,0.8874695863746959,0.11253041362530414
496,给定面值求组成可能,"Given Face Values, Find Possible Combinations",In-Class Question Types,5.0,0.4093617021276596,0.23385995822451824,2,0.7804136253041363,0.21958637469586376
497,除法的意义,Meaning of Division,In-Class Knowledge Points,4.0,0.7006907137375288,6.173514601895998e-17,1,0.9324817518248175,0.06751824817518248
498,认识单位1,Understanding Unit 1,Extended Thinking,4.0,0.5083120204603581,0.5646995484484986,1,0.9324817518248175,0.06751824817518248
499,四宫杀手数独,4x4 Killer Sudoku,Extended Thinking,6.0,0.1884550084889643,0.23385995822451824,6,0.49330900243309006,0.5066909975669099
500,图形折叠展开,Shape Folding & Unfolding,Extended Thinking,6.0,0.1035714285714285,0.23385995822451824,10,0.8381995133819952,0.16180048661800486
501,相邻数字只填加号组数,Adjacent Digits with Plus Signs,Extended Thinking,6.0,0.0686040971891376,0.23385995822451824,10,0.8381995133819952,0.16180048661800486
502,平移法求组合图形周长,Finding Perimeter via Translation,Knowledge Points,5.0,0.2370853724850462,0.23385995822451824,0,0.11800486618004868,0.8819951338199513
503,加乘原理,Addition-Multiplication Principle,Extended Thinking,3.0,0.1736947791164658,0.23385995822451824,3,0.8874695863746959,0.11253041362530414
504,平行四边形面积公式应用,Parallelogram Area Formula Applications,Knowledge Points,6.0,0.1140734265734265,0.23385995822451824,10,0.8381995133819952,0.16180048661800486
505,方程法解其他问题,Solving Other Problems with Equations,Extended Thinking,5.0,0.1117129316181448,0.23385995822451824,5,0.33333333333333337,0.6666666666666666
506,握手碰杯问题,Handshake Problem,Extended Thinking,5.0,0.057347670250896,0.7863693652065074,5,0.33333333333333337,0.6666666666666666
507,整数除法性质,Integer Division Properties,Knowledge Points,5.0,0.0922693266832917,0.23385995822451824,5,0.33333333333333337,0.6666666666666666
508,公式求正方形面积,Formula for Square Area,Knowledge Points,5.0,0.1766029246344207,1.0693556419954842,0,0.11800486618004868,0.8819951338199513
509,正方形的面积公式逆用,Reverse Use of Square Area Formula,Knowledge Points,5.0,0.2086513994910941,0.23385995822451824,0,0.11800486618004868,0.8819951338199513
510,暗倍型和倍问题,Hidden Multiple Sum-Multiple,Extended Thinking,5.0,0.2304469273743016,0.23385995822451824,0,0.11800486618004868,0.8819951338199513
511,求再过几日是周几问题,Day of Week After n Days,Extended Thinking,5.0,0.1770833333333333,0.23385995822451824,0,0.11800486618004868,0.8819951338199513
512,积幻方,Product Magic Squares,Extended Thinking,4.0,0.0562587904360056,0.6455348878782087,4,0.7037712895377128,0.2962287104622871
513,单一对象折线图,Single-Object Line Chart,Extended Thinking,5.0,0.1489361702127659,0.3224996786987638,5,0.33333333333333337,0.6666666666666666
514,复式折线统计图,Compound Line Charts,Knowledge Points,4.0,0.3759213759213759,0.23385995822451824,1,0.9324817518248175,0.06751824817518248
515,弦图求面积,Chord Diagram Area,Extended Thinking,6.0,0.2505399568034557,0.23385995822451824,6,0.49330900243309006,0.5066909975669099
516,旋转割补求面积,Area via Rotation & Cutting,In-Class Question Types,5.0,0.092391304347826,0.23385995822451824,5,0.33333333333333337,0.6666666666666666
517,小数加法运算,Decimal Addition Operations,Extended Thinking,5.0,0.0602409638554216,0.23385995822451824,5,0.33333333333333337,0.6666666666666666
518,小数比较大小,Decimal Comparison,Extended Thinking,5.0,0.0861618798955613,0.1410565076312462,5,0.33333333333333337,0.6666666666666666
519,三角形内外角度,Interior & Exterior Angles of Triangles,Extended Thinking,6.0,0.1782178217821782,0.23385995822451824,6,0.49330900243309006,0.5066909975669099
520,角,Angles,Extended Thinking,6.0,0.0473186119873817,0.23385995822451824,10,0.8381995133819952,0.16180048661800486
521,与倍数相关,Related to Multiples,Extended Thinking,5.0,0.2378559463986599,1.547479312204251e-05,0,0.11800486618004868,0.8819951338199513
522,和差问题,Sum-Difference Problems,Extended Thinking,4.0,0.2440119760479042,0.23385995822451824,9,0.6076642335766423,0.39233576642335766
523,等差数列截断求和,Truncated Sum of Arithmetic Sequences,Extended Thinking,5.0,0.1932773109243697,0.23385995822451824,0,0.11800486618004868,0.8819951338199513
524,用字母表示数量关系ax,Using Letters to Represent Quantities ax,Knowledge Points,5.0,0.2349726775956284,0.23385995822451824,0,0.11800486618004868,0.8819951338199513
525,积的乘方,Power of Products,Extended Thinking,5.0,0.1978021978021978,0.23385995822451824,0,0.11800486618004868,0.8819951338199513
526,巧填算符,Operator Puzzles,Extended Thinking,4.0,0.0194552529182879,1.337089170140277,4,0.7037712895377128,0.2962287104622871
527,正方形面积,Square Area,Knowledge Points,4.0,0.5689655172413793,0.23385995822451824,1,0.9324817518248175,0.06751824817518248
528,1000以内数的组成和读写,Composition & Reading/Writing of Numbers Up to 1000,Knowledge Points,6.0,0.2409867172675522,0.23385995822451824,6,0.49330900243309006,0.5066909975669099
529,整数加减巧算之凑整法,Rounding in Integer Addition/Subtraction,Extended Thinking,5.0,0.1022364217252396,0.23385995822451824,5,0.33333333333333337,0.6666666666666666
530,一位小数比较大小,One-Digit Decimal Comparison,Knowledge Points,5.0,0.2469512195121951,0.23385995822451824,0,0.11800486618004868,0.8819951338199513
531,角度直接运算,Direct Angle Operations,In-Class Question Types,5.0,0.306141154903758,0.23385995822451824,0,0.11800486618004868,0.8819951338199513
532,以和差倍问题形式运用方程解应用题,Solving Word Problems with Sum-Difference-Multiple Forms,In-Class Question Types,5.0,0.032258064516129,0.23385995822451824,5,0.33333333333333337,0.6666666666666666
533,简单的周期规律,Simple Periodic Patterns,Knowledge Points,4.0,0.0462427745664739,0.23385995822451824,4,0.7037712895377128,0.2962287104622871
534,求只数,Finding the Number,Extended Thinking,5.0,0.0738461538461538,0.23385995822451824,5,0.33333333333333337,0.6666666666666666
535,用假设法解决基础鸡兔同笼,Assumption Method for Basic Chicken-Rabbit,Knowledge Points,4.0,0.1509846827133479,0.23385995822451824,9,0.6076642335766423,0.39233576642335766
536,不约分分数的认识,Understanding Non-Reduced Fractions,Extended Thinking,6.0,0.1324765200197726,0.1282662450434046,6,0.49330900243309006,0.5066909975669099
537,单位换算,Unit Conversion,Extended Thinking,3.0,0.0673400673400673,0.23385995822451824,3,0.8874695863746959,0.11253041362530414
538,小数化为分数,Decimals to Fractions,Knowledge Points,5.0,0.105726872246696,0.23385995822451824,5,0.33333333333333337,0.6666666666666666
539,分数化为小数,Fractions to Decimals,Extended Thinking,5.0,0.1013215859030837,0.23385995822451824,5,0.33333333333333337,0.6666666666666666
540,小数加减,Decimal Addition/Subtraction,Extended Thinking,4.0,0.1978798586572438,0.23385995822451824,9,0.6076642335766423,0.39233576642335766
541,小数拆补凑整,Decomposition/Rounding,Extended Thinking,6.0,0.1688654353562005,0.4620168409144863,6,0.49330900243309006,0.5066909975669099
542,已知时间求角度,Finding Angle from Time,Extended Thinking,5.0,0.0680272108843537,0.23385995822451824,5,0.33333333333333337,0.6666666666666666
543,数角,Counting Angles,Knowledge Points,5.0,0.0906593406593406,0.23385995822451824,5,0.33333333333333337,0.6666666666666666
544,正三角形计数,Equilateral Triangle Counting,Extended Thinking,6.0,0.1257485029940119,0.23385995822451824,10,0.8381995133819952,0.16180048661800486
545,格点构造数图形,Grid-Point Shape Construction Counting,Extended Thinking,5.0,0.1928020565552699,0.2033571179004162,0,0.11800486618004868,0.8819951338199513
546,三角形计数,Triangle Counting,Extended Thinking,6.0,0.3323113609265883,0.0422782641007689,6,0.49330900243309006,0.5066909975669099
547,年龄差不变,Age Difference Invariance,Knowledge Points,4.0,0.109375,0.23385995822451824,4,0.7037712895377128,0.2962287104622871
548,乘方的幂运算,Power of Powers,Extended Thinking,5.0,0.1773049645390071,0.1773188569303838,0,0.11800486618004868,0.8819951338199513
549,乘方的乘法运算,Multiplication of Powers,Extended Thinking,5.0,0.0352564102564102,0.23385995822451824,5,0.33333333333333337,0.6666666666666666
550,完全平方公式,Perfect Square Formula,Extended Thinking,4.0,0.1958762886597938,0.2729355472283314,9,0.6076642335766423,0.39233576642335766
551,小数加减巧算之位值原理,Place Value Principle in Decimal Addition/Subtraction,Extended Thinking,5.0,0.0,0.23385995822451824,5,0.33333333333333337,0.6666666666666666
552,平方差公式正向应用,Direct Application of Difference of Squares,Extended Thinking,5.0,0.2,0.23385995822451824,0,0.11800486618004868,0.8819951338199513
553,平方差公式逆向应用,Reverse Application of Difference of Squares,Extended Thinking,5.0,0.0714285714285714,0.4882640209167006,5,0.33333333333333337,0.6666666666666666
554,整数换元法,Integer Substitution,Extended Thinking,4.0,0.1287128712871287,0.0901225237464435,4,0.7037712895377128,0.2962287104622871
555,给定小格求周长,"Given Small Grids, Find Perimeter",Knowledge Points,5.0,0.1323529411764706,0.23385995822451824,5,0.33333333333333337,0.6666666666666666
556,求倍数关系,Finding Multiple Relationships,Extended Thinking,5.0,0.0,0.23385995822451824,5,0.33333333333333337,0.6666666666666666
557,用2~5的乘法口诀求商,Using 2-5 Multiplication Facts,Knowledge Points,6.0,0.0212765957446808,0.23385995822451824,10,0.8381995133819952,0.16180048661800486
558,平行四边形概念与分类,Parallelogram Concepts & Classification,In-Class Question Types,5.0,0.053030303030303,0.23385995822451824,5,0.33333333333333337,0.6666666666666666
560,用6的乘法口诀求商,Using 6 Multiplication Facts,Knowledge Points,6.0,0.0252100840336134,0.23385995822451824,10,0.8381995133819952,0.16180048661800486
561,非数字排列,Non-Digit Permutations,Extended Thinking,5.0,0.0175438596491228,0.23385995822451824,5,0.33333333333333337,0.6666666666666666
563,三位数乘两位数,Three-Digit × Two-Digit Numbers,Knowledge Points,4.0,0.6617647058823529,0.23385995822451824,1,0.9324817518248175,0.06751824817518248
564,笔算乘法：三位数乘两位数,Column Multiplication: Three-Digit × Two-Digit,Knowledge Points,5.0,0.4736842105263157,0.2108519431138687,2,0.7804136253041363,0.21958637469586376
567,二量和差问题,Two-Quantity Sum-Difference,Extended Thinking,5.0,0.1661631419939577,0.23385995822451824,0,0.11800486618004868,0.8819951338199513
568,余数问题带余除法,Remainder Problems with Division,Extended Thinking,4.0,0.0609756097560975,4.999996495820712,4,0.7037712895377128,0.2962287104622871
569,整数除法,Integer Division,Knowledge Points,3.0,0.1936507936507936,0.23385995822451824,3,0.8874695863746959,0.11253041362530414
570,差不变,Difference Invariance,Extended Thinking,4.0,0.09375,0.23385995822451824,4,0.7037712895377128,0.2962287104622871
571,多笔画的判断,Multi-Stroke Judgment,Extended Thinking,5.0,0.1458966565349544,0.23385995822451824,5,0.33333333333333337,0.6666666666666666
572,以年龄问题形式运用方程解应用题,Age Problems Solved with Equations,Knowledge Points,4.0,0.1034482758620689,0.23385995822451824,4,0.7037712895377128,0.2962287104622871
573,乘方的混合运算,Mixed Power Operations,Extended Thinking,5.0,0.0124223602484472,0.23385995822451824,5,0.33333333333333337,0.6666666666666666
574,用字母表示运算定律和计算公式,Using Letters to Represent Laws & Formulas,Knowledge Points,5.0,0.0904109589041095,0.23385995822451824,5,0.33333333333333337,0.6666666666666666
575,多重数列,Multiple Sequences,Extended Thinking,5.0,0.2422360248447205,0.23385995822451824,0,0.11800486618004868,0.8819951338199513
576,枚举法,Enumeration,Extended Thinking,4.0,0.2674094707520891,0.23385995822451824,9,0.6076642335766423,0.39233576642335766
577,多位数除以多位数,Multi-Digit ÷ Multi-Digit,In-Class Knowledge Points,5.0,0.1170212765957446,0.23385995822451824,5,0.33333333333333337,0.6666666666666666
578,图形平移,Shape Translation,In-Class Question Types,5.0,0.467032967032967,0.23385995822451824,2,0.7804136253041363,0.21958637469586376
579,假设法判断真假,Assumption Method for Truth/Falsity,In-Class Question Types,5.0,0.7144772117962467,0.23385995822451824,7,0.9805352798053528,0.019464720194647202
580,数字与页码的对应问题,Digit-Page Correspondence,Extended Thinking,4.0,0.2282768777614138,4.999999999999999,9,0.6076642335766423,0.39233576642335766
581,数字个数应用,Digit Count Applications,Extended Thinking,5.0,0.3503325942350332,0.2353860557927774,0,0.11800486618004868,0.8819951338199513
582,程序性计算,Procedural Calculation,Abilities,3.0,0.0932878270762229,0.23385995822451824,3,0.8874695863746959,0.11253041362530414
583,口算乘法：整百数乘一位数,Mental Multiplication: Hundred × One-Digit,Knowledge Points,5.0,0.0663615560640732,0.23385995822451824,5,0.33333333333333337,0.6666666666666666
584,整数特殊数的应用,Integer Special Number Applications,Extended Thinking,5.0,0.2736572890025575,0.23385995822451824,0,0.11800486618004868,0.8819951338199513
585,树与间隔的数量关系,Relationship Between Trees & Intervals,In-Class Knowledge Points,4.0,0.2542579075425791,0.23385995822451824,9,0.6076642335766423,0.39233576642335766
587,初步认识平面图形,Preliminary Understanding of Plane Figures,Knowledge Points,4.0,0.0319444444444444,4.999999999999953,4,0.7037712895377128,0.2962287104622871
588,正方形边角特点,Square Side-Angle Characteristics,Knowledge Points,6.0,0.022284122562674,0.23385995822451824,10,0.8381995133819952,0.16180048661800486
589,规则图形拼规则图形,Regular Shape Assembly,Extended Thinking,6.0,0.1779661016949152,0.23385995822451824,6,0.49330900243309006,0.5066909975669099
590,组合的基本应用,Basic Combination Applications,Extended Thinking,5.0,0.7580645161290323,0.23385995822451824,7,0.9805352798053528,0.019464720194647202
591,改变其中一个数，求新的平均数,"Changing One Number, Find New Average",In-Class Question Types,5.0,0.3970588235294117,0.23385995822451824,2,0.7804136253041363,0.21958637469586376
592,量率对应求单位一,Finding Unit 1 via Rate-Quantity Correspondence,In-Class Question Types,5.0,0.5,0.23385995822451824,2,0.7804136253041363,0.21958637469586376
593,最简分数,Simplest Fractions,In-Class Knowledge Points,6.0,0.158357771260997,0.23385995822451824,6,0.49330900243309006,0.5066909975669099
594,异分母分数加法,Adding Fractions with Different Denominators,In-Class Knowledge Points,5.0,0.145679012345679,0.23385995822451824,5,0.33333333333333337,0.6666666666666666
595,部分占整体的几分之几,Part as Fraction of Whole,Knowledge Points,7.0,0.0874439461883408,0.23385995822451824,10,0.8381995133819952,0.16180048661800486
596,剪绳子,Cutting Rope,Extended Thinking,5.0,0.3362068965517241,0.23385995822451824,0,0.11800486618004868,0.8819951338199513
597,图形重复,Shape Repetition,Extended Thinking,4.0,0.1213872832369942,0.23385995822451824,4,0.7037712895377128,0.2962287104622871
598,网格型,Grid Type,Extended Thinking,5.0,0.1666666666666666,7.217863146294248e-16,0,0.11800486618004868,0.8819951338199513
599,四宫区域变形,4x4 Region Variant,Extended Thinking,6.0,0.0757575757575757,0.23385995822451824,10,0.8381995133819952,0.16180048661800486
600,简单的数独游戏,Simple Sudoku Games,Knowledge Points,3.0,0.0652173913043478,0.23385995822451824,3,0.8874695863746959,0.11253041362530414
601,20以内组算式,Forming Expressions Within 20,Knowledge Points,5.0,0.0560747663551401,0.23385995822451824,5,0.33333333333333337,0.6666666666666666
602,小数加减混合运算,Mixed Decimal Addition/Subtraction,Extended Thinking,5.0,0.2547169811320754,0.23385995822451824,0,0.11800486618004868,0.8819951338199513
603,表内除法计算,Division Table Calculations,Extended Thinking,6.0,0.008695652173913,4.999999484493186,10,0.8381995133819952,0.16180048661800486
605,对称类游戏,Symmetry Games,Extended Thinking,5.0,0.2782608695652174,0.23385995822451824,0,0.11800486618004868,0.8819951338199513
606,等式的性质,Properties of Equality,Knowledge Points,4.0,0.2086167800453514,0.23385995822451824,9,0.6076642335766423,0.39233576642335766
607,平方厘米、平方分米和平方米的单位换算,"Square cm, Square dm, Square m Conversion",Knowledge Points,6.0,0.5804066543438078,0.23385995822451824,2,0.7804136253041363,0.21958637469586376
608,“正”字法记录数据,"""Positive"" Tally Method",Knowledge Points,4.0,0.0181451612903225,0.23385995822451824,4,0.7037712895377128,0.2962287104622871
609,已知长宽变化，求面积变化,Area Change with Side Length Change,Knowledge Points,5.0,0.32,0.23385995822451824,0,0.11800486618004868,0.8819951338199513
610,数线段条数,Counting Line Segments,Knowledge Points,5.0,0.090566037735849,0.23385995822451824,5,0.33333333333333337,0.6666666666666666
611,整数乘法分配律,Distributive Law of Integer Multiplication,Knowledge Points,5.0,0.110204081632653,0.23385995822451824,5,0.33333333333333337,0.6666666666666666
612,等差数列的概念,Concept of Arithmetic Sequences,Extended Thinking,5.0,0.0734200743494423,0.1569658755537777,5,0.33333333333333337,0.6666666666666666
613,巧填括号型,Parentheses Puzzles,Extended Thinking,6.0,0.088235294117647,0.0026288821023038,10,0.8381995133819952,0.16180048661800486
614,余数特征,Remainder Characteristics,Extended Thinking,5.0,0.2458628841607565,0.23385995822451824,0,0.11800486618004868,0.8819951338199513
616,认识0,Understanding Zero,Knowledge Points,6.0,0.5517241379310345,0.23385995822451824,2,0.7804136253041363,0.21958637469586376
617,已知锯成某几段的时间，求锯成其他段数的时间,"Given Time to Saw into Certain Pieces, Find Time for Other Pieces",In-Class Question Types,5.0,0.1954022988505747,0.23385995822451824,0,0.11800486618004868,0.8819951338199513
618,字典排序法,Lexicographic Ordering,Extended Thinking,4.0,0.171875,0.23385995822451824,9,0.6076642335766423,0.39233576642335766
619,简单的周期计算,Simple Period Calculations,Knowledge Points,4.0,0.0898550724637681,0.23385995822451824,4,0.7037712895377128,0.2962287104622871
620,认识面积单位,Understanding Area Units,Knowledge Points,4.0,0.5210084033613446,0.23385995822451824,1,0.9324817518248175,0.06751824817518248
621,等高模型正用多次应用,Multiple Applications,Extended Thinking,7.0,0.1621621621621621,0.23385995822451824,10,0.8381995133819952,0.16180048661800486
622,平行四边形的判断,Parallelogram Identification,Knowledge Points,6.0,0.0285714285714285,0.23385995822451824,10,0.8381995133819952,0.16180048661800486
623,逆向思想,Reverse Thinking,Thinking Methods,2.0,0.2378640776699029,0.23385995822451824,3,0.8874695863746959,0.11253041362530414
624,折线统计图,Line Charts,In-Class Knowledge Points,4.0,0.1663179916317991,4.999999983445292,9,0.6076642335766423,0.39233576642335766
625,多量容斥的几何计数,Multi-Quantity Inclusion-Exclusion in Geometry Counting,Extended Thinking,4.0,0.1423813488759367,0.23385995822451824,4,0.7037712895377128,0.2962287104622871
626,加减法应用顺口溜,Addition/Subtraction Mnemonics,Extended Thinking,4.0,0.3505586592178771,0.23385995822451824,1,0.9324817518248175,0.06751824817518248
627,多边形的内角和,Sum of Interior Angles of Polygons,In-Class Knowledge Points,5.0,0.9853372434017597,0.23385995822451824,11,0.9939172749391727,0.006082725060827251
628,平移法求周长,Perimeter via Translation,Extended Thinking,5.0,0.3864541832669322,0.23385995822451824,2,0.7804136253041363,0.21958637469586376
629,用去尾法根据实际情况的运用,Rounding Down in Practical Situations,Knowledge Points,5.0,0.1405940594059406,0.23385995822451824,5,0.33333333333333337,0.6666666666666666
630,多项式结合图形面积,Polynomials with Shape Areas,Extended Thinking,5.0,0.3221476510067114,0.23385995822451824,0,0.11800486618004868,0.8819951338199513
631,一端植树问题,One-End Planting,Extended Thinking,5.0,0.273972602739726,0.23385995822451824,0,0.11800486618004868,0.8819951338199513
632,两端不植树问题,Neither-End Planting,Extended Thinking,5.0,0.4054054054054054,0.23385995822451824,2,0.7804136253041363,0.21958637469586376
633,两端植树两侧都种类型问题,Both Sides Planting,Extended Thinking,6.0,0.3806818181818182,0.23385995822451824,2,0.7804136253041363,0.21958637469586376
634,不约分分数的比较,Comparing Non-Reduced Fractions,Extended Thinking,6.0,0.2872117400419287,0.23385995822451824,6,0.49330900243309006,0.5066909975669099
636,鸡兔同笼问题,Chicken & Rabbit Problems,Extended Thinking,3.0,0.0534591194968553,0.23385995822451824,3,0.8874695863746959,0.11253041362530414
637,两次假设,Two Assumptions,Extended Thinking,5.0,0.0923076923076923,0.23385995822451824,5,0.33333333333333337,0.6666666666666666
638,特殊数字系列,Special Number Series,Extended Thinking,5.0,0.0384615384615384,0.23385995822451824,5,0.33333333333333337,0.6666666666666666
639,等差数列与估算,Arithmetic Sequences & Estimation,Extended Thinking,5.0,0.081081081081081,0.23385995822451824,5,0.33333333333333337,0.6666666666666666
640,笔算除法：三位数除以两位数,Column Division: Three-Digit ÷ Two-Digit,Knowledge Points,5.0,0.1378600823045267,0.23385995822451824,5,0.33333333333333337,0.6666666666666666
641,等式只填加减号,Equations with Only Plus/Minus,Extended Thinking,6.0,0.0272727272727272,0.23385995822451824,10,0.8381995133819952,0.16180048661800486
642,已知乘积求因数,Finding Factors from Product,Extended Thinking,5.0,0.0,0.23385995822451824,5,0.33333333333333337,0.6666666666666666
643,其它图形分割,Other Shape Segmentation,Extended Thinking,6.0,0.1766072811773818,0.6699606196882861,6,0.49330900243309006,0.5066909975669099
644,真假话,Truth/Lie Problems,Extended Thinking,5.0,0.2944038929440389,0.2650794463216537,0,0.11800486618004868,0.8819951338199513
645,列表法找对应,Tabular Correspondence Finding,Knowledge Points,4.0,0.5860023724792408,0.226688396589586,1,0.9324817518248175,0.06751824817518248
646,添线法计数,Add-Line Counting,Extended Thinking,5.0,0.1897435897435897,0.23385995822451824,0,0.11800486618004868,0.8819951338199513
647,多位数中的提公因数,Common Factor Extraction in Multi-Digit Numbers,Extended Thinking,5.0,0.1709677419354838,0.23385995822451824,0,0.11800486618004868,0.8819951338199513
648,多位数的运算和数字和相关,Multi-Digit Operations & Digit Sum,Extended Thinking,5.0,0.127208480565371,0.23385995822451824,5,0.33333333333333337,0.6666666666666666
649,等差数列长方形数表之已知位置求数,Arithmetic Sequence Rectangular Table: Position to Number,Extended Thinking,6.0,0.2664233576642336,4.999999999999999,6,0.49330900243309006,0.5066909975669099
650,等差数列长方形数表之已知数求位置,Arithmetic Sequence Rectangular Table: Number to Position,Extended Thinking,6.0,0.2670920692798541,4.999999996472883,6,0.49330900243309006,0.5066909975669099
651,删线法计数,Delete-Line Counting,Extended Thinking,5.0,0.2211538461538461,0.23385995822451824,0,0.11800486618004868,0.8819951338199513
652,长方形的一半模型,Half Model of Rectangle,Extended Thinking,6.0,0.065989847715736,0.23385995822451824,10,0.8381995133819952,0.16180048661800486
653,面积公式的综合应用,Comprehensive Area Formula Application,Extended Thinking,6.0,0.4164383561643835,0.23385995822451824,2,0.7804136253041363,0.21958637469586376
654,三角形面积公式应用,Triangle Area Formula Applications,Knowledge Points,6.0,0.1880530973451327,0.23385995822451824,6,0.49330900243309006,0.5066909975669099
655,一笔画,One-Stroke Drawing,Extended Thinking,4.0,0.5868852459016394,0.23385995822451824,1,0.9324817518248175,0.06751824817518248
656,标准四宫,4x4 Standard Sudoku,Extended Thinking,6.0,0.1501831501831501,0.23385995822451824,6,0.49330900243309006,0.5066909975669099
657,整数加法运算,Integer Addition Operations,Extended Thinking,5.0,0.1554006968641115,0.23385995822451824,0,0.11800486618004868,0.8819951338199513
658,加减抵消法,Addition/Subtraction Cancellation,Extended Thinking,6.0,0.2280813214739517,0.0952787073068748,6,0.49330900243309006,0.5066909975669099
659,利用奇偶规律构算式,Constructing Expressions Using Parity Rules,Extended Thinking,4.0,0.0690307328605201,0.1745871406881117,4,0.7037712895377128,0.2962287104622871
660,解方程：ax＋b＝c这种类型,Solving Equations of Form ax+b=c,Knowledge Points,6.0,0.0988235294117647,2.125067631998247e-16,10,0.8381995133819952,0.16180048661800486
661,年龄问题基本关系,Basic Age Relationships,Extended Thinking,4.0,0.2313432835820895,0.23385995822451824,9,0.6076642335766423,0.39233576642335766
662,几何思想平移,Translation,Extended Thinking,5.0,0.0533333333333333,0.23385995822451824,5,0.33333333333333337,0.6666666666666666
663,几何思想旋转,Rotation,Extended Thinking,5.0,0.2058823529411764,0.23385995822451824,0,0.11800486618004868,0.8819951338199513
664,不规则多边形的面积,Area of Irregular Polygons,Extended Thinking,6.0,0.0983606557377049,0.23385995822451824,10,0.8381995133819952,0.16180048661800486
665,乘法的实际应用,Practical Multiplication Applications,Knowledge Points,5.0,0.1732283464566929,0.4928344574618896,0,0.11800486618004868,0.8819951338199513
666,同时进行问题,Simultaneous Operations,Extended Thinking,6.0,0.1935483870967742,0.23385995822451824,6,0.49330900243309006,0.5066909975669099
667,分数拆分,Fraction Splitting,Extended Thinking,5.0,0.0967741935483871,0.23385995822451824,5,0.33333333333333337,0.6666666666666666
668,通项归纳,Term Induction,Extended Thinking,4.0,0.2528735632183908,0.23385995822451824,9,0.6076642335766423,0.39233576642335766
669,线确定点递推,Line-to-Point Recursion,Extended Thinking,5.0,0.3125,0.23385995822451824,0,0.11800486618004868,0.8819951338199513
670,梯形面积,Trapezoid Area,In-Class Knowledge Points,4.0,0.1770833333333333,0.23385995822451824,9,0.6076642335766423,0.39233576642335766
671,操作问题,Operation Problems,Extended Thinking,4.0,0.1320754716981132,0.23385995822451824,4,0.7037712895377128,0.2962287104622871
672,拆分数的数目不确定,Variable Number of Parts,Extended Thinking,6.0,0.2244897959183673,0.23385995822451824,6,0.49330900243309006,0.5066909975669099
673,摸小球,Drawing Balls,Extended Thinking,6.0,0.2692307692307692,0.23385995822451824,6,0.49330900243309006,0.5066909975669099
675,点线排布的实际应用,Practical Point-Line Arrangements,Extended Thinking,5.0,0.2626262626262626,0.23385995822451824,0,0.11800486618004868,0.8819951338199513
676,点线排布的最值,Max/Min in Point-Line Arrangements,Extended Thinking,5.0,0.106060606060606,0.23385995822451824,5,0.33333333333333337,0.6666666666666666
678,归一归总问题,Normalization & Generalization Problems,Extended Thinking,3.0,0.1666666666666666,0.23385995822451824,3,0.8874695863746959,0.11253041362530414
679,进水与排水问题,Inflow & Outflow Problems,Extended Thinking,4.0,0.0273972602739726,0.23385995822451824,4,0.7037712895377128,0.2962287104622871
680,转化为菜园，围栏之类的周长问题,Converting to Garden/Fence-Type Perimeter Problems,Knowledge Points,5.0,0.0757575757575757,0.23385995822451824,5,0.33333333333333337,0.6666666666666666
681,程序流程型,Program Flow Type,Extended Thinking,4.0,0.1344647519582245,0.23385995822451824,4,0.7037712895377128,0.2962287104622871
682,图形认知角,Angle Recognition,Extended Thinking,5.0,0.302491103202847,0.23385995822451824,0,0.11800486618004868,0.8819951338199513
683,计数与数字谜,Counting & Digit Puzzles,Extended Thinking,5.0,0.135593220338983,0.23385995822451824,5,0.33333333333333337,0.6666666666666666
684,枚举思想,Enumeration,Thinking Methods,2.0,0.5307262569832403,0.23385995822451824,8,0.9635036496350365,0.0364963503649635
685,等高模型正用一次应用,Single Application,Extended Thinking,7.0,0.6186440677966102,0.23385995822451824,7,0.9805352798053528,0.019464720194647202
687,暗和明差,"Hidden Sum, Known Difference",Extended Thinking,6.0,0.4672897196261682,0.23385995822451824,2,0.7804136253041363,0.21958637469586376
688,割补平移求多边形面积,Area via Cutting/Translation,In-Class Knowledge Points,5.0,0.2989130434782608,0.23385995822451824,0,0.11800486618004868,0.8819951338199513
689,点确定线递推,Point-to-Line Recursion,Extended Thinking,5.0,0.3333333333333333,0.23385995822451824,0,0.11800486618004868,0.8819951338199513
690,矩形队伍求总数,Rectangular Formation Count,Extended Thinking,4.0,0.1163793103448275,0.23385995822451824,4,0.7037712895377128,0.2962287104622871
691,六边形阵基本问题,Hexagonal Array Basics,Extended Thinking,5.0,0.2886178861788618,0.23385995822451824,0,0.11800486618004868,0.8819951338199513
692,韦恩图,Venn Diagrams,Knowledge Points,4.0,0.2280701754385964,0.23385995822451824,9,0.6076642335766423,0.39233576642335766
693,以文字题形式运用方程解应用题,Solving Word Problems with Text Forms,In-Class Question Types,5.0,0.3333333333333333,0.23385995822451824,0,0.11800486618004868,0.8819951338199513
695,数列操作周期问题,Sequence Operation Periods,Extended Thinking,4.0,0.2281879194630872,0.23385995822451824,9,0.6076642335766423,0.39233576642335766
696,乘方的应用,Applications of Powers,Extended Thinking,4.0,0.1010558069381598,4.999999999999995,4,0.7037712895377128,0.2962287104622871
697,求第几个数是多少问题,Finding the nth Number,Extended Thinking,5.0,0.0347826086956521,0.23385995822451824,5,0.33333333333333337,0.6666666666666666
698,直线型行程问题,Linear Travel Problems,Extended Thinking,3.0,0.1323877068557919,0.23385995822451824,3,0.8874695863746959,0.11253041362530414
699,具体量工程问题,Specific Quantity Work,Extended Thinking,5.0,0.2690058479532163,0.23385995822451824,0,0.11800486618004868,0.8819951338199513
700,差系整除特征,Difference-Based Divisibility Rules,Extended Thinking,5.0,0.1956521739130435,0.23385995822451824,0,0.11800486618004868,0.8819951338199513
701,尾数系整除特征应用,Last Digit-Based Divisibility Applications,Extended Thinking,5.0,0.075,0.23385995822451824,5,0.33333333333333337,0.6666666666666666
702,奇数与偶数的判断,Identifying Odd & Even Numbers,Knowledge Points,5.0,0.5755395683453237,0.23385995822451824,2,0.7804136253041363,0.21958637469586376
703,重叠直线型,Overlapping Lines,Extended Thinking,5.0,0.1386554621848739,0.23385995822451824,5,0.33333333333333337,0.6666666666666666
704,小数基础,Decimal Basics,Extended Thinking,4.0,0.1095890410958904,0.23385995822451824,4,0.7037712895377128,0.2962287104622871
705,其他变形数独,Other Variant Sudoku,Extended Thinking,6.0,0.0632911392405063,0.23385995822451824,10,0.8381995133819952,0.16180048661800486
706,多元一次方程解应用题,Multi-variable Linear Equations,Extended Thinking,4.0,0.2545454545454545,0.23385995822451824,9,0.6076642335766423,0.39233576642335766
707,分组法解鸡兔同笼,Grouping Method,Extended Thinking,4.0,0.9852941176470588,0.23385995822451824,11,0.9939172749391727,0.006082725060827251
708,黑白染色,Black-White Coloring,Extended Thinking,4.0,0.217391304347826,0.23385995822451824,9,0.6076642335766423,0.39233576642335766
709,表内乘法计算,Multiplication Table Calculations,Extended Thinking,6.0,0.0123076923076923,0.23385995822451824,10,0.8381995133819952,0.16180048661800486
710,多位数除以一位数,Multi-Digit ÷ One-Digit,In-Class Knowledge Points,5.0,0.55,0.23385995822451824,2,0.7804136253041363,0.21958637469586376
711,乘法的认识,Understanding Multiplication,Extended Thinking,5.0,0.0958904109589041,0.23385995822451824,5,0.33333333333333337,0.6666666666666666
712,错车,Trains Passing Each Other,Extended Thinking,5.0,0.5950413223140496,0.23385995822451824,2,0.7804136253041363,0.21958637469586376
713,两次相遇,Two Encounters,Extended Thinking,5.0,0.327372764786795,0.23385995822451824,0,0.11800486618004868,0.8819951338199513
714,剪拼长正方形周长的变化,Perimeter Changes in Cutting/Pasting Rectangles,Knowledge Points,5.0,0.106060606060606,0.23385995822451824,5,0.33333333333333337,0.6666666666666666
715,用进一法根据实际情况的运用,Rounding Up in Practical Situations,Knowledge Points,5.0,0.1274509803921568,0.23385995822451824,5,0.33333333333333337,0.6666666666666666
716,余数的可乘性,Multiplicative Property of Remainders,Extended Thinking,5.0,0.1538461538461538,0.23385995822451824,0,0.11800486618004868,0.8819951338199513
717,平行四边形与梯形的相互变化,Parallelogram-Trapezoid Transformations,Knowledge Points,5.0,0.0588235294117647,0.23385995822451824,5,0.33333333333333337,0.6666666666666666
718,余数性质综合,Comprehensive Remainder Properties,Extended Thinking,5.0,0.032258064516129,0.23385995822451824,5,0.33333333333333337,0.6666666666666666
719,面积,Area,Knowledge Points,3.0,0.0614035087719298,0.23385995822451824,3,0.8874695863746959,0.11253041362530414
720,反倍型二量差倍问题,Reverse Multiple Difference,Extended Thinking,6.0,0.3865546218487395,0.23385995822451824,2,0.7804136253041363,0.21958637469586376
721,重叠集合型,Overlapping Sets,Extended Thinking,5.0,0.2695652173913043,0.23385995822451824,0,0.11800486618004868,0.8819951338199513
722,取火柴棒类游戏,Matchstick Games,Extended Thinking,6.0,0.4745762711864407,0.23385995822451824,2,0.7804136253041363,0.21958637469586376
723,最值原理在几何中的应用,Max/Min Principles in Geometry,Extended Thinking,4.0,0.1447368421052631,0.23385995822451824,4,0.7037712895377128,0.2962287104622871
724,抽取卡片组数,Draw Card Number Formation,Extended Thinking,6.0,0.25,0.23385995822451824,6,0.49330900243309006,0.5066909975669099
725,已知总数，求平均数,"Given Total, Find Average",Knowledge Points,4.0,0.2203389830508474,0.23385995822451824,9,0.6076642335766423,0.39233576642335766
726,乘法运算数列,Multiplication Operation Sequences,Extended Thinking,5.0,0.032258064516129,0.23385995822451824,5,0.33333333333333337,0.6666666666666666
727,加减综合,Addition/Subtraction Synthesis,Extended Thinking,6.0,0.1290322580645161,0.23385995822451824,6,0.49330900243309006,0.5066909975669099
728,数字排列规律,Digit Arrangement Patterns,In-Class Knowledge Points,4.0,0.0689655172413793,0.23385995822451824,4,0.7037712895377128,0.2962287104622871
729,复合数字的整除特征应用,Composite Number Divisibility Applications,Extended Thinking,5.0,0.0769230769230769,0.23385995822451824,5,0.33333333333333337,0.6666666666666666
730,不定方程解应用题,Indefinite Equations in Word Problems,Extended Thinking,4.0,0.6,0.23385995822451824,1,0.9324817518248175,0.06751824817518248
731,横式与竖式的转换,Horizontal-to-Vertical Conversion,Extended Thinking,5.0,0.0909090909090909,0.23385995822451824,5,0.33333333333333337,0.6666666666666666
732,7的乘法,Multiplication by 7,Knowledge Points,6.0,0.02803738317757,0.23385995822451824,10,0.8381995133819952,0.16180048661800486
733,中间带0的除法,Division with Middle Zero,Knowledge Points,5.0,0.065040650406504,0.23385995822451824,5,0.33333333333333337,0.6666666666666666
734,笔算除法：两位数除以一位数,Column Division: Two-Digit ÷ One-Digit,Knowledge Points,5.0,0.1032608695652173,0.23385995822451824,5,0.33333333333333337,0.6666666666666666
735,口算除法：两位数除以一位数,Mental Division: Two-Digit ÷ One-Digit,Knowledge Points,5.0,0.0615384615384615,0.23385995822451824,5,0.33333333333333337,0.6666666666666666
736,积不变性质,Product Invariance Property,Knowledge Points,4.0,0.1666666666666666,0.23385995822451824,9,0.6076642335766423,0.39233576642335766
737,分数的分类,Classification of Fractions,Extended Thinking,5.0,0.119047619047619,0.23385995822451824,5,0.33333333333333337,0.6666666666666666
738,两分数直接裂差,Direct Difference of Two Fractions,Extended Thinking,6.0,0.048780487804878,0.23385995822451824,10,0.8381995133819952,0.16180048661800486
739,末一位数,Last Digit,Extended Thinking,4.0,0.0,0.23385995822451824,4,0.7037712895377128,0.2962287104622871
740,构造平行线,Constructing Parallel Lines,Extended Thinking,6.0,0.7454545454545455,0.23385995822451824,7,0.9805352798053528,0.019464720194647202
741,小数,Decimals,Extended Thinking,3.0,0.5223880597014925,0.23385995822451824,8,0.9635036496350365,0.0364963503649635
742,小数四则运算,Decimal Four Operations,Extended Thinking,4.0,0.5223880597014925,0.23385995822451824,1,0.9324817518248175,0.06751824817518248
743,等高模型,Equal Height Models,Extended Thinking,5.0,0.8387096774193549,0.23385995822451824,7,0.9805352798053528,0.019464720194647202
744,多量容斥的最值问题,Multi-Quantity Inclusion-Exclusion Max/Min,Extended Thinking,4.0,0.6190476190476191,0.23385995822451824,1,0.9324817518248175,0.06751824817518248
745,对应法数图形,Correspondence Method,Extended Thinking,4.0,0.3870967741935484,0.23385995822451824,1,0.9324817518248175,0.06751824817518248
746,相遇问题求某方速度,Encounter Problems: Finding One Party's Speed,In-Class Question Types,5.0,0.1276595744680851,0.23385995822451824,5,0.33333333333333337,0.6666666666666666
747,往返相遇,Round-Trip Encounters,Extended Thinking,5.0,0.2340425531914893,0.23385995822451824,0,0.11800486618004868,0.8819951338199513
748,图形认知平行四边形,Parallelogram Recognition,Extended Thinking,5.0,0.109090909090909,0.23385995822451824,5,0.33333333333333337,0.6666666666666666
749,转化为菜园，围栏之类的面积问题,Converting to Garden/Fence-Type Area Problems,Knowledge Points,5.0,0.1320754716981132,0.23385995822451824,5,0.33333333333333337,0.6666666666666666
751,分组法,Grouping Method,Extended Thinking,5.0,0.1463414634146341,0.23385995822451824,5,0.33333333333333337,0.6666666666666666
752,方中圆、圆中方,"Circle in Square, Square in Circle",Extended Thinking,5.0,0.0714285714285714,0.23385995822451824,5,0.33333333333333337,0.6666666666666666
753,暗和暗差,"Hidden Sum, Hidden Difference",Extended Thinking,6.0,0.0,0.23385995822451824,10,0.8381995133819952,0.16180048661800486
754,两数之积的最值,Max/Min of Product of Two Numbers,Extended Thinking,5.0,0.0789473684210526,0.23385995822451824,5,0.33333333333333337,0.6666666666666666
755,设数法,Assumption Method,Extended Thinking,6.0,0.490566037735849,0.23385995822451824,2,0.7804136253041363,0.21958637469586376
757,变倍型二量差倍问题,Variable Multiple Difference,Extended Thinking,6.0,0.3181818181818182,0.23385995822451824,6,0.49330900243309006,0.5066909975669099
758,乘法分配律,Distributive Property of Multiplication,Extended Thinking,5.0,0.2040816326530612,0.23385995822451824,0,0.11800486618004868,0.8819951338199513
759,分组组合,Group Combinations,Extended Thinking,5.0,0.0697674418604651,0.23385995822451824,5,0.33333333333333337,0.6666666666666666
760,钉子板画图形,Drawing on Pegboard,Extended Thinking,6.0,0.2558139534883721,0.23385995822451824,6,0.49330900243309006,0.5066909975669099
761,编码,Encoding,Knowledge Points,3.0,0.1964285714285714,0.23385995822451824,3,0.8874695863746959,0.11253041362530414
762,时间计算,Time Calculation,Extended Thinking,4.0,0.0217391304347826,0.23385995822451824,4,0.7037712895377128,0.2962287104622871
763,多位数减法,Multi-Digit Subtraction,In-Class Knowledge Points,5.0,0.0615384615384615,0.23385995822451824,5,0.33333333333333337,0.6666666666666666
764,符号化数学原理,Symbolic Mathematical Principles,Abilities,3.0,0.087719298245614,0.23385995822451824,3,0.8874695863746959,0.11253041362530414
765,认识长度单位,Understanding Length Units,Knowledge Points,4.0,0.0061349693251533,0.23385995822451824,4,0.7037712895377128,0.2962287104622871
766,已知两人现在年龄，求几年后（前）是n倍,"Given Current Ages, Find How Many Years Until n Times",Knowledge Points,4.0,0.119047619047619,0.23385995822451824,4,0.7037712895377128,0.2962287104622871
767,认识梯形的底、高,Understanding Base & Height of Trapezoid,In-Class Knowledge Points,5.0,0.1142857142857142,0.23385995822451824,5,0.33333333333333337,0.6666666666666666
768,已知单位一和部分量，求分率,"Given Unit 1 and Part, Find Percentage",Knowledge Points,4.0,0.6153846153846154,0.23385995822451824,1,0.9324817518248175,0.06751824817518248
769,乘积末尾0的个数,Number of Trailing Zeros in Product,Extended Thinking,5.0,0.0416666666666666,0.23385995822451824,5,0.33333333333333337,0.6666666666666666
770,等边三角形,Equilateral Triangles,Knowledge Points,6.0,0.4893617021276595,0.23385995822451824,2,0.7804136253041363,0.21958637469586376
771,三角形的分类,Classification of Triangles,Extended Thinking,6.0,0.0212765957446808,0.23385995822451824,10,0.8381995133819952,0.16180048661800486
773,末尾带0的乘法,Numbers Ending in Zero Multiplication,In-Class Knowledge Points,5.0,0.1532846715328467,0.23385995822451824,0,0.11800486618004868,0.8819951338199513
774,笔算除法：三位数除以一位数,Column Division: Three-Digit ÷ One-Digit,Knowledge Points,5.0,0.5,0.23385995822451824,2,0.7804136253041363,0.21958637469586376
775,余数的可加性,Additive Property of Remainders,Extended Thinking,5.0,0.0,0.23385995822451824,5,0.33333333333333337,0.6666666666666666
776,余数找规律,Finding Remainder Patterns,Extended Thinking,5.0,0.0,0.23385995822451824,5,0.33333333333333337,0.6666666666666666
777,平面图形分类,Classification of Plane Shapes,In-Class Question Types,5.0,0.2580645161290322,0.23385995822451824,0,0.11800486618004868,0.8819951338199513
778,单复式统计表互化,Single-Compound Table Conversion,Extended Thinking,5.0,0.7619047619047619,0.23385995822451824,7,0.9805352798053528,0.019464720194647202
779,梯形的概念,Concept of Trapezoid,Extended Thinking,6.0,0.28125,0.23385995822451824,6,0.49330900243309006,0.5066909975669099
780,方向,Direction,Extended Thinking,4.0,0.323943661971831,0.0472895170735385,1,0.9324817518248175,0.06751824817518248
781,构造格点,Constructing Grid Points,Extended Thinking,6.0,0.275,0.23385995822451824,6,0.49330900243309006,0.5066909975669099
782,正方形和长方形,Squares & Rectangles,Extended Thinking,5.0,0.6,0.23385995822451824,2,0.7804136253041363,0.21958637469586376
783,实心方阵,Solid Arrays,Extended Thinking,4.0,0.0476190476190476,0.23385995822451824,4,0.7037712895377128,0.2962287104622871
784,标数法,Labeling Methods,Extended Thinking,3.0,0.5882352941176471,0.23385995822451824,8,0.9635036496350365,0.0364963503649635
785,整数分拆,Integer Partitioning,Extended Thinking,4.0,0.4827586206896552,0.23385995822451824,1,0.9324817518248175,0.06751824817518248
786,路程速度时间,Distance-Speed-Time,Extended Thinking,4.0,0.5258620689655172,0.23385995822451824,1,0.9324817518248175,0.06751824817518248
787,余数问题,Remainder Problems,Extended Thinking,3.0,0.0,0.23385995822451824,3,0.8874695863746959,0.11253041362530414
788,梯形的上底、下底和高,"Top Base, Bottom Base & Height of Trapezoid",In-Class Knowledge Points,5.0,0.0,0.23385995822451824,5,0.33333333333333337,0.6666666666666666
789,一边一种物体的天平代换,One-Object-One-Side Balance Substitution,Extended Thinking,5.0,0.0,0.23385995822451824,5,0.33333333333333337,0.6666666666666666
790,一边有多种物体的天平代换,Multiple-Objects-One-Side Balance Substitution,Extended Thinking,5.0,0.0,0.23385995822451824,5,0.33333333333333337,0.6666666666666666
791,文字转化为算式代换,Text-to-Expression Substitution,Extended Thinking,5.0,0.0,0.23385995822451824,5,0.33333333333333337,0.6666666666666666
792,等量代换加减型,Addition/Subtraction Substitution,Extended Thinking,5.0,0.0,0.23385995822451824,5,0.33333333333333337,0.6666666666666666
794,夹子及图钉问题,Clip & Pin Problems,Extended Thinking,5.0,0.5,0.23385995822451824,2,0.7804136253041363,0.21958637469586376
795,减法横式,Horizontal Subtraction,Extended Thinking,6.0,0.5,0.23385995822451824,2,0.7804136253041363,0.21958637469586376
796,比赛比分可能性的枚举,Enumerating Possible Match Scores,In-Class Question Types,5.0,0.1111111111111111,0.23385995822451824,5,0.33333333333333337,0.6666666666666666
797,时间的计算,Time Calculation,Knowledge Points,4.0,0.0909090909090909,0.23385995822451824,4,0.7037712895377128,0.2962287104622871
798,时间单位换算,Time Unit Conversion,Extended Thinking,4.0,0.1818181818181818,0.23385995822451824,9,0.6076642335766423,0.39233576642335766
799,数字与字母结合,Number-Letter Combinations,Extended Thinking,4.0,0.4090909090909091,0.23385995822451824,1,0.9324817518248175,0.06751824817518248
800,取近似值,Rounding,Extended Thinking,5.0,0.6666666666666666,0.23385995822451824,7,0.9805352798053528,0.019464720194647202
801,中项和首项、末项的关系,"Relationship Between Middle Term, First & Last Terms",Extended Thinking,5.0,0.1,0.23385995822451824,5,0.33333333333333337,0.6666666666666666
802,标准标数法,Standard Labeling Method,Extended Thinking,4.0,0.25,0.23385995822451824,9,0.6076642335766423,0.39233576642335766
803,巧填算符中的最值,Max/Min in Operator Puzzles,Extended Thinking,5.0,0.3333333333333333,0.23385995822451824,0,0.11800486618004868,0.8819951338199513
804,平行四边形性质综合应用,Comprehensive Parallelogram Properties,Knowledge Points,5.0,0.0714285714285714,0.23385995822451824,5,0.33333333333333337,0.6666666666666666
805,中心对称等分平行四边形面积,Symmetric Division of Parallelogram Area,Knowledge Points,5.0,0.1428571428571428,0.23385995822451824,5,0.33333333333333337,0.6666666666666666
806,等高模型反用,Reverse Equal Height Model,Extended Thinking,6.0,0.0769230769230769,0.23385995822451824,10,0.8381995133819952,0.16180048661800486
807,鸟头模型,Bird's Head Model,Extended Thinking,5.0,0.0,0.23385995822451824,5,0.33333333333333337,0.6666666666666666
808,加法不定方程,Addition Indefinite Equations,Extended Thinking,5.0,0.0,0.23385995822451824,5,0.33333333333333337,0.6666666666666666
809,比较型逻辑推理,Comparative Logic,Extended Thinking,4.0,0.0655737704918032,0.23385995822451824,4,0.7037712895377128,0.2962287104622871
810,已知长宽关系，求周长,Finding Perimeter from Side Length Relationships,In-Class Question Types,5.0,0.25,0.23385995822451824,0,0.11800486618004868,0.8819951338199513
811,进制间的互化,Base Conversion,Extended Thinking,5.0,0.0,0.23385995822451824,5,0.33333333333333337,0.6666666666666666
812,进制应用,Base Applications,Extended Thinking,5.0,0.0,0.23385995822451824,5,0.33333333333333337,0.6666666666666666
813,进制乘除运算,Multiplication/Division in Bases,Extended Thinking,5.0,0.0,0.23385995822451824,5,0.33333333333333337,0.6666666666666666
814,连锁约分,Chain Cancellation,Extended Thinking,5.0,0.0,0.23385995822451824,5,0.33333333333333337,0.6666666666666666
815,分数换元法,Fraction Substitution,Extended Thinking,5.0,0.0,0.23385995822451824,5,0.33333333333333337,0.6666666666666666
816,繁分数计算,Complex Fraction Calculations,Extended Thinking,5.0,0.0,0.23385995822451824,5,0.33333333333333337,0.6666666666666666
817,整体约分,Overall Cancellation,Extended Thinking,5.0,0.0,0.23385995822451824,5,0.33333333333333337,0.6666666666666666
818,直接提取公因数/式,Direct Common Factor Extraction,Extended Thinking,5.0,0.0,0.23385995822451824,5,0.33333333333333337,0.6666666666666666
819,直线,Straight Lines,Knowledge Points,5.0,1.0,0.23385995822451824,11,0.9939172749391727,0.006082725060827251
820,植树问题,Tree Planting Problems,In-Class Knowledge Points,3.0,0.3333333333333333,0.23385995822451824,8,0.9635036496350365,0.0364963503649635
821,凑整,Rounding,Extended Thinking,5.0,0.1296296296296296,0.23385995822451824,5,0.33333333333333337,0.6666666666666666
822,使用三角板，量角器画图,Drawing with Triangle Rulers & Protractors,In-Class Question Types,5.0,0.2325581395348837,0.23385995822451824,0,0.11800486618004868,0.8819951338199513
823,画指定度数的角,Drawing Specified Angles,Knowledge Points,5.0,0.2325581395348837,0.23385995822451824,0,0.11800486618004868,0.8819951338199513
824,找一致（同伙）,Finding Consistency,Extended Thinking,6.0,0.2448979591836734,0.3549375122764821,6,0.49330900243309006,0.5066909975669099
825,方程法解鸡兔同笼,Solving Chicken-Rabbit Problems with Equations,Extended Thinking,5.0,0.3333333333333333,0.23385995822451824,0,0.11800486618004868,0.8819951338199513
826,计数模块,Counting Module,Extended Thinking,2.0,0.2596153846153846,0.23385995822451824,3,0.8874695863746959,0.11253041362530414
827,小数加减巧算之分组法,Grouping in Decimal Addition/Subtraction,Extended Thinking,5.0,0.3881578947368421,0.23385995822451824,2,0.7804136253041363,0.21958637469586376
828,小数同尾相减,Same-Tail Subtraction,Extended Thinking,6.0,0.4700854700854701,0.23385995822451824,2,0.7804136253041363,0.21958637469586376
829,直接代换,Direct Substitution,In-Class Question Types,5.0,0.0,0.23385995822451824,5,0.33333333333333337,0.6666666666666666
830,小数基准数法,Benchmark Number Method,Extended Thinking,6.0,0.4939759036144578,0.23385995822451824,2,0.7804136253041363,0.21958637469586376
831,奇偶点问题,Odd/Even Vertex Problems,Extended Thinking,5.0,0.8333333333333334,0.23385995822451824,7,0.9805352798053528,0.019464720194647202
832,小数“好朋友数”的应用,"""Friendly Number"" Applications",Extended Thinking,6.0,0.6179775280898876,0.23385995822451824,2,0.7804136253041363,0.21958637469586376
834,沿线剪拼规则图形（有格）,Cutting Along Lines,Extended Thinking,6.0,0.8235294117647058,0.23385995822451824,7,0.9805352798053528,0.019464720194647202
835,差倍,Difference-Multiple Problems,Extended Thinking,4.0,0.0,0.23385995822451824,4,0.7037712895377128,0.2962287104622871
836,横式数字谜的最值,Max/Min in Horizontal Puzzles,Extended Thinking,5.0,0.975609756097561,0.23385995822451824,11,0.9939172749391727,0.006082725060827251
837,基本合作问题,Basic Collaboration,Extended Thinking,5.0,0.0,0.23385995822451824,5,0.33333333333333337,0.6666666666666666
838,基本型,Basic Type,Extended Thinking,5.0,0.2,0.23385995822451824,0,0.11800486618004868,0.8819951338199513
839,移多补少,Moving to Balance,Extended Thinking,4.0,0.6,0.23385995822451824,1,0.9324817518248175,0.06751824817518248
840,给定总价钱的不同面值的组成,"Given Total Price, Find Denomination Combinations",In-Class Question Types,5.0,0.0,0.23385995822451824,5,0.33333333333333337,0.6666666666666666
841,直接运用公式求总价,Using Formula to Find Total Price,In-Class Question Types,5.0,0.6,0.23385995822451824,2,0.7804136253041363,0.21958637469586376
842,量率对应已知单位1,Unit 1 Given for Rate-Quantity Correspondence,Extended Thinking,4.0,0.3333333333333333,0.23385995822451824,1,0.9324817518248175,0.06751824817518248
843,已知部分量的平均数，求总体对的平均数,"Given Averages of Parts, Find Overall Average",Knowledge Points,4.0,1.0,0.23385995822451824,11,0.9939172749391727,0.006082725060827251
844,长方体与正方体,Cuboids & Cubes,Extended Thinking,4.0,1.0,0.23385995822451824,11,0.9939172749391727,0.006082725060827251
845,小数除法巧算之提取公除数（普通型）,Decimal Division Tricks,Extended Thinking,5.0,0.1666666666666666,0.23385995822451824,0,0.11800486618004868,0.8819951338199513
846,空心方阵,Hollow Arrays,Extended Thinking,4.0,1.0,0.23385995822451824,11,0.9939172749391727,0.006082725060827251
847,等量代换替换型,Replacement Substitution,Extended Thinking,5.0,1.0,0.23385995822451824,11,0.9939172749391727,0.006082725060827251
848,平面几何加工,Plane Geometry Processing,Abilities,3.0,0.2,0.23385995822451824,3,0.8874695863746959,0.11253041362530414
850,数桥,Hashiwokakero,Extended Thinking,4.0,0.1111111111111111,0.23385995822451824,4,0.7037712895377128,0.2962287104622871
851,菱形的周长与面积,Perimeter & Area of Rhombus,Knowledge Points,5.0,0.0,0.23385995822451824,5,0.33333333333333337,0.6666666666666666
852,根据一个方向辨认其余方向,Identifying Directions from One Known Direction,Knowledge Points,6.0,0.0,0.23385995822451824,10,0.8381995133819952,0.16180048661800486
855,团体票、成人票、学生票的对比选择方案,"Group Ticket, Adult Ticket, Student Ticket Comparison",Knowledge Points,5.0,0.0,0.23385995822451824,5,0.33333333333333337,0.6666666666666666
856,除法运算结果估算,Estimating Division Results,Knowledge Points,5.0,0.0,0.23385995822451824,5,0.33333333333333337,0.6666666666666666
857,乘除法应用,Multiplication/Division Applications,Extended Thinking,4.0,0.0,0.23385995822451824,4,0.7037712895377128,0.2962287104622871
858,时钟上的规律,Clock Patterns,Extended Thinking,4.0,0.1666666666666666,0.23385995822451824,9,0.6076642335766423,0.39233576642335766
859,年龄问题,Age Problems,Extended Thinking,3.0,0.1,0.23385995822451824,3,0.8874695863746959,0.11253041362530414
860,由一元二次方程的解求参数的值,Finding Parameters from Solutions,Knowledge Points,5.0,0.0,0.23385995822451824,5,0.33333333333333337,0.6666666666666666
861,一元二次方程的定义,Definition of Quadratic Equations,Knowledge Points,5.0,0.0,0.23385995822451824,5,0.33333333333333337,0.6666666666666666
862,由一元二次方程定义求参数的值,Finding Parameters from Definition,Knowledge Points,5.0,0.0,0.23385995822451824,5,0.33333333333333337,0.6666666666666666
863,已知上到某楼的时间，求上到其他楼层的时间,"Given Time to Reach Certain Floor, Find Time to Reach Other Floors",In-Class Question Types,5.0,0.5,0.23385995822451824,2,0.7804136253041363,0.21958637469586376
864,年龄问题类型之和倍、差倍、和差,"Age Problem Types: Sum-Multiple, Difference-Multiple, Sum-Difference",Knowledge Points,4.0,0.6666666666666666,0.23385995822451824,1,0.9324817518248175,0.06751824817518248
