case,student_id,fast_error_rate,slow_correct_rate,timeout_rate,time_on_easy_share,carelessness,negation_error_gap,context_switch_cost,cognitive_load_sensitivity,end_of_match_decay,pressure_sensitivity,mean_tau,error_rate
knowledge_absence,knowledge_absence_0,0.0,0.36363636363636365,0.45,0.5449208722048043,0.6190476190476191,0.1358428805237316,-0.11317254174397029,0.22518449084426034,-0.20000000000000007,0.23404255319148937,1.046018201588646,0.8166666666666667
knowledge_absence,knowledge_absence_1,0.0,0.6363636363636364,0.5,0.5136237759716955,0.7307692307692307,-0.17647058823529416,0.07692307692307687,-0.15184272668356763,-0.20000000000000007,-0.11590296495956875,1.0538310859065176,0.8166666666666667
knowledge_absence,knowledge_absence_2,0.02,0.7,0.5666666666666667,0.6561315006396735,0.8125,-0.039999999999999925,0.1298701298701298,-0.08562148618008848,-0.19999999999999996,-0.2964959568733154,1.0779270463331032,0.8333333333333334
knowledge_absence,knowledge_absence_3,0.0,0.6666666666666666,0.5,0.4141199442372389,0.8928571428571429,0.009316770186335366,0.15363881401617252,-0.14752039507441148,-0.19999999999999996,0.17307692307692313,1.057053996213308,0.85
knowledge_absence,knowledge_absence_4,0.0,0.47368421052631576,0.43333333333333335,0.7134543433549142,0.696969696969697,-0.21999999999999997,-0.11354309165526666,-0.18115690454507405,0.6,-0.0185185185185186,1.001488036735074,0.6833333333333333
knowledge_absence,knowledge_absence_5,0.0,1.0,0.5,0.5059684645791929,0.84,0.07201309328968908,-0.009615384615384581,-0.17145391339048233,0.0,-0.1987577639751552,1.0332229459602602,0.8666666666666667
knowledge_absence,knowledge_absence_6,0.0,0.375,0.38333333333333336,0.6222437571702962,0.6896551724137931,0.1777777777777778,0.2692307692307693,0.4747864148791884,0.0,-0.08333333333333337,0.9786109448329634,0.7333333333333333
knowledge_absence,knowledge_absence_7,0.0,0.5294117647058824,0.48333333333333334,0.6185562381870968,0.625,-0.12727272727272732,0.0971272229822161,0.06827370450889099,-0.19999999999999996,0.012987012987012991,1.1057644749395303,0.7166666666666667
knowledge_absence,knowledge_absence_8,0.0,0.7272727272727273,0.5333333333333333,0.6100374780819718,0.8387096774193549,0.11317254174397029,0.07692307692307687,-0.05931081046589473,0.0,-0.11590296495956875,1.0582986483593768,0.8166666666666667
knowledge_absence,knowledge_absence_9,0.0,0.5333333333333333,0.6,0.4961751097010015,0.6086956521739131,-0.07364975450081834,-0.02454991816693952,-0.2855041144165919,-0.20000000000000007,0.12129380053908356,1.1413037081895068,0.75
knowledge_absence,knowledge_absence_10,0.0,0.3333333333333333,0.4,0.605730842624629,0.7096774193548387,-0.0980392156862745,-0.08348794063079779,0.26044716428464904,-0.19999999999999996,0.2777777777777778,1.0529228441127805,0.75
knowledge_absence,knowledge_absence_11,0.0,0.5625,0.5166666666666667,0.5895897592819929,0.71875,0.16346153846153844,-0.10795454545454541,0.1005205109770414,-0.19999999999999996,-0.3469721767594107,1.0859987096696593,0.7333333333333333
knowledge_absence,knowledge_absence_12,0.0,0.5789473684210527,0.48333333333333334,0.6648275493764813,0.5769230769230769,-0.02083333333333337,0.09999999999999998,0.021927661614368574,0.0,0.11111111111111116,1.0075336816900715,0.6833333333333333
knowledge_absence,knowledge_absence_13,0.0,0.43478260869565216,0.4166666666666667,0.5678092209390533,0.5714285714285714,0.0625,0.20261437908496738,-0.052183769525076786,-0.19999999999999996,0.05263157894736836,0.9955071012616317,0.6166666666666667
knowledge_absence,knowledge_absence_14,0.0,0.42857142857142855,0.5,0.46297249827373144,0.8181818181818182,-0.1527777777777778,-0.13207547169811318,0.27612576185292365,0.0,0.12962962962962965,1.0844339471436786,0.8833333333333333
knowledge_absence,knowledge_absence_15,0.0,0.2222222222222222,0.5833333333333334,0.5905859281600023,0.8148148148148148,-0.02083333333333326,-0.04575163398692805,0.012737970913445988,0.19999999999999996,-0.2596153846153846,1.0930615107852262,0.85
knowledge_absence,knowledge_absence_16,0.0,0.46153846153846156,0.5333333333333333,0.5846008755082912,0.7714285714285715,0.0625,0.04166666666666663,-0.025992581698952983,0.19999999999999996,0.042671614100185606,1.0901537573542355,0.7833333333333333
knowledge_absence,knowledge_absence_17,0.0,0.5,0.5,0.5539766317155933,0.8888888888888888,0.024844720496894346,-0.00327332242225864,-0.24508044680568408,0.0,0.2592592592592593,1.0900070712458851,0.7666666666666667
knowledge_absence,knowledge_absence_18,0.0,0.375,0.4,0.5119087908329993,0.7419354838709677,-0.1875,-0.1777777777777778,-0.05826952383460424,0.0,-0.11873840445269013,1.0103052347202721,0.7333333333333333
knowledge_absence,knowledge_absence_19,0.0,0.5833333333333334,0.43333333333333335,0.4283423080151135,0.7272727272727273,-0.0492476060191519,0.11180124223602483,0.07753701876285739,0.19999999999999996,0.0646900269541778,1.035407074188401,0.8
knowledge_absence,knowledge_absence_20,0.0,0.38461538461538464,0.5,0.5525846761787193,0.6428571428571429,0.0031055900621117516,0.09006211180124224,-0.06065690467159888,0.4,-0.038461538461538436,1.088225756490181,0.7833333333333333
knowledge_absence,knowledge_absence_21,0.0,0.45,0.43333333333333335,0.5723895947740124,0.7142857142857143,0.039999999999999925,-0.0539083557951483,0.12614466885672612,0.0,0.0,1.0336501363355408,0.6666666666666666
knowledge_absence,knowledge_absence_22,0.0,0.7857142857142857,0.65,0.4401125621891255,0.7272727272727273,0.19967266775777415,0.04823747680890533,-0.3261434350563813,0.0,0.2545454545454545,1.1420639850183145,0.7666666666666667
knowledge_absence,knowledge_absence_23,0.0,0.7692307692307693,0.6,0.6083321727825817,0.8,-0.29128014842300565,0.18322981366459623,0.09170892150329585,-0.19999999999999996,-0.07816711590296499,1.1055649569168449,0.7833333333333333
knowledge_absence,knowledge_absence_24,0.0,0.3,0.5,0.5969734776323062,0.7083333333333334,-0.06211180124223603,0.02840909090909094,0.3082882367503026,0.4,0.065359477124183,1.041239018539262,0.8333333333333334
knowledge_absence,knowledge_absence_25,0.0,0.3333333333333333,0.45,0.6431973888338971,0.7692307692307693,-0.08385093167701863,0.17701863354037262,-0.09084688367836699,0.0,-0.18000000000000005,0.9772770952199983,0.85
knowledge_absence,knowledge_absence_26,0.0,0.26666666666666666,0.45,0.515118140325676,0.76,-0.25568181818181823,-0.28846153846153844,0.1909279234501032,-0.20000000000000007,0.0,1.0675699037850352,0.75
knowledge_absence,knowledge_absence_27,0.0,0.4,0.35,0.656705947324896,0.6785714285714286,-0.0980392156862745,0.28846153846153844,0.4017208001402526,0.20000000000000007,0.06000000000000005,0.9555666534100222,0.75
knowledge_absence,knowledge_absence_28,0.0,0.35714285714285715,0.35,0.5671020187816169,0.78125,0.040000000000000036,-0.013071895424836666,0.11987956070667921,0.0,-0.019230769230769273,1.015157260448321,0.7666666666666667
knowledge_absence,knowledge_absence_29,0.0,0.625,0.48333333333333334,0.5173623822113929,0.6521739130434783,0.30188679245283023,-0.2152133580705009,0.30705021750980704,0.19999999999999996,-0.1454545454545455,1.0119309804972845,0.7333333333333333
knowledge_absence,knowledge_absence_30,0.0,0.6666666666666666,0.4666666666666667,0.5174135714881448,0.6153846153846154,0.23076923076923073,-0.12,0.09435439694056375,0.0,-0.14814814814814814,1.058029490910414,0.8
knowledge_absence,knowledge_absence_31,0.0,0.5714285714285714,0.43333333333333335,0.5134538972262073,0.6153846153846154,0.015873015873015928,-0.08333333333333337,0.2120547573233179,-0.6000000000000001,0.2222222222222222,1.0018078209364734,0.7666666666666667
knowledge_absence,knowledge_absence_32,0.0,0.42857142857142855,0.45,0.6834141006952761,0.7352941176470589,0.06307977736549175,-0.125,-0.08182358286563017,-0.4,-0.2857142857142857,1.0326013897476078,0.7666666666666667
knowledge_absence,knowledge_absence_33,0.0,0.4444444444444444,0.55,0.5160231689400347,0.7777777777777778,0.09328968903436996,0.10310965630114566,-0.020591942822676398,0.19999999999999996,0.10248447204968947,1.0605199233876141,0.85
knowledge_absence,knowledge_absence_34,0.0,0.7692307692307693,0.6166666666666667,0.5096545716027918,0.7916666666666666,-0.14583333333333337,0.26797385620915026,-0.15175091277817357,0.4,0.23636363636363633,1.1218234435338275,0.7833333333333333
knowledge_absence,knowledge_absence_35,0.0,0.5625,0.4,0.6559072570712169,0.6551724137931034,0.16149068322981364,-0.125,-0.06874343133979205,-0.19999999999999996,-0.18328840970350413,1.0439992025354514,0.7333333333333333
knowledge_absence,knowledge_absence_36,0.0,0.375,0.55,0.5183057621074522,0.8181818181818182,0.0,0.026186579378068786,-0.04470802486715503,0.0,-0.13461538461538458,1.1125016499270017,0.8666666666666667
knowledge_absence,knowledge_absence_37,0.0,0.25,0.4666666666666667,0.5701834298390706,0.9565217391304348,-0.1925465838509317,0.006211180124223614,-0.17643287307036273,-0.19999999999999996,0.08333333333333337,1.0093370676947935,0.9333333333333333
knowledge_absence,knowledge_absence_38,0.0,0.25,0.5,0.5946356410726613,0.84,-0.27884615384615385,0.0,-0.1956852700651152,0.20000000000000007,0.1428571428571429,1.0904019297356835,0.8666666666666667
knowledge_absence,knowledge_absence_39,0.0,0.5714285714285714,0.5,0.5297117530816725,0.7083333333333334,-0.04823747680890533,0.20000000000000007,0.148079136005922,0.0,-0.125,1.0031186719997032,0.7666666666666667
knowledge_absence,knowledge_absence_40,0.0,0.375,0.5,0.6426082374808478,0.9354838709677419,0.040000000000000036,0.10457516339869277,-0.027476848387989278,0.0,-0.010781671159029727,1.071422802784501,0.8666666666666667
knowledge_absence,knowledge_absence_41,0.0,0.5555555555555556,0.4666666666666667,0.5872828865805941,0.7333333333333333,0.04575163398692805,-0.06000000000000005,0.23380051603955002,0.0,0.008086253369272156,1.0275498392982074,0.85
knowledge_absence,knowledge_absence_42,0.0,0.5,0.5833333333333334,0.5711148850363351,0.72,0.0,-0.16770186335403725,-0.13392191710650958,0.0,0.23076923076923073,1.0935924039453748,0.8
knowledge_absence,knowledge_absence_43,0.0,0.5,0.5,0.5521126899374192,0.5416666666666666,0.1855287569573284,0.14842300556586274,0.21425980925994118,0.0,-0.08000000000000007,1.0747274600284988,0.6666666666666666
knowledge_absence,knowledge_absence_44,0.0,1.0,0.6333333333333333,0.4937996421609438,0.84,0.02083333333333326,0.08333333333333326,0.08700668893218341,0.0,0.02083333333333326,1.098957185930084,0.9
knowledge_absence,knowledge_absence_45,0.0,0.6666666666666666,0.45,0.5523169309250414,0.8571428571428571,-0.125,0.02083333333333326,0.1313762196138827,0.19999999999999996,-0.05999999999999994,1.0372422007816129,0.85
knowledge_absence,knowledge_absence_46,0.0,0.5555555555555556,0.5333333333333333,0.5065012506904945,0.6666666666666666,0.12,0.03921568627450989,-0.32229194860341304,-0.4,-0.07792207792207795,1.1070000414341175,0.7
knowledge_absence,knowledge_absence_47,0.0,0.2222222222222222,0.5666666666666667,0.5699410194854404,0.7931034482758621,-0.10310965630114566,-0.072356215213358,0.12327674827851179,0.19999999999999996,-0.125,1.082433177244552,0.85
knowledge_absence,knowledge_absence_48,0.0,0.5,0.48333333333333334,0.4040211810456855,0.8636363636363636,0.08074534161490687,0.10559006211180122,-0.14066675504603618,0.0,0.02614379084967311,1.1006573512459046,0.8666666666666667
knowledge_absence,knowledge_absence_49,0.0,0.5,0.6,0.5938147084526276,0.7241379310344828,0.17439703153988861,-0.00327332242225864,0.12882303013878663,0.0,-0.2708719851576995,1.1203973347884721,0.7666666666666667
knowledge_absence,knowledge_absence_50,0.0,0.2857142857142857,0.5333333333333333,0.4989043858633894,0.8636363636363636,0.03153988868274582,-0.05900621118012428,-0.0708491603468448,0.4,0.03153988868274582,1.139194912693089,0.8833333333333333
knowledge_absence,knowledge_absence_51,0.0,0.375,0.4166666666666667,0.5718750910458689,0.8571428571428571,0.0,-0.040000000000000036,0.055913111773514844,0.0,0.02614379084967311,1.0122674992621952,0.8666666666666667
knowledge_absence,knowledge_absence_52,0.0,0.1111111111111111,0.5166666666666667,0.590773721565374,0.8275862068965517,-0.10317460317460314,-0.072356215213358,0.24602550793409114,-0.19999999999999996,-0.20370370370370372,1.0737926472399624,0.85
knowledge_absence,knowledge_absence_53,0.0,0.5909090909090909,0.5666666666666667,0.6287922800860497,0.4642857142857143,-0.040000000000000036,0.022913256955810146,0.11257941212966048,-0.4,0.30065359477124176,1.146329092855116,0.6333333333333333
knowledge_absence,knowledge_absence_54,0.0,0.6428571428571429,0.4666666666666667,0.6365765446138255,0.75,-0.20000000000000007,0.04823747680890533,0.23833364983850533,-0.19999999999999996,0.06307977736549175,1.1316124679529673,0.7666666666666667
knowledge_absence,knowledge_absence_55,0.0,0.391304347826087,0.43333333333333335,0.5695766355260122,0.5555555555555556,-0.1322207958921695,0.14583333333333337,-0.002600978487447699,-0.2,0.13543599257884975,1.0891369027849003,0.6166666666666667
knowledge_absence,knowledge_absence_56,0.0,0.5555555555555556,0.5333333333333333,0.5970555297649653,0.8461538461538461,0.028846153846153855,0.15027829313543595,0.2364383084717538,-0.19999999999999996,0.028846153846153855,1.1099755111616854,0.85
knowledge_absence,knowledge_absence_57,0.0,0.16666666666666666,0.4666666666666667,0.36921444469383424,0.8235294117647058,0.011131725417439675,0.0,-0.2840082014362447,0.0,0.12765957446808507,1.0576151782433214,0.9
knowledge_absence,knowledge_absence_58,0.0,0.5,0.48333333333333334,0.5216520301182289,0.8333333333333334,-0.04444444444444451,0.08000000000000007,0.10927542205658997,-0.4,-0.019230769230769273,1.0467219825335203,0.7666666666666667
knowledge_absence,knowledge_absence_59,0.0,0.7272727272727273,0.5833333333333334,0.45549538178676435,0.75,0.21999999999999997,-0.11317254174397029,0.057409585643615424,0.19999999999999996,0.0018552875695733162,1.090880449526408,0.8166666666666667
knowledge_absence,knowledge_absence_60,0.0,0.5,0.48333333333333334,0.6149187122278122,0.7931034482758621,-0.48,-0.10457516339869277,-0.1301156591685377,0.0,-0.0625,1.125674728651392,0.8
knowledge_absence,knowledge_absence_61,0.0,0.5833333333333334,0.48333333333333334,0.5566062694849695,0.8275862068965517,0.14583333333333326,-0.0888888888888889,0.21573235117866316,0.0,0.2222222222222222,0.9886356721385733,0.8
knowledge_absence,knowledge_absence_62,0.0,0.6666666666666666,0.48333333333333334,0.516749551608736,0.85,-0.08385093167701863,0.051136363636363646,0.25078913286621085,0.19999999999999996,0.008086253369272156,1.049336383761458,0.85
knowledge_absence,knowledge_absence_63,0.0,0.5833333333333334,0.5,0.4941041114229248,0.7692307692307693,0.2666666666666667,-0.08653846153846156,0.14958882128441234,0.19999999999999996,0.0646900269541778,1.0482268304177575,0.8
knowledge_absence,knowledge_absence_64,0.0,0.75,0.48333333333333334,0.6608067226583572,0.7058823529411765,-0.0492476060191519,0.0,0.05870917038018222,0.20000000000000007,0.04166666666666674,1.0199443325669841,0.8
knowledge_absence,knowledge_absence_65,0.0,0.4166666666666667,0.5166666666666667,0.5721361753208468,0.76,-0.02614379084967322,0.03927986906710301,0.037281568680178026,0.19999999999999996,0.26086956521739135,1.0605727849473412,0.8
knowledge_absence,knowledge_absence_66,0.0,0.5384615384615384,0.4666666666666667,0.534964143671406,0.8260869565217391,-0.06864564007421148,-0.125,0.005852483912887063,0.20000000000000007,-0.13725490196078438,1.0056081131067456,0.7833333333333333
knowledge_absence,knowledge_absence_67,0.019230769230769232,0.375,0.4,0.46383415705439707,0.7692307692307693,-0.1777777777777778,-0.07201309328968908,-0.18252215822290355,0.19999999999999996,-0.125,0.9679994013305844,0.8666666666666667
knowledge_absence,knowledge_absence_68,0.0,0.7142857142857143,0.55,0.5283511748532529,0.7037037037037037,0.0625,-0.04444444444444451,0.046710782974136764,0.19999999999999996,-0.11111111111111116,1.0541257858752149,0.7666666666666667
knowledge_absence,knowledge_absence_69,0.0,0.7272727272727273,0.6,0.46926719021991187,0.75,-0.04575163398692805,0.060556464811783894,0.12903326854186734,-0.4,0.0018552875695733162,1.1366851444523516,0.8166666666666667
knowledge_absence,knowledge_absence_70,0.0,0.3333333333333333,0.38333333333333336,0.559495133563488,0.75,0.0,-0.23076923076923073,0.06298193338757388,-0.6,-0.25876010781671166,0.9515723582382657,0.8
knowledge_absence,knowledge_absence_71,0.0,0.7692307692307693,0.5833333333333334,0.43834157433820203,0.7272727272727273,0.10576923076923073,0.12962962962962965,0.01610573165083462,0.0,-0.006535947712418277,1.0880520195632208,0.7833333333333333
knowledge_absence,knowledge_absence_72,0.0,0.6153846153846154,0.5333333333333333,0.5807719635068505,0.7586206896551724,-0.04166666666666663,0.038461538461538436,-0.11494953062822391,0.19999999999999996,-0.006535947712418277,1.0677453195109183,0.7833333333333333
knowledge_absence,knowledge_absence_73,0.0,0.5,0.6,0.42623898549174305,0.5416666666666666,0.15527950310559002,0.0,0.32433587529754915,-0.19999999999999996,-0.2909090909090909,1.069589114154546,0.6666666666666666
knowledge_absence,knowledge_absence_74,0.0,0.5,0.5166666666666667,0.6366588563005263,0.5862068965517241,0.09615384615384615,-0.130718954248366,-0.07596835491319145,0.0,-0.18518518518518523,1.0829998441405972,0.6666666666666666
knowledge_absence,knowledge_absence_75,0.0,0.6363636363636364,0.5666666666666667,0.5971382620368418,0.75,-0.17647058823529416,0.04575163398692805,-0.17145303677937831,-0.4,-0.30718954248366015,1.1759637092709936,0.8166666666666667
knowledge_absence,knowledge_absence_76,0.0,0.7272727272727273,0.5166666666666667,0.48590808090482274,0.8846153846153846,-0.27762803234501354,-0.15555555555555556,0.01970988570432228,0.4,-0.11590296495956875,1.0179898371678098,0.8166666666666667
knowledge_absence,knowledge_absence_77,0.0,0.5454545454545454,0.5333333333333333,0.5655693687989838,0.7083333333333334,-0.005681818181818232,-0.06730769230769229,-0.02194101349973842,0.0,0.11317254174397029,1.0842047046999423,0.8166666666666667
knowledge_absence,knowledge_absence_78,0.0,0.25,0.45,0.49416469831798815,0.8260869565217391,-0.23529411764705888,-0.07201309328968908,-0.07120182359284415,0.0,0.040000000000000036,1.027625095408263,0.8666666666666667
knowledge_absence,knowledge_absence_79,0.0,0.6153846153846154,0.4666666666666667,0.48444328452925084,0.7391304347826086,-0.14583333333333337,-0.0625,0.1578010747178172,0.20000000000000007,-0.006535947712418277,1.0208676664916476,0.7833333333333333
knowledge_absence,knowledge_absence_80,0.0,0.2857142857142857,0.43333333333333335,0.5278320617799894,0.8695652173913043,-0.0625,-0.14583333333333337,-0.0679277495842541,0.4,-0.07977736549165115,1.0493354942687483,0.8833333333333333
knowledge_absence,knowledge_absence_81,0.0,0.42857142857142855,0.5166666666666667,0.6075133529629593,0.75,-0.125,-0.19967266775777415,0.1331538364066453,-0.4,0.036363636363636376,1.0817281825699345,0.7666666666666667
knowledge_absence,knowledge_absence_82,0.0,0.5,0.4666666666666667,0.44163260140088667,0.6363636363636364,0.09150326797385622,0.20621931260229132,-0.07275368825617863,0.20000000000000007,0.0625,1.052181255465542,0.7
knowledge_absence,knowledge_absence_83,0.0,0.3333333333333333,0.5333333333333333,0.4463504617194672,0.6818181818181818,0.0,-0.08653846153846156,-0.17327180505467707,0.4,0.13358070500927643,1.0960354597600426,0.8
knowledge_absence,knowledge_absence_84,0.0,0.4,0.6666666666666666,0.4947227361443356,0.7619047619047619,0.065359477124183,-0.18181818181818177,-0.014629756236397144,0.19999999999999996,-0.01855287569573283,1.1724743732532708,0.8333333333333334
knowledge_absence,knowledge_absence_85,0.0,0.4375,0.5166666666666667,0.49591721079973156,0.782608695652174,-0.125,0.024844720496894346,0.16279112098032536,0.0,0.16346153846153844,1.0524562170007266,0.7333333333333333
knowledge_absence,knowledge_absence_86,0.0,0.5,0.6,0.4883902548523118,0.9090909090909091,0.07692307692307687,0.013093289689034338,0.13170285880538118,-0.19999999999999996,-0.18300653594771243,1.1804278730803963,0.9333333333333333
knowledge_absence,knowledge_absence_87,0.0,0.7142857142857143,0.5,0.5532709578012416,0.6551724137931034,-0.09492635024549922,-0.1014729950900164,0.09114969459576713,0.4,-0.2962962962962963,1.0424643480516798,0.7666666666666667
knowledge_absence,knowledge_absence_88,0.0,0.5,0.5666666666666667,0.5289780532455435,0.76,-0.27083333333333326,0.03927986906710301,0.14783993060903078,-0.19999999999999996,0.12,1.090348416311795,0.8
knowledge_absence,knowledge_absence_89,0.0,0.4444444444444444,0.4166666666666667,0.6309595858146424,0.8666666666666667,-0.15027829313543595,0.10310965630114566,-0.048993667894797456,0.4,-0.3153638814016173,1.006130456795293,0.85
knowledge_absence,knowledge_absence_90,0.0,0.4444444444444444,0.48333333333333334,0.5497510483887732,0.7692307692307693,0.14814814814814814,-0.0625,0.05827139405763886,0.0,-0.14555256064690025,1.068331127978041,0.7
knowledge_absence,knowledge_absence_91,0.0,0.46153846153846156,0.5166666666666667,0.4803608762420973,0.75,-0.11620294599018,-0.12418300653594772,-0.048031095783992964,-0.20000000000000007,0.26530612244897955,1.0528463118222549,0.7833333333333333
knowledge_absence,knowledge_absence_92,0.0,0.4,0.4666666666666667,0.5531057987683698,0.7407407407407407,0.04444444444444451,0.09575923392612862,0.10932182475617358,-0.19999999999999996,0.065359477124183,1.0784262174417434,0.8333333333333334
knowledge_absence,knowledge_absence_93,0.0,0.4375,0.5,0.5365440080877658,0.76,-0.23295454545454541,-0.10389610389610393,0.17678955333048016,0.0,0.16346153846153844,1.0429286529928494,0.7333333333333333
knowledge_absence,knowledge_absence_94,0.0,0.5714285714285714,0.5333333333333333,0.6692975366003207,0.6944444444444444,0.07407407407407407,-0.2545454545454545,-0.19492785885207037,0.19999999999999996,0.040000000000000036,1.053612821484381,0.7666666666666667
knowledge_absence,knowledge_absence_95,0.0,0.625,0.38333333333333336,0.48787509583981,0.8461538461538461,0.051948051948051965,-0.08074534161490687,0.018425969996960886,0.0,-0.14583333333333337,0.9904305422251373,0.8666666666666667
knowledge_absence,knowledge_absence_96,0.0,0.5,0.5833333333333334,0.5992511405191311,0.7857142857142857,0.07453416149068315,-0.08653846153846156,-0.2450807835547317,0.19999999999999996,0.24489795918367352,1.1115128886861985,0.8
knowledge_absence,knowledge_absence_97,0.0,0.4166666666666667,0.55,0.49268259836565126,0.7916666666666666,-0.03927986906710301,0.2003710575139147,-0.1716218246168089,0.4,0.12,1.0495946956813496,0.8
knowledge_absence,knowledge_absence_98,0.0,0.4166666666666667,0.4666666666666667,0.5201134120494437,0.6666666666666666,0.1571194762684125,-0.2222222222222222,-0.261884117896522,-0.20000000000000007,0.02226345083487946,1.0580431413611289,0.8
knowledge_absence,knowledge_absence_99,0.0,0.38461538461538464,0.4666666666666667,0.5911895771707276,0.75,-0.11620294599018,-0.10576923076923073,-0.5065082142910879,0.0,-0.20000000000000007,0.9988305870077531,0.7833333333333333
knowledge_absence,knowledge_absence_100,0.0,0.4,0.55,0.6991861665243398,0.7352941176470589,0.09276437847866414,0.1960784313725491,-0.08827807558799106,0.19999999999999996,-0.039999999999999925,1.0565552584608982,0.8333333333333334
knowledge_absence,knowledge_absence_101,0.0,0.3076923076923077,0.5333333333333333,0.5306877425980691,0.7692307692307693,-0.04166666666666663,-0.15398886827458258,0.09910179761931363,-0.6000000000000001,-0.018003273322422242,1.0860365749475702,0.7833333333333333
knowledge_absence,knowledge_absence_102,0.0,0.45454545454545453,0.38333333333333336,0.5526794039471807,0.782608695652174,-0.14,-0.04582210242587592,-0.17527215737144253,0.19999999999999996,-0.018181818181818188,1.0171906749913437,0.8166666666666667
knowledge_absence,knowledge_absence_103,0.0,0.6,0.4166666666666667,0.580586064255142,0.7931034482758621,-0.1298701298701298,0.1298701298701298,-0.09938082313035468,-0.19999999999999996,0.196078431372549,1.0059841388216424,0.8333333333333334
knowledge_absence,knowledge_absence_104,0.0,0.5,0.5,0.4190792930907855,0.65,-0.08000000000000007,0.20000000000000007,-0.08082375220855012,0.4,-0.2222222222222222,1.0794889379573462,0.7666666666666667
knowledge_absence,knowledge_absence_105,0.0,0.5,0.5,0.5481939651380904,0.7857142857142857,-0.2222222222222222,-0.024844720496894346,-0.1914303535562387,-0.19999999999999996,0.040000000000000036,1.0696762649845895,0.7666666666666667
knowledge_absence,knowledge_absence_106,0.0,0.2857142857142857,0.43333333333333335,0.6069679324621079,0.9230769230769231,0.14,-0.006535947712418277,-0.06044816211352032,0.19999999999999996,-0.22000000000000008,0.9895548283142642,0.8833333333333333
knowledge_absence,knowledge_absence_107,0.0,0.5,0.48333333333333334,0.5783730176428096,0.7272727272727273,0.08333333333333337,-0.16000000000000003,-0.003841015299631235,0.19999999999999996,-0.15955473098330242,1.015773747104366,0.7666666666666667
knowledge_absence,knowledge_absence_108,0.0,0.38461538461538464,0.5,0.4679344034261856,0.8518518518518519,-0.018003273322422242,0.31481481481481477,0.0706472567778658,0.6,-0.10000000000000009,1.089131506411134,0.7833333333333333
knowledge_absence,knowledge_absence_109,0.0,0.47058823529411764,0.4666666666666667,0.44285940584580213,0.52,-0.10576923076923073,-0.07189542483660127,0.08265110968684894,0.0,-0.05555555555555558,1.1046646621650937,0.7166666666666667
knowledge_absence,knowledge_absence_110,0.0,0.3333333333333333,0.38333333333333336,0.534130326548492,0.7857142857142857,0.19148936170212771,0.125,-0.17304981553320742,-0.20000000000000007,0.072356215213358,1.0284064074742612,0.85
knowledge_absence,knowledge_absence_111,0.0,0.6,0.48333333333333334,0.5513260336381456,0.7692307692307693,-0.013679890560875596,-0.08000000000000007,-0.016935977443533368,0.0,-0.09615384615384615,1.0477690416331729,0.8333333333333334
knowledge_absence,knowledge_absence_112,0.0,0.375,0.43333333333333335,0.5062311151595744,0.7142857142857143,0.019230769230769273,0.0,-0.11454522296541479,0.4,-0.040000000000000036,1.0075488750847936,0.7333333333333333
knowledge_absence,knowledge_absence_113,0.0,0.47058823529411764,0.43333333333333335,0.4542657820473253,0.6086956521739131,0.06710310965630117,0.20964749536178107,0.012218618483304751,-0.20000000000000007,-0.12451861360718874,1.0559716373448649,0.7166666666666667
knowledge_absence,knowledge_absence_114,0.02040816326530612,0.6363636363636364,0.5333333333333333,0.6577879812284896,0.8235294117647058,0.1964285714285714,-0.08496732026143783,0.0849042515750324,0.4,0.1358428805237316,1.1322145659932625,0.8166666666666667
knowledge_absence,knowledge_absence_115,0.0,0.6,0.4666666666666667,0.5052574852338133,0.8148148148148148,0.04444444444444451,0.01855287569573283,-0.5312668632900789,0.19999999999999996,-0.039999999999999925,1.069474470792539,0.8333333333333334
knowledge_absence,knowledge_absence_116,0.0,0.46153846153846156,0.45,0.3889747399512095,0.7391304347826086,-0.24444444444444446,0.13725490196078438,0.07717467255864088,0.4,0.10576923076923073,1.0213273870638244,0.7833333333333333
knowledge_absence,knowledge_absence_117,0.0,0.3,0.48333333333333334,0.5262324184748775,0.8214285714285714,0.04807692307692313,-0.09276437847866414,-0.12086736702121326,0.0,0.11456628477905084,1.095057276431068,0.8333333333333334
knowledge_absence,knowledge_absence_118,0.0,0.42857142857142855,0.5166666666666667,0.5927395468638332,0.8235294117647058,0.1428571428571429,0.19109461966604824,-0.1526680662070859,-0.19999999999999996,0.13207547169811318,1.0500080934311942,0.8833333333333333
knowledge_absence,knowledge_absence_119,0.0,0.38461538461538464,0.4666666666666667,0.7194804992772711,0.6944444444444444,0.12418300653594772,0.21440261865793775,0.23819977849993537,0.19999999999999996,0.2549019607843137,1.0735957610874176,0.7833333333333333
weak_prior_knowledge,weak_prior_knowledge_0,0.0,0.8571428571428571,0.9,0.6451055474876553,0.4482758620689655,-0.0888888888888889,0.04347826086956519,-0.19378882202234007,0.19999999999999996,-0.13664596273291924,1.8198039453592745,0.5333333333333333
weak_prior_knowledge,weak_prior_knowledge_1,0.0,0.8181818181818182,0.9,0.6138535687603758,0.6296296296296297,0.22222222222222232,0.10760667903525045,0.44810346358193076,0.6,0.1150278293135436,1.6934579200935214,0.6333333333333333
weak_prior_knowledge,weak_prior_knowledge_2,0.0,0.8888888888888888,0.9333333333333333,0.5893189826118557,0.4642857142857143,-0.0625,-0.15555555555555556,-0.07778276599310952,-0.39999999999999997,-0.0625,1.781516567496712,0.55
weak_prior_knowledge,weak_prior_knowledge_3,0.0,0.8064516129032258,0.8833333333333333,0.6226589353393321,0.41935483870967744,-0.22371967654986524,0.09999999999999998,0.6592065169668706,-0.4,-0.125,1.6073739674295207,0.48333333333333334
weak_prior_knowledge,weak_prior_knowledge_4,0.0,0.9655172413793104,0.9666666666666667,0.5540859727118386,0.4482758620689655,0.03525046382189234,-0.017783857729138153,-0.19779482211727867,-0.19999999999999996,-0.08496732026143794,1.724220944227091,0.5166666666666667
weak_prior_knowledge,weak_prior_knowledge_5,0.0,0.8947368421052632,0.9333333333333333,0.4895962684427991,0.7272727272727273,0.10965630114566294,0.09999999999999998,-0.1879697448861615,0.0,-0.019607843137254943,1.674595225382512,0.6833333333333333
weak_prior_knowledge,weak_prior_knowledge_6,0.0,0.8888888888888888,0.9333333333333333,0.5190334257842825,0.44,-0.06000000000000005,-0.06666666666666665,-0.13711548982629654,0.19999999999999996,-0.13746630727762804,1.6995230864102988,0.55
weak_prior_knowledge,weak_prior_knowledge_7,0.0,1.0,0.9166666666666666,0.48900196747399566,0.5,-0.16000000000000003,0.1211129296235679,-0.269102462026454,0.0,-0.07008086253369272,1.5913959387019438,0.6333333333333333
weak_prior_knowledge,weak_prior_knowledge_8,0.0,0.9629629629629629,0.9333333333333333,0.5064271668155356,0.5909090909090909,-0.0625,-0.006535947712418277,-0.2318750420021641,0.0,0.18598382749326148,1.8143146247451474,0.55
weak_prior_knowledge,weak_prior_knowledge_9,0.0,0.8333333333333334,0.85,0.42449270207277334,0.4090909090909091,-0.03234501347708896,-0.028846153846153855,-0.11406204995608386,-0.39999999999999997,0.17307692307692313,1.5378970497995819,0.6
weak_prior_knowledge,weak_prior_knowledge_10,0.0,0.875,0.8833333333333333,0.6494778579787974,0.3548387096774194,0.2077922077922078,0.0,-0.14798697525494728,0.2,0.03999999999999998,1.4893467924479193,0.4666666666666667
weak_prior_knowledge,weak_prior_knowledge_11,0.0,0.875,0.8666666666666667,0.6253051657886133,0.2962962962962963,-0.125,0.125,0.0020210755243571066,0.0,0.041666666666666685,1.4945962064861464,0.4666666666666667
weak_prior_knowledge,weak_prior_knowledge_12,0.0,0.7307692307692307,0.8,0.4918948985371945,0.48,-0.19999999999999996,0.15633423180592992,-0.014062758241508504,0.6000000000000001,0.25454545454545463,1.39246844859916,0.5666666666666667
weak_prior_knowledge,weak_prior_knowledge_13,0.0,1.0,0.95,0.5814991507105257,0.6428571428571429,0.2716857610474631,0.04444444444444451,-0.17963516654033476,0.0,0.03703703703703698,1.7509606519703849,0.6333333333333333
weak_prior_knowledge,weak_prior_knowledge_14,0.0,0.8333333333333334,0.8833333333333333,0.5818225020491169,0.45454545454545453,0.0888888888888889,0.4375,-0.1254102727329159,0.39999999999999997,0.08333333333333326,1.654207685020679,0.6
weak_prior_knowledge,weak_prior_knowledge_15,0.0,0.84375,0.85,0.5416618395147761,0.4166666666666667,0.0146520146520146,0.10576923076923078,0.08132183366771822,0.2,0.2222222222222222,1.560469236732785,0.4666666666666667
weak_prior_knowledge,weak_prior_knowledge_16,0.0,0.85,0.8833333333333333,0.5245007727912198,0.56,-0.12422360248447206,-0.18518518518518523,-0.2700942014372658,-0.19999999999999996,-0.2909090909090909,1.6720670764997874,0.6666666666666666
weak_prior_knowledge,weak_prior_knowledge_17,0.0,0.9615384615384616,0.95,0.5410829156005368,0.6,0.006211180124223614,0.08333333333333337,0.19652105280060583,-0.4,0.21153846153846156,1.6672088380620176,0.5666666666666667
weak_prior_knowledge,weak_prior_knowledge_18,0.0,0.9,0.9,0.6614328332585089,0.6296296296296297,-0.14652014652014655,0.03105590062111796,-0.04911020705694603,0.0,0.1454545454545455,1.5382000249341192,0.6666666666666666
weak_prior_knowledge,weak_prior_knowledge_19,0.0,0.9411764705882353,0.9333333333333333,0.5792067904037668,0.6923076923076923,0.04166666666666663,0.0031055900621117516,0.3385949142120621,0.20000000000000007,-0.03977272727272729,1.749588863335006,0.7166666666666667
weak_prior_knowledge,weak_prior_knowledge_20,0.0,0.92,0.9333333333333333,0.6195286716444786,0.4827586206896552,-0.09999999999999998,0.3846153846153846,0.05531080766237438,0.0,0.1708074534161491,1.7034354862080896,0.5833333333333334
weak_prior_knowledge,weak_prior_knowledge_21,0.0,0.9629629629629629,0.9166666666666666,0.5520576514637892,0.4782608695652174,0.10575139146567714,-0.06666666666666665,-0.18016279886282177,0.0,0.05999999999999994,1.5776961470355721,0.55
weak_prior_knowledge,weak_prior_knowledge_22,0.0,0.9629629629629629,0.9166666666666666,0.5297071597781708,0.5925925925925926,0.25,0.0625,0.23151769597570887,0.20000000000000007,-0.15838509316770194,1.677504824435715,0.55
weak_prior_knowledge,weak_prior_knowledge_23,0.0,1.0,0.9666666666666667,0.6631298619123706,0.6176470588235294,0.3793103448275862,0.0625,0.26025024608886393,0.19999999999999996,-0.31578947368421056,1.7193435129232846,0.6333333333333333
weak_prior_knowledge,weak_prior_knowledge_24,0.0,0.875,0.8666666666666667,0.49505710118825375,0.6190476190476191,0.12938005390835583,-0.05590062111801242,0.2135578464590584,0.19999999999999996,-0.11111111111111116,1.6508598976845472,0.6
weak_prior_knowledge,weak_prior_knowledge_25,0.0,0.9230769230769231,0.9166666666666666,0.5991624225515084,0.52,-0.18012422360248453,-0.06219312602291327,-0.14989837395385616,-0.2,-0.44444444444444453,1.6287980023483735,0.5666666666666667
weak_prior_knowledge,weak_prior_knowledge_26,0.0,0.90625,0.9,0.6272065112323728,0.5454545454545454,-0.2360248447204969,0.07999999999999996,0.06668071077006335,0.6000000000000001,0.10457516339869283,1.6205709046791887,0.4666666666666667
weak_prior_knowledge,weak_prior_knowledge_27,0.0,0.9473684210526315,0.95,0.5782954471227806,0.6,0.08333333333333337,-0.011456628477905073,-0.061089548125063016,-0.19999999999999996,-0.0185185185185186,1.810663580338784,0.6833333333333333
weak_prior_knowledge,weak_prior_knowledge_28,0.0,0.8928571428571429,0.9166666666666666,0.6105700074616981,0.4827586206896552,0.07660738714090287,0.1898527004909984,-0.25683687227702645,-0.6,-0.04166666666666663,1.7305779187167178,0.5333333333333333
weak_prior_knowledge,weak_prior_knowledge_29,0.0,0.8275862068965517,0.8666666666666667,0.5375897848223503,0.5161290322580645,0.014120667522464658,0.3076923076923077,0.06722214100351279,0.2,-0.019230769230769273,1.5387074246401593,0.5166666666666667
weak_prior_knowledge,weak_prior_knowledge_30,0.0,0.6666666666666666,0.7666666666666667,0.519317675242327,0.48148148148148145,-0.06000000000000005,-0.05999999999999994,0.3176478233150226,-0.4,0.2142857142857143,1.4258468353983433,0.55
weak_prior_knowledge,weak_prior_knowledge_31,0.0,0.9259259259259259,0.9166666666666666,0.5321942011009263,0.46153846153846156,-0.014729950900163713,0.05769230769230771,0.18609055649002332,0.39999999999999997,0.17999999999999994,1.705558754143757,0.55
weak_prior_knowledge,weak_prior_knowledge_32,0.0,0.85,0.8333333333333334,0.5534283071706652,0.5357142857142857,0.07421150278293143,0.08000000000000007,0.2776634616825536,0.4,0.09615384615384615,1.4813555805565946,0.6666666666666666
weak_prior_knowledge,weak_prior_knowledge_33,0.0,1.0,0.9666666666666667,0.44287964864905255,0.4782608695652174,0.006546644844517169,-0.03977272727272729,0.023924790408797067,0.6000000000000001,0.33333333333333337,1.7535233279468492,0.5333333333333333
weak_prior_knowledge,weak_prior_knowledge_34,0.0,0.7916666666666666,0.8166666666666667,0.4600335029248938,0.3181818181818182,-0.13043478260869568,-0.028846153846153855,0.20135180623433052,0.4,-0.07855973813420625,1.5224573315993701,0.6
weak_prior_knowledge,weak_prior_knowledge_35,0.0,0.9615384615384616,0.9666666666666667,0.5565852502041122,0.46153846153846156,-0.19999999999999996,0.1333333333333333,0.3365061903357157,0.0,-0.14379084967320266,1.8197525539276194,0.5666666666666667
weak_prior_knowledge,weak_prior_knowledge_36,0.0,0.875,0.8833333333333333,0.5044922316258926,0.5185185185185185,-0.02083333333333326,0.1781076066790353,0.30867169497884916,0.4,-0.18300653594771243,1.632596027227669,0.6
weak_prior_knowledge,weak_prior_knowledge_37,0.0,1.0,0.9333333333333333,0.623168711594882,0.6071428571428571,-0.05882352941176472,-0.07189542483660127,0.10845236823747828,-0.6,-0.05555555555555558,1.5776745399569279,0.7166666666666667
weak_prior_knowledge,weak_prior_knowledge_38,0.0,0.9166666666666666,0.8833333333333333,0.5001208198760752,0.45454545454545453,-0.22360248447204972,-0.12938005390835583,-0.019723353202745025,0.0,0.12938005390835583,1.654414751918053,0.6
weak_prior_knowledge,weak_prior_knowledge_39,0.0,0.9166666666666666,0.85,0.466523072076207,0.43478260869565216,-0.13043478260869568,0.02083333333333326,-0.0434089698152025,0.19999999999999996,0.267161410018553,1.5679674528370446,0.6
weak_prior_knowledge,weak_prior_knowledge_40,0.0,0.9714285714285714,0.9166666666666666,0.5698767596384268,0.41935483870967744,0.2950310559006212,-0.05728314238952542,0.25560917349174495,0.0,-0.1923076923076923,1.678417794474578,0.4166666666666667
weak_prior_knowledge,weak_prior_knowledge_41,0.0,0.9117647058823529,0.9166666666666666,0.6106177738525466,0.2692307692307692,-0.006211180124223614,0.11217510259917918,0.2985065374488352,0.4,-0.11764705882352944,1.582812735824289,0.43333333333333335
weak_prior_knowledge,weak_prior_knowledge_42,0.0,0.9130434782608695,0.8833333333333333,0.5658974426682146,0.47619047619047616,0.13543599257884975,0.0016366612111292644,-0.05447378639380832,0.0,0.05882352941176472,1.7428071724698457,0.6166666666666667
weak_prior_knowledge,weak_prior_knowledge_43,0.0,0.9230769230769231,0.8833333333333333,0.4507735986949392,0.45,-0.036006546644844595,-0.15999999999999992,0.09537336450275367,-0.39999999999999997,-0.13420621931260224,1.7250015555879132,0.5666666666666667
weak_prior_knowledge,weak_prior_knowledge_44,0.0,0.9047619047619048,0.9166666666666666,0.5758730022132408,0.5,0.125,0.08333333333333326,-0.07075062149024494,-0.4,0.30000000000000004,1.7302872330196348,0.65
weak_prior_knowledge,weak_prior_knowledge_45,0.0,0.9375,0.9,0.521267959311126,0.7241379310344828,-0.17460317460317454,0.05237315875613746,-0.3084930016979784,0.0,-0.2692307692307693,1.56875147642049,0.7333333333333333
weak_prior_knowledge,weak_prior_knowledge_46,0.0,0.8260869565217391,0.7833333333333333,0.48049537983668406,0.4166666666666667,0.1895424836601307,-0.15384615384615385,0.05032882197965932,0.20000000000000007,-0.3928571428571429,1.4700425677025677,0.6166666666666667
weak_prior_knowledge,weak_prior_knowledge_47,0.0,1.0,0.9333333333333333,0.5295089472608685,0.46153846153846156,-0.1333333333333333,-0.04166666666666663,0.3150011410124857,0.20000000000000007,-0.009615384615384581,1.7046917713849052,0.6333333333333333
weak_prior_knowledge,weak_prior_knowledge_48,0.0,0.96,0.95,0.5604439375589206,0.5333333333333333,0.33653846153846156,-0.04807692307692313,-0.11071925946243952,0.19999999999999996,0.2777777777777778,1.7374118558210947,0.5833333333333334
weak_prior_knowledge,weak_prior_knowledge_49,0.0,0.9310344827586207,0.9,0.6134456228682464,0.41379310344827586,-0.20807453416149063,-0.125,-0.29001568042251935,0.20000000000000007,0.30909090909090914,1.4811813524705284,0.5166666666666667
weak_prior_knowledge,weak_prior_knowledge_50,0.0,0.9583333333333334,0.9833333333333333,0.6342987442004031,0.4642857142857143,0.36,0.3137254901960785,-0.4314709252123391,0.0,-0.02083333333333326,1.884347395429363,0.6
weak_prior_knowledge,weak_prior_knowledge_51,0.0,1.0,0.9333333333333333,0.5448410638107476,0.6666666666666666,0.1956224350205198,0.11111111111111116,-0.32942312943208035,0.0,0.16666666666666674,1.762553772030697,0.6833333333333333
weak_prior_knowledge,weak_prior_knowledge_52,0.0,0.95,0.9666666666666667,0.5347832673849889,0.6363636363636364,0.10416666666666663,-0.039999999999999925,0.07377903802442666,0.0,0.130718954248366,1.6627126930535843,0.6666666666666666
weak_prior_knowledge,weak_prior_knowledge_53,0.0,0.9583333333333334,0.9166666666666666,0.5018183795903856,0.5172413793103449,-0.21818181818181814,-0.0888888888888889,-0.03492350918330125,0.0,-0.11538461538461542,1.8874347396901947,0.6
weak_prior_knowledge,weak_prior_knowledge_54,0.0,0.9565217391304348,0.9,0.43517986207269305,0.5882352941176471,0.09999999999999998,0.08719851576994442,-0.21968856076268015,-0.20000000000000007,-0.15217391304347827,1.6892426548815584,0.6166666666666667
weak_prior_knowledge,weak_prior_knowledge_55,0.0,0.8888888888888888,0.9166666666666666,0.46719350398084003,0.5217391304347826,0.08837970540098206,-0.24,-0.18162257017229494,-0.6000000000000001,-0.009819967266775809,1.693086531507525,0.7
weak_prior_knowledge,weak_prior_knowledge_56,0.0,0.7741935483870968,0.8166666666666667,0.5702078404515334,0.38461538461538464,-0.09986320109439129,-0.07606679035250458,-0.07802192680013938,-0.20000000000000007,0.019230769230769218,1.5468350794565755,0.48333333333333334
weak_prior_knowledge,weak_prior_knowledge_57,0.0,0.9583333333333334,0.95,0.4790325659101488,0.5714285714285714,0.12,0.176759410801964,0.049325805620191156,-0.8,-0.1071428571428571,1.8081090729497034,0.6
weak_prior_knowledge,weak_prior_knowledge_58,0.0,0.9285714285714286,0.95,0.43573130491031486,0.42105263157894735,0.25,-0.014842300556586197,0.03564611441894691,-0.20000000000000007,0.10474631751227503,1.8499914933339372,0.5333333333333333
weak_prior_knowledge,weak_prior_knowledge_59,0.0,0.9285714285714286,0.9333333333333333,0.49031415026496733,0.45454545454545453,-0.13068181818181823,0.14583333333333331,0.024646125711204538,-0.19999999999999996,0.290909090909091,1.6920643833694873,0.5333333333333333
weak_prior_knowledge,weak_prior_knowledge_60,0.0,0.8823529411764706,0.95,0.5459706561087797,0.6666666666666666,0.06710310965630117,-0.20000000000000007,0.22522062044711047,0.0,-0.2407407407407407,1.6343637288384223,0.7166666666666667
weak_prior_knowledge,weak_prior_knowledge_61,0.0,0.9333333333333333,0.95,0.5927596064686298,0.35714285714285715,-0.14423076923076927,0.05565862708719854,0.24151842545427088,0.39999999999999997,0.10909090909090907,1.7803419120261297,0.5
weak_prior_knowledge,weak_prior_knowledge_62,0.0,0.8928571428571429,0.85,0.5452478091242176,0.5483870967741935,0.12615955473098328,-0.07999999999999996,0.003690169302761776,0.2,-0.16000000000000003,1.5364813538664641,0.5333333333333333
weak_prior_knowledge,weak_prior_knowledge_63,0.0,1.0,0.9666666666666667,0.5810349007073045,0.34615384615384615,0.005390835579514808,0.33060556464811786,-0.16066133965279705,0.19999999999999996,-0.13420621931260224,1.9251292177059858,0.5666666666666667
weak_prior_knowledge,weak_prior_knowledge_64,0.0,0.8571428571428571,0.8666666666666667,0.39296722137204804,0.3684210526315789,0.3487940630797774,-0.12615955473098328,0.04197845856198575,0.0,-0.1826923076923077,1.6449983163612658,0.5333333333333333
weak_prior_knowledge,weak_prior_knowledge_65,0.0,0.8947368421052632,0.9166666666666666,0.47606836875121145,0.6666666666666666,0.06666666666666665,-0.06666666666666665,0.24449995291494894,-0.20000000000000007,0.1967654986522911,1.8545158787847358,0.6833333333333333
weak_prior_knowledge,weak_prior_knowledge_66,0.0,0.8666666666666667,0.9,0.5181296714551774,0.6153846153846154,0.12311901504787964,0.12,0.1849278868416327,-0.19999999999999996,-0.27829313543599254,1.6801531851119058,0.5
weak_prior_knowledge,weak_prior_knowledge_67,0.0,0.9047619047619048,0.9,0.474135971504159,0.5454545454545454,0.30681818181818177,-0.019607843137254832,-0.03520886957649389,-0.20000000000000007,0.42000000000000004,1.7294822944833785,0.65
weak_prior_knowledge,weak_prior_knowledge_68,0.0,0.7931034482758621,0.8666666666666667,0.5569023921921621,0.30434782608695654,0.18749999999999994,0.08496732026143794,-0.08965253496026702,0.0,0.045751633986928164,1.690586336969608,0.5166666666666667
weak_prior_knowledge,weak_prior_knowledge_69,0.0,0.9333333333333333,0.9333333333333333,0.5507210323987836,0.35714285714285715,0.0,-0.24549918166939444,0.09537495715883168,0.4,0.196078431372549,1.7758342174076585,0.5
weak_prior_knowledge,weak_prior_knowledge_70,0.0,0.9090909090909091,0.95,0.523072963995882,0.5769230769230769,-0.0625,0.4423076923076923,-0.3735777467749273,0.20000000000000007,-0.23180592991913745,1.9224470615383773,0.6333333333333333
weak_prior_knowledge,weak_prior_knowledge_71,0.0,0.92,0.95,0.5430028497537592,0.52,-0.21999999999999997,-0.4716981132075472,-0.41834179450886727,0.19999999999999996,-0.09259259259259256,1.7076330772028216,0.5833333333333334
weak_prior_knowledge,weak_prior_knowledge_72,0.0,0.8181818181818182,0.9166666666666666,0.6723183927345224,0.6363636363636364,-0.022913256955810146,-0.1150278293135436,-0.2323180298478406,0.20000000000000007,0.40740740740740744,1.7539999872226664,0.6333333333333333
weak_prior_knowledge,weak_prior_knowledge_73,0.0,0.9166666666666666,0.9,0.5098855679932267,0.6,-0.09849521203830369,0.03234501347708896,0.47548735595497765,0.4,-0.1071428571428571,1.5985727409566277,0.6
weak_prior_knowledge,weak_prior_knowledge_74,0.0,0.9259259259259259,0.9,0.6068226118557889,0.4230769230769231,-0.11688311688311687,0.06000000000000005,0.0006063574753256412,0.4,-0.06521739130434778,1.6641669768587366,0.55
weak_prior_knowledge,weak_prior_knowledge_75,0.0,0.9411764705882353,0.9333333333333333,0.5139431498650537,0.36363636363636365,0.1342062193126023,-0.14379084967320266,0.05583507132674291,0.39999999999999997,0.24561403508771928,1.7060060909861925,0.43333333333333335
weak_prior_knowledge,weak_prior_knowledge_76,0.0,0.9642857142857143,0.8333333333333334,0.4772875442425891,0.5416666666666666,0.0,-0.28758169934640526,-0.5835078047086786,0.20000000000000007,0.10576923076923073,1.5158835982817138,0.5333333333333333
weak_prior_knowledge,weak_prior_knowledge_77,0.0,0.9583333333333334,0.9333333333333333,0.7079393981799155,0.4857142857142857,0.08333333333333326,-0.028846153846153855,-0.10278722982301726,0.0,0.019639934533551617,1.6566117631165276,0.6
weak_prior_knowledge,weak_prior_knowledge_78,0.0,0.8823529411764706,0.8666666666666667,0.5671800744487039,0.6666666666666666,-0.14,-0.06703146374828994,-0.14038933997254788,0.0,0.15902964959568733,1.4776466101944625,0.7166666666666667
weak_prior_knowledge,weak_prior_knowledge_79,0.0,0.8620689655172413,0.9,0.43004137678663323,0.23809523809523808,0.36920222634508354,0.3464052287581699,0.42962574192556097,-0.39999999999999997,0.09999999999999998,1.587706255487427,0.5166666666666667
weak_prior_knowledge,weak_prior_knowledge_80,0.0,0.9230769230769231,0.8833333333333333,0.6238744809592319,0.59375,0.02083333333333337,0.013071895424836555,-0.16681522560803813,-0.4,0.02083333333333337,1.5874170319337586,0.5666666666666667
weak_prior_knowledge,weak_prior_knowledge_81,0.0,0.9615384615384616,0.95,0.5508216618402472,0.34615384615384615,0.09937888198757772,-0.039999999999999925,0.23949687682184503,-0.6000000000000001,-0.15633423180592992,1.7644900349158925,0.5666666666666667
weak_prior_knowledge,weak_prior_knowledge_82,0.0,0.896551724137931,0.8333333333333334,0.49499349469356263,0.4444444444444444,0.022222222222222254,-0.21999999999999997,0.23244445726175209,-0.8,-0.4100185528756957,1.5125571187632212,0.5166666666666667
weak_prior_knowledge,weak_prior_knowledge_83,0.0,0.8928571428571429,0.8833333333333333,0.5893597338598294,0.4482758620689655,-0.23529411764705882,0.14583333333333331,0.2154698392531855,0.19999999999999996,0.1568627450980392,1.6051386610262333,0.5333333333333333
weak_prior_knowledge,weak_prior_knowledge_84,0.0,0.92,0.8833333333333333,0.5854947128975667,0.42857142857142855,-0.09259259259259256,-0.20833333333333337,-0.18043344923925309,0.0,-0.013477088948787075,1.6308005534459376,0.5833333333333334
weak_prior_knowledge,weak_prior_knowledge_85,0.0,0.9310344827586207,0.8833333333333333,0.578163929202127,0.4166666666666667,0.03525046382189234,-0.2916666666666667,0.2575848107720763,0.0,-0.1272727272727272,1.6297007813496394,0.5166666666666667
weak_prior_knowledge,weak_prior_knowledge_86,0.0,0.8275862068965517,0.8833333333333333,0.5681963995868524,0.3333333333333333,-0.37999999999999995,-0.0714285714285714,0.07832761979139875,-0.19999999999999996,-0.021739130434782594,1.672243407384369,0.5166666666666667
weak_prior_knowledge,weak_prior_knowledge_87,0.0,0.9166666666666666,0.8333333333333334,0.6488694368663629,0.5357142857142857,0.3142389525368249,0.05228758169934633,0.2305172475352611,-0.19999999999999996,0.1875,1.446375235889111,0.6
weak_prior_knowledge,weak_prior_knowledge_88,0.0,1.0,1.0,0.5667894483330108,0.39285714285714285,0.0625,-0.16666666666666663,-0.14638337916915153,0.19999999999999996,0.5283018867924528,1.8979940323767073,0.5333333333333333
weak_prior_knowledge,weak_prior_knowledge_89,0.0,0.9047619047619048,0.9333333333333333,0.5868830958663599,0.5517241379310345,-0.23933209647495363,-0.05999999999999994,-0.12081529748155567,0.4,-0.17307692307692313,1.7695401441806176,0.65
weak_prior_knowledge,weak_prior_knowledge_90,0.0,0.8709677419354839,0.8833333333333333,0.5343246904285379,0.3333333333333333,0.15555555555555556,-0.0703764320785597,-0.10315526192282023,0.4,0.07606679035250458,1.5668824602071796,0.48333333333333334
weak_prior_knowledge,weak_prior_knowledge_91,0.0,0.92,0.9333333333333333,0.6772341248784896,0.5714285714285714,0.1399999999999999,-0.10416666666666663,0.29706681293830134,0.0,0.2777777777777778,1.8380608569120214,0.5833333333333334
weak_prior_knowledge,weak_prior_knowledge_92,0.0,0.8620689655172413,0.8833333333333333,0.6616683807004722,0.47058823529411764,-0.20370370370370378,0.0703764320785597,-0.12555214702448322,-0.19999999999999996,0.125,1.8095632640699135,0.5166666666666667
weak_prior_knowledge,weak_prior_knowledge_93,0.0,0.896551724137931,0.9333333333333333,0.6771562302592143,0.5135135135135135,-0.13992297817715027,-0.1764705882352941,-0.07668985981575506,-0.20000000000000007,0.045751633986928164,1.632109983745003,0.5166666666666667
weak_prior_knowledge,weak_prior_knowledge_94,0.0,0.9,0.9333333333333333,0.3696953219762162,0.47619047619047616,0.12,0.0,0.1153278549762072,0.19999999999999996,0.0,1.8603916178768616,0.5
weak_prior_knowledge,weak_prior_knowledge_95,0.0,0.84,0.9,0.6604607350906071,0.46875,-0.04638218923933213,-0.2777777777777778,-0.02542322383518937,-0.6000000000000001,0.1482479784366577,1.641080100104903,0.5833333333333334
weak_prior_knowledge,weak_prior_knowledge_96,0.0,0.6363636363636364,0.8,0.46997842878938967,0.5555555555555556,0.13461538461538458,-0.10559006211180122,-0.0048553712794481355,-0.20000000000000007,0.30065359477124176,1.5058261293404689,0.6333333333333333
weak_prior_knowledge,weak_prior_knowledge_97,0.0,0.96875,0.9666666666666667,0.5278872962906488,0.39285714285714285,0.22981366459627334,-0.038461538461538436,-0.18272728597258361,0.19999999999999996,0.10457516339869283,1.8175102757669015,0.4666666666666667
weak_prior_knowledge,weak_prior_knowledge_98,0.0,0.8333333333333334,0.8166666666666667,0.6770098889829061,0.53125,-0.18300653594771243,0.0,-0.04480995656476169,0.4,-0.03234501347708896,1.5337067751075686,0.6
weak_prior_knowledge,weak_prior_knowledge_99,0.0,0.9545454545454546,0.8666666666666667,0.5163154681794173,0.5555555555555556,0.03703703703703698,-0.07528641571194761,0.012813211633070655,0.0,-0.2222222222222222,1.6282486306273756,0.6333333333333333
weak_prior_knowledge,weak_prior_knowledge_100,0.0,0.8571428571428571,0.85,0.45916209027823696,0.5,0.20294599018003273,0.23529411764705882,0.12196577391517223,-0.19999999999999996,-0.22222222222222227,1.7044947535880512,0.5333333333333333
weak_prior_knowledge,weak_prior_knowledge_101,0.0,0.96875,0.9666666666666667,0.6061909254281687,0.2857142857142857,-0.04312668463611863,-0.15999999999999998,-0.23513934212661167,-0.4,0.14545454545454545,1.6933264494793419,0.4666666666666667
weak_prior_knowledge,weak_prior_knowledge_102,0.0,0.92,0.95,0.5161979083668286,0.4642857142857143,-0.10869565217391308,0.15548281505728312,0.21089600297852526,0.0,-0.29411764705882354,1.8691131365238358,0.5833333333333334
weak_prior_knowledge,weak_prior_knowledge_103,0.0,0.8846153846153846,0.8833333333333333,0.6199734067813523,0.45714285714285713,0.02083333333333337,-0.19666048237476808,-0.0796371404247568,0.19999999999999996,-0.19999999999999996,1.5185893638092045,0.5666666666666667
weak_prior_knowledge,weak_prior_knowledge_104,0.0,0.9629629629629629,0.9333333333333333,0.5776217074880369,0.4666666666666667,-0.16666666666666669,0.20192307692307687,0.19880874283606928,-0.20000000000000007,-0.11688311688311687,1.5997329830752538,0.55
weak_prior_knowledge,weak_prior_knowledge_105,0.0,0.9047619047619048,0.9333333333333333,0.5723554373283861,0.5384615384615384,0.20593692022263455,0.009316770186335366,-0.00022980813102202983,-0.4,0.1636363636363637,1.8747609576363282,0.65
weak_prior_knowledge,weak_prior_knowledge_106,0.0,0.9583333333333334,0.9333333333333333,0.5016144494176792,0.38095238095238093,0.04621309370988447,0.11538461538461542,-0.0016912569498233625,-0.20000000000000007,0.0,1.686781288016827,0.6
weak_prior_knowledge,weak_prior_knowledge_107,0.0,1.0,0.9833333333333333,0.4758179813301748,0.5925925925925926,-0.125,0.21818181818181814,-0.6350505795099339,-0.20000000000000007,-0.29629629629629634,1.9244285786968456,0.6
weak_prior_knowledge,weak_prior_knowledge_108,0.0,0.96,0.9666666666666667,0.6041330447730643,0.45161290322580644,0.1399999999999999,0.04638218923933213,-0.025142755216131973,0.20000000000000007,-0.09615384615384615,1.74791362378281,0.5833333333333334
weak_prior_knowledge,weak_prior_knowledge_109,0.0,0.9166666666666666,0.85,0.5807781920996345,0.5357142857142857,0.028846153846153855,-0.04452690166975881,0.0938610738534869,0.19999999999999996,0.07843137254901955,1.5388915924712867,0.6
weak_prior_knowledge,weak_prior_knowledge_110,0.0,0.9047619047619048,0.9166666666666666,0.5057815571612265,0.5833333333333334,0.05999999999999994,-0.17701863354037262,0.341611465180875,-0.6000000000000001,-0.016697588126159513,1.7675952677004936,0.65
weak_prior_knowledge,weak_prior_knowledge_111,0.0,0.9583333333333334,0.9666666666666667,0.6319242283576586,0.5757575757575758,-0.1781076066790353,0.07855973813420625,-0.12787617849056987,-0.4,0.0,1.9141165868028134,0.6
weak_prior_knowledge,weak_prior_knowledge_112,0.0,0.9642857142857143,0.9666666666666667,0.5956197336125997,0.4666666666666667,-0.04166666666666663,-0.07660738714090287,0.07952781369001694,0.19999999999999996,0.0625,1.769083000537261,0.5333333333333333
weak_prior_knowledge,weak_prior_knowledge_113,0.0,1.0,0.9333333333333333,0.6490997575959051,0.37037037037037035,-0.08496732026143794,-0.09999999999999998,-0.2967217024843344,0.0,-0.215686274509804,1.60823853299451,0.5166666666666667
weak_prior_knowledge,weak_prior_knowledge_114,0.0,0.9523809523809523,0.9,0.5847668818066406,0.6666666666666666,-0.016697588126159513,0.04418985270049092,-0.09362127987174058,0.19999999999999996,-0.11111111111111105,1.853058396615026,0.65
weak_prior_knowledge,weak_prior_knowledge_115,0.0,1.0,0.9833333333333333,0.5781032635317814,0.5483870967741935,0.02083333333333326,-0.05999999999999994,-0.0558073533723685,0.0,-0.25067385444743934,1.773204715018185,0.65
weak_prior_knowledge,weak_prior_knowledge_116,0.0,0.9130434782608695,0.95,0.5331699066966843,0.5185185185185185,-0.08719851576994442,0.07189542483660127,-0.08361088217924785,-0.19999999999999996,-0.020000000000000018,1.7766621020471107,0.6166666666666667
weak_prior_knowledge,weak_prior_knowledge_117,0.0,0.9583333333333334,0.9333333333333333,0.6524585417446931,0.6333333333333333,0.04452690166975881,-0.1875,0.14233371722533703,0.0,0.20915032679738566,1.7150204588115514,0.6
weak_prior_knowledge,weak_prior_knowledge_118,0.0,0.8214285714285714,0.8,0.48012351540471954,0.4230769230769231,-0.040000000000000036,-0.5283018867924528,0.3303425537987571,-0.4,-0.10457516339869288,1.3762681401709465,0.5333333333333333
weak_prior_knowledge,weak_prior_knowledge_119,0.0,0.8181818181818182,0.85,0.45669950938207654,0.5238095238095238,0.012422360248447228,-0.2222222222222222,-0.23604945528086446,-0.20000000000000007,-0.0625,1.5336973774009404,0.6333333333333333
rote_without_understanding,rote_without_understanding_0,0.0,0.625,0.6,0.5376080495052675,0.48,-0.024999999999999967,-0.03999999999999998,0.059510710246622606,0.6000000000000001,-0.02614379084967322,1.0982369870212394,0.4666666666666667
rote_without_understanding,rote_without_understanding_1,0.0,0.5,0.5666666666666667,0.5322638466912599,0.16,-0.17777777777777776,0.0,0.2873905471918637,0.0,-0.10416666666666669,1.0905900936836355,0.3333333333333333
rote_without_understanding,rote_without_understanding_2,0.0,0.47368421052631576,0.48333333333333334,0.6424464936621672,0.2222222222222222,-0.2919254658385093,-0.009615384615384637,0.004680345401316759,-0.19999999999999996,0.21931260229132565,1.0819100425677333,0.36666666666666664
rote_without_understanding,rote_without_understanding_3,0.0,0.7567567567567568,0.6333333333333333,0.534283066591957,0.18181818181818182,0.25000000000000006,0.05555555555555558,0.3277144540804931,0.19999999999999996,-0.19476268412438624,1.132233622610994,0.38333333333333336
rote_without_understanding,rote_without_understanding_4,0.0,0.6304347826086957,0.6166666666666667,0.6512377194893345,0.14705882352941177,-0.01307189542483661,0.03999999999999998,0.11161741991240622,-0.4,0.2708719851576994,1.1382812233984438,0.23333333333333334
rote_without_understanding,rote_without_understanding_5,0.0,0.48717948717948717,0.4666666666666667,0.6343202643942514,0.25,0.10248447204968941,-0.1111111111111111,-0.0036540935534454463,0.2,0.016697588126159568,1.0014836870257626,0.35
rote_without_understanding,rote_without_understanding_6,0.0,0.5,0.5333333333333333,0.44273657338105643,0.3684210526315789,0.0,0.24000000000000005,0.05905159752734787,-0.19999999999999996,-0.05565862708719854,1.1223508424080484,0.5
rote_without_understanding,rote_without_understanding_7,0.0,0.575,0.6166666666666667,0.5585638505289235,0.06666666666666667,0.10416666666666669,0.040000000000000036,-0.10835355470550391,0.0,-0.15999999999999998,1.1524760658092361,0.3333333333333333
rote_without_understanding,rote_without_understanding_8,0.0,0.5135135135135135,0.45,0.6037229654818717,0.17857142857142858,0.00163666121112932,-0.25999999999999995,-0.11959570058500563,0.0,0.07189542483660127,0.9725322602967423,0.38333333333333336
rote_without_understanding,rote_without_understanding_9,0.0,0.43243243243243246,0.43333333333333335,0.4997151498334641,0.09523809523809523,0.19803600654664483,-0.25000000000000006,0.17475359763214884,-0.6000000000000001,0.27884615384615385,1.076426102422218,0.38333333333333336
rote_without_understanding,rote_without_understanding_10,0.0,0.5526315789473685,0.6,0.5943602726644264,0.16,0.009615384615384637,-0.16666666666666669,0.1912989047899629,-0.19999999999999996,-0.2,1.1578654671850355,0.36666666666666664
rote_without_understanding,rote_without_understanding_11,0.0,0.5405405405405406,0.55,0.5498184109407168,0.16,0.28888888888888886,-0.12175102599179205,0.4469185119571954,0.0,0.20261437908496732,1.0550465337118227,0.38333333333333336
rote_without_understanding,rote_without_understanding_12,0.0,0.6,0.5833333333333334,0.569015903370069,0.25,-0.14,0.17080745341614906,0.20839432407646533,0.2,-0.398886827458256,1.1506710362630272,0.4166666666666667
rote_without_understanding,rote_without_understanding_13,0.0,0.53125,0.45,0.5289945366308311,0.20833333333333334,-0.006546644844517169,-0.03999999999999998,-0.2928558409870817,0.0,0.4,1.0068808665801543,0.4666666666666667
rote_without_understanding,rote_without_understanding_14,0.0,0.5,0.5666666666666667,0.45285613641208305,0.08333333333333333,-0.2981366459627329,0.0625,-0.02884516249537007,-0.39999999999999997,-0.018633540372670843,1.0622742231194071,0.3
rote_without_understanding,rote_without_understanding_15,0.0,0.46153846153846156,0.4166666666666667,0.6255088106223895,0.10344827586206896,0.08333333333333337,-0.3333333333333333,0.10142315063874695,0.0,-0.15032679738562094,0.9834702166801182,0.35
rote_without_understanding,rote_without_understanding_16,0.0,0.5882352941176471,0.5833333333333334,0.48892751022478703,0.18518518518518517,-0.27999999999999997,0.125,0.057339619641351,0.0,0.15633423180592987,1.0340731688151628,0.43333333333333335
rote_without_understanding,rote_without_understanding_17,0.0,0.45714285714285713,0.4666666666666667,0.44234872207748266,0.125,0.33999999999999997,-0.24038461538461536,-0.24118911675440582,-0.19999999999999996,-0.09803921568627455,1.0073368093036363,0.4166666666666667
rote_without_understanding,rote_without_understanding_18,0.0,0.3902439024390244,0.43333333333333335,0.4730637564338465,0.04,0.125,0.07692307692307693,-0.030083781117951656,-0.39999999999999997,-0.1111111111111111,1.0164310843217694,0.31666666666666665
rote_without_understanding,rote_without_understanding_19,0.0,0.5172413793103449,0.6,0.517270003400626,0.20833333333333334,-0.022727272727272707,-0.21999999999999997,0.5368006356227963,0.0,-0.020000000000000018,1.167918426685905,0.5166666666666667
rote_without_understanding,rote_without_understanding_20,0.0,0.40476190476190477,0.43333333333333335,0.6016217316008768,0.1724137931034483,0.22222222222222224,0.033395176252319136,0.16491586630801985,0.0,-0.18657937806873975,1.0514316512498605,0.3
rote_without_understanding,rote_without_understanding_21,0.0,0.5952380952380952,0.5833333333333334,0.5937192026982928,0.07407407407407407,-0.24000000000000002,-0.16770186335403725,-0.18438063713749894,0.0,0.48,1.1008402287680292,0.3
rote_without_understanding,rote_without_understanding_22,0.0,0.42424242424242425,0.5,0.5049191668123011,0.2222222222222222,-0.06,-0.005565862708719838,-0.15870152641980928,-0.6,-0.02795031055900621,1.032941689155605,0.45
rote_without_understanding,rote_without_understanding_23,0.0,0.5757575757575758,0.55,0.5492014584799412,0.2222222222222222,0.06,0.18,0.1001633845650267,-0.6000000000000001,-0.04166666666666663,1.1268499087021975,0.45
rote_without_understanding,rote_without_understanding_24,0.0,0.43243243243243246,0.43333333333333335,0.6025353711846418,0.32,0.08719851576994431,-0.051212938005390785,-0.23472820680478543,-0.6,-0.10000000000000003,1.0721760639758025,0.38333333333333336
rote_without_understanding,rote_without_understanding_25,0.0,0.5121951219512195,0.5166666666666667,0.6627199254051984,0.1724137931034483,-0.16512059369202226,0.03504043126684636,-0.07188553166803095,0.0,-0.011456628477905073,1.121767745021827,0.31666666666666665
rote_without_understanding,rote_without_understanding_26,0.0,0.41025641025641024,0.43333333333333335,0.6154958869435184,0.16129032258064516,-0.28104575163398693,0.06,-0.030251512271390727,-0.4,0.17307692307692307,1.0002217892923606,0.35
rote_without_understanding,rote_without_understanding_27,0.0,0.4418604651162791,0.48333333333333334,0.5839985128299484,0.14285714285714285,0.019999999999999962,-0.14,-0.4948508613263864,-0.19999999999999996,-0.12962962962962962,1.0610940321191868,0.2833333333333333
rote_without_understanding,rote_without_understanding_28,0.0,0.4857142857142857,0.5166666666666667,0.593490495316878,0.1111111111111111,0.3803339517625232,-0.27777777777777773,-0.044125766737325094,0.6,-0.0649350649350649,1.0301957867213323,0.4166666666666667
rote_without_understanding,rote_without_understanding_29,0.0,0.53125,0.48333333333333334,0.643235536441618,0.25,-0.1568627450980392,0.02614379084967322,0.030075367005742325,0.19999999999999996,0.3636363636363637,1.057794181234519,0.4666666666666667
rote_without_understanding,rote_without_understanding_30,0.0,0.4166666666666667,0.45,0.5109845833265922,0.23809523809523808,-0.17307692307692307,0.24,0.04505169667939045,0.19999999999999996,-0.14906832298136646,1.0294174876035507,0.4
rote_without_understanding,rote_without_understanding_31,0.0,0.43243243243243246,0.5166666666666667,0.5960353113948227,0.3103448275862069,-0.15555555555555556,-0.3098330241187384,-0.41036773966026296,0.6000000000000001,-0.05882352941176472,1.0409786085077388,0.38333333333333336
rote_without_understanding,rote_without_understanding_32,0.0,0.4375,0.5666666666666667,0.3871402019612323,0.23809523809523808,0.13664596273291924,-0.1185983827493261,0.06128967249330186,-0.4,-0.07999999999999996,1.1308638358486063,0.4666666666666667
rote_without_understanding,rote_without_understanding_33,0.0,0.4222222222222222,0.4166666666666667,0.5791050630727451,0.18518518518518517,-0.13975155279503104,-0.08522727272727273,0.18257029620162527,0.2,0.027829313543599243,0.9976104106517393,0.25
rote_without_understanding,rote_without_understanding_34,0.0,0.46875,0.48333333333333334,0.4549075869753606,0.25,-0.25,0.2,0.2549297232309121,0.4,0.14545454545454545,1.0270940852085928,0.4666666666666667
rote_without_understanding,rote_without_understanding_35,0.0,0.65625,0.5666666666666667,0.599303353923592,0.2,0.005471956224350205,-0.3269230769230769,0.26646495677951554,0.39999999999999997,-0.2,1.0477407840999484,0.4666666666666667
rote_without_understanding,rote_without_understanding_36,0.0,0.5476190476190477,0.5666666666666667,0.5919942890868388,0.15151515151515152,-0.12,0.033395176252319136,-0.44848382792479075,-0.39999999999999997,0.307277628032345,1.069342900735131,0.3
rote_without_understanding,rote_without_understanding_37,0.0,0.3939393939393939,0.4,0.4834792028785766,0.17391304347826086,-0.06,-0.18,-0.22003190001298234,0.20000000000000007,-0.375,0.9820397850086792,0.45
rote_without_understanding,rote_without_understanding_38,0.0,0.4375,0.48333333333333334,0.5200054445288638,0.4230769230769231,-0.27083333333333337,0.10474631751227492,0.026291902624184828,0.0,0.3269230769230769,1.0426684964471553,0.4666666666666667
rote_without_understanding,rote_without_understanding_39,0.0,0.4857142857142857,0.5,0.5831728910696272,0.28,0.07523939808481533,0.0649350649350649,-0.25124422257400325,0.2,-0.17625231910946199,1.070471496634922,0.4166666666666667
rote_without_understanding,rote_without_understanding_40,0.0,0.4523809523809524,0.5,0.6067760597656896,0.08333333333333333,-0.06818181818181818,-0.20621931260229137,0.2269291340358725,0.39999999999999997,-0.01617250673854448,1.0823249897416294,0.3
rote_without_understanding,rote_without_understanding_41,0.0,0.5581395348837209,0.5833333333333334,0.6097094516614967,0.14814814814814814,-0.012987012987012991,-0.16666666666666669,0.446343241059505,-0.2,0.34545454545454546,1.1117760322306454,0.2833333333333333
rote_without_understanding,rote_without_understanding_42,0.0,0.5625,0.5333333333333333,0.6128573128410884,0.1,-0.04312668463611863,0.0625,0.37996996834226726,0.8,-0.2875816993464052,1.014115485893263,0.4666666666666667
rote_without_understanding,rote_without_understanding_43,0.0,0.45,0.45,0.516523540799521,0.13333333333333333,-0.22913256955810146,-0.03710575139146571,-0.16881174311738079,0.0,-0.24038461538461536,1.058081235895107,0.3333333333333333
rote_without_understanding,rote_without_understanding_44,0.0,0.5853658536585366,0.6166666666666667,0.504179823252021,0.15384615384615385,-0.011456628477905073,0.18750000000000003,0.23820208878813917,-0.19999999999999996,-0.020000000000000018,1.142877491468756,0.31666666666666665
rote_without_understanding,rote_without_understanding_45,0.0,0.5609756097560976,0.5333333333333333,0.7191462917752863,0.15151515151515152,0.08674304418985274,0.27643784786641934,-0.15455782590784575,0.2,0.5272727272727273,1.100848149100553,0.31666666666666665
rote_without_understanding,rote_without_understanding_46,0.0,0.3,0.38333333333333336,0.5345489998697163,0.17857142857142858,0.26143790849673204,0.0,-0.1067730681647926,-0.19999999999999996,-0.09615384615384615,0.9857940441368255,0.3333333333333333
rote_without_understanding,rote_without_understanding_47,0.0,0.5714285714285714,0.6666666666666666,0.5035527389563833,0.11764705882352941,-0.13911620294599014,-0.33692722371967654,-0.14112640327839276,-0.19999999999999996,0.27777777777777773,1.1475485734603652,0.4166666666666667
rote_without_understanding,rote_without_understanding_48,0.0,0.4146341463414634,0.45,0.5491090398233053,0.1111111111111111,0.11111111111111116,0.053803339517625226,0.06759517396652752,0.0,-0.07692307692307693,1.029001333736169,0.31666666666666665
rote_without_understanding,rote_without_understanding_49,0.0,0.5609756097560976,0.5666666666666667,0.5154465099193439,0.15384615384615385,-0.18750000000000003,-0.07954545454545453,-0.14906238460371618,0.19999999999999996,0.0575139146567718,1.0995232140138902,0.31666666666666665
rote_without_understanding,rote_without_understanding_50,0.0,0.45714285714285713,0.45,0.41774733867969827,0.15789473684210525,0.06666666666666665,0.33653846153846156,0.19853550456510452,-0.2,-0.14,1.0556398611671254,0.4166666666666667
rote_without_understanding,rote_without_understanding_51,0.0,0.5348837209302325,0.55,0.5194967510925051,0.125,0.1895424836601307,-0.16666666666666669,0.05346918738287157,0.2,-0.3333333333333333,1.096625360188632,0.2833333333333333
rote_without_understanding,rote_without_understanding_52,0.0,0.47619047619047616,0.48333333333333334,0.5300864330677442,0.07692307692307693,0.14583333333333337,-0.5454545454545455,-0.3169987934132811,-0.2,-0.14814814814814817,1.0697521454112446,0.3
rote_without_understanding,rote_without_understanding_53,0.0,0.4473684210526316,0.48333333333333334,0.535588202336451,0.125,-0.2222222222222222,0.03921568627450983,-0.10315832598201326,0.39999999999999997,-0.16993464052287582,1.1188613867705286,0.36666666666666664
rote_without_understanding,rote_without_understanding_54,0.0,0.5294117647058824,0.5166666666666667,0.5791881251965396,0.21428571428571427,0.1342062193126023,0.06730769230769229,-0.331506822470844,-0.20000000000000007,0.18181818181818182,1.0243943590916005,0.43333333333333335
rote_without_understanding,rote_without_understanding_55,0.0,0.6052631578947368,0.55,0.6623069398438423,0.14814814814814814,-0.041666666666666685,0.003710575139146577,0.03358407520944265,0.0,0.15999999999999998,1.0306646791363276,0.36666666666666664
rote_without_understanding,rote_without_understanding_56,0.0,0.42105263157894735,0.45,0.5578565811473429,0.13043478260869565,-0.09164420485175206,-0.3175122749590835,-0.2761975207767224,0.2,0.21892393320964748,1.0563017646191688,0.36666666666666664
rote_without_understanding,rote_without_understanding_57,0.0,0.525,0.5333333333333333,0.4951125734664751,0.047619047619047616,-0.040000000000000036,0.20833333333333334,-0.12503764237822798,-0.2,-0.1851851851851852,1.1028033573083202,0.3333333333333333
rote_without_understanding,rote_without_understanding_58,0.0,0.38095238095238093,0.38333333333333336,0.7077925808315186,0.09375,0.009819967266775809,0.12,-0.22062082183360515,0.2,0.20621931260229137,1.0008154651564976,0.3
rote_without_understanding,rote_without_understanding_59,0.0,0.42857142857142855,0.4,0.5211044627176576,0.10344827586206896,0.24,0.0,0.17603200788280113,0.39999999999999997,-0.09150326797385622,1.0231702096683588,0.3
rote_without_understanding,rote_without_understanding_60,0.0,0.5,0.5666666666666667,0.5485959211247443,0.10344827586206896,0.21892393320964748,-0.009615384615384637,0.2727995232332401,0.0,0.15384615384615385,1.1580216387061875,0.36666666666666664
rote_without_understanding,rote_without_understanding_61,0.0,0.47368421052631576,0.5333333333333333,0.48348792201843266,0.2,-0.07528641571194761,-0.12111292962356796,0.004366676780328347,-0.2,-0.16993464052287582,1.0762802442336072,0.36666666666666664
rote_without_understanding,rote_without_understanding_62,0.0,0.4634146341463415,0.4666666666666667,0.5462653046960161,0.14285714285714285,-0.020000000000000018,-0.2,-0.1272017019637949,0.39999999999999997,-0.24183006535947715,1.0154500548672052,0.31666666666666665
rote_without_understanding,rote_without_understanding_63,0.0,0.6,0.5666666666666667,0.5538830421926442,0.13043478260869565,-0.2,-0.09259259259259262,0.39110893200544916,0.0,0.2941176470588235,1.1730570644945204,0.4166666666666667
rote_without_understanding,rote_without_understanding_64,0.0,0.39473684210526316,0.45,0.4898235446747592,0.125,0.040000000000000036,-0.09150326797385616,-0.052714848591692384,-0.2,0.3529411764705882,1.026396414329696,0.36666666666666664
rote_without_understanding,rote_without_understanding_65,0.0,0.5128205128205128,0.55,0.5132833724595655,0.2,0.08333333333333337,0.15220949263502453,0.07554659809495333,-0.4,0.06666666666666671,1.0519831709680965,0.35
rote_without_understanding,rote_without_understanding_66,0.0,0.5135135135135135,0.45,0.509557921802871,0.2857142857142857,0.08719851576994431,0.05882352941176472,-0.11448314736436536,0.19999999999999996,-0.009615384615384637,1.0518790134524871,0.38333333333333336
rote_without_understanding,rote_without_understanding_67,0.0,0.4878048780487805,0.55,0.4934149810608764,0.07692307692307693,-0.10965630114566283,0.07692307692307693,0.04018343279209889,-0.6,0.14596273291925466,1.087269393782912,0.31666666666666665
rote_without_understanding,rote_without_understanding_68,0.0,0.59375,0.5333333333333333,0.5953423458231059,0.23076923076923078,-0.03977272727272729,0.125,-0.1017645189824573,-0.39999999999999997,-0.12615955473098328,1.1575569799052199,0.4666666666666667
rote_without_understanding,rote_without_understanding_69,0.0,0.38461538461538464,0.4,0.5698593549119642,0.07142857142857142,0.04418985270049103,0.33333333333333337,-0.005308444761255431,0.39999999999999997,0.009316770186335421,1.0529180666032425,0.35
rote_without_understanding,rote_without_understanding_70,0.0,0.45714285714285713,0.43333333333333335,0.5000877948943674,0.2,0.24038461538461536,0.10416666666666669,-0.09831588547348172,0.39999999999999997,0.17520215633423175,1.0119413501891843,0.4166666666666667
rote_without_understanding,rote_without_understanding_71,0.0,0.5,0.5,0.43100655739374505,0.04,0.18923933209647492,-0.14583333333333337,0.05083593234010863,0.0,-0.33962264150943394,1.1213096420201822,0.3
rote_without_understanding,rote_without_understanding_72,0.0,0.5714285714285714,0.5333333333333333,0.557869633928643,0.3333333333333333,0.006546644844517169,0.1454545454545454,-0.14014619085631305,0.0,-0.10457516339869288,1.1046230728397264,0.5333333333333333
rote_without_understanding,rote_without_understanding_73,0.0,0.5833333333333334,0.5333333333333333,0.4630499802890326,0.14285714285714285,0.0,-0.19407008086253363,-0.20537603570544807,0.0,-0.26716141001855287,1.0801199007455253,0.4
rote_without_understanding,rote_without_understanding_74,0.0,0.47619047619047616,0.4666666666666667,0.5443870828048304,0.10714285714285714,-0.36,-0.12,0.17585890083229866,-0.2,0.2222222222222222,1.0511254798648886,0.3
rote_without_understanding,rote_without_understanding_75,0.0,0.4,0.48333333333333334,0.4592575273243722,0.15789473684210525,-0.20519835841313266,0.20833333333333331,-0.38598703922440303,0.20000000000000007,-0.28846153846153844,1.0644570181324113,0.5
rote_without_understanding,rote_without_understanding_76,0.0,0.4878048780487805,0.48333333333333334,0.6872391506610224,0.0625,0.16883116883116883,-0.2,-0.44650365471558057,-0.4,-0.18750000000000003,1.0708547487271602,0.31666666666666665
rote_without_understanding,rote_without_understanding_77,0.0,0.525,0.5166666666666667,0.5615225307045774,0.25,0.20833333333333331,0.0327332242225859,-0.22548956614873072,0.2,0.18518518518518517,1.028022604324011,0.3333333333333333
rote_without_understanding,rote_without_understanding_78,0.0,0.47619047619047616,0.5166666666666667,0.4692937532775886,0.041666666666666664,0.13333333333333336,0.11180124223602486,0.030119600544159946,0.0,-0.11180124223602486,1.0878193839276875,0.3
rote_without_understanding,rote_without_understanding_79,0.0,0.5882352941176471,0.55,0.46913082530336947,0.08333333333333333,-0.19642857142857145,-0.31805929919137466,0.05231972961037041,-0.6000000000000001,-0.1111111111111111,1.0524413718705554,0.43333333333333335
rote_without_understanding,rote_without_understanding_80,0.0,0.4888888888888889,0.5,0.6831682976238853,0.12121212121212122,-0.29411764705882354,-0.18000000000000002,0.15711853422134336,-0.2,0.0,1.038584318540112,0.25
rote_without_understanding,rote_without_understanding_81,0.0,0.47619047619047616,0.5166666666666667,0.6890782826981803,0.11538461538461539,-0.018633540372670843,-0.36,0.089926978804073,0.2,0.04166666666666663,1.053328222376926,0.3
rote_without_understanding,rote_without_understanding_82,0.0,0.5853658536585366,0.6,0.5657237259775255,0.07692307692307693,0.16883116883116883,-0.019607843137254888,-0.27602807306660043,-0.4,-0.14,1.1557434387425383,0.31666666666666665
rote_without_understanding,rote_without_understanding_83,0.0,0.5714285714285714,0.5333333333333333,0.49087014117156325,0.045454545454545456,0.20621931260229137,-0.18923933209647492,-0.1463548810288135,0.2,0.037037037037037035,1.1437215982282258,0.3
rote_without_understanding,rote_without_understanding_84,0.0,0.5428571428571428,0.55,0.5176886731649417,0.043478260869565216,-0.2272727272727273,-0.09615384615384615,0.08529598104231766,0.0,0.10416666666666669,1.0716828034191328,0.4166666666666667
rote_without_understanding,rote_without_understanding_85,0.0,0.5757575757575758,0.48333333333333334,0.5465691414461846,0.16666666666666666,0.07500000000000001,-0.022222222222222254,0.0749861365351309,0.0,0.15838509316770183,1.0906789873536609,0.45
rote_without_understanding,rote_without_understanding_86,0.0,0.5,0.4666666666666667,0.4672259205130446,0.04,0.2,-0.031055900621118016,-0.29555319980103983,0.19999999999999996,0.0,1.02832216086405,0.3333333333333333
rote_without_understanding,rote_without_understanding_87,0.0,0.5263157894736842,0.5,0.5455639715062035,0.14285714285714285,-0.13333333333333336,-0.10760667903525045,-0.329288296062287,0.6000000000000001,-0.037037037037037035,1.1310410433372786,0.36666666666666664
rote_without_understanding,rote_without_understanding_88,0.0,0.4864864864864865,0.4666666666666667,0.6148145698652998,0.13333333333333333,0.13461538461538464,-0.25000000000000006,-0.2519814766093509,-0.2,0.20261437908496732,1.0301259877675844,0.38333333333333336
rote_without_understanding,rote_without_understanding_89,0.0,0.5833333333333334,0.5166666666666667,0.5673714788673213,0.09523809523809523,0.06679035250463822,0.17307692307692307,-0.3571123497272823,0.20000000000000007,-0.2592592592592593,1.0789610656154636,0.4
rote_without_understanding,rote_without_understanding_90,0.0,0.5142857142857142,0.5,0.5600491111461509,0.18518518518518517,-0.1923076923076923,0.17080745341614906,-0.16402601714036483,0.39999999999999997,0.09615384615384615,1.0528012704199552,0.4166666666666667
rote_without_understanding,rote_without_understanding_91,0.0,0.475,0.4666666666666667,0.6365073635336735,0.13333333333333333,-0.05471956224350205,0.17777777777777776,0.06635347590221762,-0.2,0.130718954248366,1.0824820160622997,0.3333333333333333
rote_without_understanding,rote_without_understanding_92,0.0,0.5853658536585366,0.5666666666666667,0.5625073029965919,0.21739130434782608,-0.1967654986522911,0.08333333333333331,-0.005308851951911619,-0.2,-0.1111111111111111,1.1415634795732517,0.31666666666666665
rote_without_understanding,rote_without_understanding_93,0.0,0.46511627906976744,0.5,0.5612227696138771,0.12903225806451613,-0.06710310965630112,0.0222222222222222,0.3409666996226437,0.4,-0.12430426716141002,1.1108887185640894,0.2833333333333333
rote_without_understanding,rote_without_understanding_94,0.0,0.4411764705882353,0.48333333333333334,0.6521300352311806,0.27586206896551724,-0.0444444444444444,0.3557692307692308,0.1379725831347304,0.0,-0.11764705882352944,1.0184386078329575,0.43333333333333335
rote_without_understanding,rote_without_understanding_95,0.0,0.41025641025641024,0.48333333333333334,0.5651602840019474,0.16666666666666666,0.06,-0.23933209647495357,-0.051223516229357696,0.19999999999999996,0.016697588126159568,1.0484512428906292,0.35
rote_without_understanding,rote_without_understanding_96,0.0,0.47368421052631576,0.5,0.5209133825873118,0.15384615384615385,-0.012422360248447173,-0.09150326797385616,0.15108623853473838,-0.19999999999999996,0.10760667903525045,1.0498643955058262,0.36666666666666664
rote_without_understanding,rote_without_understanding_97,0.0,0.7058823529411765,0.5833333333333334,0.38295462566452954,0.2222222222222222,-0.06730769230769229,0.03636363636363632,0.25639857025244345,0.19999999999999996,0.07407407407407407,1.1158431155686186,0.43333333333333335
rote_without_understanding,rote_without_understanding_98,0.0,0.5454545454545454,0.55,0.4504097404947992,0.2222222222222222,-0.40062111801242234,0.06,0.03219794935150026,0.4,-0.13725490196078433,1.1307519664067682,0.45
rote_without_understanding,rote_without_understanding_99,0.0,0.47058823529411764,0.5,0.4627741754107919,0.09090909090909091,-0.1647727272727273,-0.05198358413132692,-0.12785070947523844,-0.19999999999999996,0.2982216142270862,1.0056011494226191,0.43333333333333335
rote_without_understanding,rote_without_understanding_100,0.0,0.6285714285714286,0.55,0.6006032592231141,0.16,-0.019999999999999962,-0.1576994434137291,-0.2599699611450423,-0.19999999999999996,-0.43859649122807015,1.0458243454323926,0.4166666666666667
rote_without_understanding,rote_without_understanding_101,0.0,0.4146341463414634,0.38333333333333336,0.6711053782748285,0.23529411764705882,-0.15555555555555556,-0.0222222222222222,-0.16862802467201815,0.0,-0.14,1.0351837212802277,0.31666666666666665
rote_without_understanding,rote_without_understanding_102,0.0,0.4,0.4666666666666667,0.6698537844065052,0.13333333333333333,0.10416666666666669,-0.20833333333333331,0.13488955983962567,-0.4,-0.06211180124223603,1.0199510677019303,0.3333333333333333
rote_without_understanding,rote_without_understanding_103,0.0,0.5,0.45,0.5563975551962934,0.23076923076923078,-0.46808510638297873,0.003710575139146577,-0.4207705382701842,0.0,0.15999999999999998,0.9874393890718142,0.36666666666666664
rote_without_understanding,rote_without_understanding_104,0.0,0.6086956521739131,0.5166666666666667,0.6494078197547196,0.15625,-0.125,0.08333333333333334,0.2152944188082824,0.0,-0.015873015873015872,1.1002456638062081,0.23333333333333334
rote_without_understanding,rote_without_understanding_105,0.0,0.5,0.48333333333333334,0.572176782359802,0.0,0.10801963993453356,-0.07792207792207795,0.1452110706623554,-0.39999999999999997,-0.09150326797385622,1.0415283958332797,0.3
rote_without_understanding,rote_without_understanding_106,0.0,0.38636363636363635,0.35,0.5605640942877711,0.125,0.021563342318059286,-0.11873840445269018,-0.019525992441498503,0.2,0.28,0.9847938695135806,0.26666666666666666
rote_without_understanding,rote_without_understanding_107,0.0,0.5121951219512195,0.4666666666666667,0.6454371331960751,0.12903225806451613,0.019607843137254888,-0.01851851851851849,0.23227180194474836,0.19999999999999996,0.09090909090909094,1.0380085347516095,0.31666666666666665
rote_without_understanding,rote_without_understanding_108,0.0,0.45,0.36666666666666664,0.6182476628638971,0.13793103448275862,0.03710575139146571,0.0327332242225859,-0.03732589985965334,-0.39999999999999997,0.08000000000000002,0.9888116426423861,0.3333333333333333
rote_without_understanding,rote_without_understanding_109,0.0,0.45,0.48333333333333334,0.5518495052018533,0.08,0.0,0.26143790849673204,-0.17676357675071652,0.0,-0.15999999999999998,1.1032637878460696,0.3333333333333333
rote_without_understanding,rote_without_understanding_110,0.0,0.5,0.5,0.5062482482188836,0.16666666666666666,0.26708074534161486,-0.036363636363636376,-0.05623323037080031,0.39999999999999997,-0.13461538461538464,1.091037693449011,0.36666666666666664
rote_without_understanding,rote_without_understanding_111,0.0,0.6666666666666666,0.6166666666666667,0.529060061024318,0.10714285714285714,0.06349206349206349,0.15584415584415584,0.269229503092973,0.0,-0.0784313725490196,1.2073131294713209,0.4
rote_without_understanding,rote_without_understanding_112,0.0,0.43902439024390244,0.45,0.4945625522657849,0.2692307692307692,0.08674304418985274,-0.14596273291925466,0.33967840467539895,-0.2,-0.16666666666666666,0.9922371781564775,0.31666666666666665
rote_without_understanding,rote_without_understanding_113,0.0,0.42857142857142855,0.48333333333333334,0.5540073953705273,0.08695652173913043,-0.088379705400982,-0.07792207792207795,-0.08713898103167764,-0.2,-0.05769230769230771,1.1210227682746299,0.3
rote_without_understanding,rote_without_understanding_114,0.0,0.425,0.48333333333333334,0.5476263154914128,0.0967741935483871,0.20833333333333331,0.0327332242225859,0.19534940196422768,0.2,0.10416666666666669,1.0370358714372065,0.3333333333333333
rote_without_understanding,rote_without_understanding_115,0.0,0.45454545454545453,0.5,0.48753962042017973,0.24,-0.10227272727272729,-0.25155279503105593,-0.10184620171214613,0.2,0.18,1.0835665858888235,0.45
rote_without_understanding,rote_without_understanding_116,0.0,0.5365853658536586,0.5333333333333333,0.6126754029746562,0.14285714285714285,0.3090909090909091,-0.3090909090909091,-0.023470072340486727,-0.2,0.15032679738562088,1.0350808522031378,0.31666666666666665
rote_without_understanding,rote_without_understanding_117,0.0,0.38461538461538464,0.4166666666666667,0.5312092281478332,0.07692307692307693,-0.05400981996726678,0.05400981996726678,0.04175802147485657,-0.4,0.028846153846153855,0.9880778386609765,0.35
rote_without_understanding,rote_without_understanding_118,0.0,0.41025641025641024,0.43333333333333335,0.4949464496290918,0.11538461538461539,0.12087912087912084,0.06,0.24025011490156759,0.0,-0.02083333333333337,1.0902112354479447,0.35
rote_without_understanding,rote_without_understanding_119,0.0,0.34146341463414637,0.4,0.48210665351293985,0.08,-0.13354037267080746,0.26,-0.14987790046627902,-0.6000000000000001,-0.020000000000000018,0.9913891813957506,0.31666666666666665
misconceptions,misconceptions_0,0.0,0.4,0.4,0.49431354694120844,0.6818181818181818,-0.34,0.09999999999999998,0.01174595811674247,0.0,0.3099730458221024,0.9703010955137341,0.5833333333333334
misconceptions,misconceptions_1,0.0,0.5185185185185185,0.45,0.4933534840150206,0.35,0.02795031055900621,0.25155279503105593,0.20036472821593193,0.19999999999999996,-0.17999999999999994,0.9726765211694697,0.55
misconceptions,misconceptions_2,0.0,0.6666666666666666,0.55,0.5842271736683207,0.5384615384615384,0.11783960720130926,0.125,0.17638532676073515,-0.20000000000000007,-0.24,1.0941889613422775,0.6
misconceptions,misconceptions_3,0.0,0.45454545454545453,0.45,0.5827372349781883,0.5714285714285714,0.04166666666666663,0.3302411873840445,0.0026824476017528283,0.20000000000000007,-0.21892393320964748,1.0318298612469028,0.6333333333333333
misconceptions,misconceptions_4,0.0,0.4230769230769231,0.5333333333333333,0.5719130625571627,0.5769230769230769,0.15999999999999992,-0.0853432282003711,-0.05438759491579246,-0.6,-0.025974025974025983,1.0515785289699293,0.5666666666666667
misconceptions,misconceptions_5,0.02702702702702703,0.4782608695652174,0.48333333333333334,0.5902358029988382,0.5483870967741935,0.009615384615384581,0.26,0.14576910550931307,-0.4,0.05555555555555547,1.0527239674077478,0.6166666666666667
misconceptions,misconceptions_6,0.0,0.47058823529411764,0.5,0.42767019592755806,0.75,0.07189542483660127,-0.20261437908496727,-0.09887378042141332,0.0,-0.12727272727272732,1.100325032232043,0.7166666666666667
misconceptions,misconceptions_7,0.0,0.56,0.5,0.5415747951520486,0.5238095238095238,0.5208333333333333,-0.10416666666666663,-0.2311277936687928,0.20000000000000007,0.1482479784366577,1.0987155743475931,0.5833333333333334
misconceptions,misconceptions_8,0.0,0.4,0.45,0.44980609955700335,0.5,0.0980392156862745,0.24038461538461542,0.008481622080814053,-0.20000000000000007,-0.462962962962963,1.0081263305454564,0.5833333333333334
misconceptions,misconceptions_9,0.0,0.5789473684210527,0.55,0.6026560668984051,0.6153846153846154,-0.019607843137254943,0.1688311688311689,-0.3093147186867803,-0.19999999999999996,-0.06730769230769229,1.084895006105817,0.6833333333333333
misconceptions,misconceptions_10,0.0,0.4230769230769231,0.4666666666666667,0.43918869952093753,0.4,0.005390835579514808,-0.006211180124223614,0.1436910232369967,0.0,0.036363636363636376,1.017741930732379,0.5666666666666667
misconceptions,misconceptions_11,0.0,0.5652173913043478,0.5833333333333334,0.5604910713617909,0.5172413793103449,0.12448700410396718,0.07189542483660127,0.17195158929581508,0.19999999999999996,-0.3333333333333333,1.123874582029029,0.6166666666666667
misconceptions,misconceptions_12,0.0,0.631578947368421,0.5,0.6132522798758022,0.46153846153846156,-0.08674304418985268,0.0575139146567718,-0.2907297362458836,0.0,0.0714285714285714,1.0251884584285103,0.6833333333333333
misconceptions,misconceptions_13,0.0,0.7083333333333334,0.5833333333333334,0.5908065555310094,0.53125,-0.2222222222222222,0.12,0.29820221562751265,-0.19999999999999996,0.07407407407407407,1.1135922588442866,0.6
misconceptions,misconceptions_14,0.0,0.7647058823529411,0.6666666666666666,0.5086144517611348,0.6296296296296297,0.13068181818181823,0.25,-0.2671150930176422,0.0,-0.27083333333333337,1.1882129698321136,0.7166666666666667
misconceptions,misconceptions_15,0.0,0.5,0.45,0.5436675059783366,0.5185185185185185,0.19666048237476808,-0.11764705882352933,0.052892574385801014,0.0,-0.14379084967320266,1.0568351870757016,0.5666666666666667
misconceptions,misconceptions_16,0.0,0.6071428571428571,0.45,0.6613612646604059,0.4642857142857143,-0.0888888888888889,0.1826923076923077,0.10348092230592075,0.0,-0.21052631578947373,1.0229941214636553,0.5333333333333333
misconceptions,misconceptions_17,0.0,0.3333333333333333,0.48333333333333334,0.5745600429855392,0.5,0.05999999999999994,0.06000000000000005,-0.0781853910044716,0.19999999999999996,-0.16363636363636358,1.03331451200177,0.55
misconceptions,misconceptions_18,0.0,0.3333333333333333,0.48333333333333334,0.5815545920521192,0.56,0.0430622009569378,-0.14471243042671622,-0.18595363012677504,-0.4,-0.2142857142857143,1.056454969282876,0.7
misconceptions,misconceptions_19,0.0,0.75,0.65,0.5631788823256937,0.42857142857142855,-0.09647495361781072,-0.2708333333333333,-0.06303260098701331,0.4,-0.11859838274932616,1.1465566539324443,0.5333333333333333
misconceptions,misconceptions_20,0.0,0.5384615384615384,0.55,0.5103945470157232,0.7619047619047619,0.0625,-0.0031055900621117516,-0.08181141925729998,0.19999999999999996,-0.21999999999999997,1.1748739047249548,0.7833333333333333
misconceptions,misconceptions_21,0.0,0.6666666666666666,0.5333333333333333,0.5817765660839131,0.6333333333333333,0.19047619047619047,-0.016172506738544534,0.03368300974911151,-0.19999999999999996,-0.07453416149068315,1.1029435715657412,0.7
misconceptions,misconceptions_22,0.0,0.46153846153846156,0.55,0.5215830972238827,0.48148148148148145,0.006211180124223614,0.036006546644844595,0.13778979164226718,-0.20000000000000007,-0.07692307692307687,1.092902812402402,0.5666666666666667
misconceptions,misconceptions_23,0.0,0.125,0.36666666666666664,0.5098311220643313,0.6190476190476191,-0.20915032679738554,-0.04582651391162029,0.052517613132731365,-0.20000000000000007,0.10389610389610393,0.944997050772779,0.7333333333333333
misconceptions,misconceptions_24,0.0,0.3333333333333333,0.43333333333333335,0.49586461812982346,0.5185185185185185,-0.14238952536824878,0.04418985270049092,0.2029787030553893,0.4,0.15032679738562094,1.0124472410928458,0.65
misconceptions,misconceptions_25,0.0,0.48148148148148145,0.4166666666666667,0.49098308079995306,0.3333333333333333,0.17999999999999994,-0.10575139146567714,0.13520523761163283,0.0,0.1816693944353519,1.0405318576002442,0.55
misconceptions,misconceptions_26,0.0,0.4117647058823529,0.45,0.6047990999382203,0.625,0.11111111111111116,-0.10000000000000009,0.1899223593014108,0.0,0.10000000000000009,1.0493801193517398,0.7166666666666667
misconceptions,misconceptions_27,0.0,0.5,0.5,0.4607633202031152,0.7307692307692307,0.15527950310559002,-0.15873015873015872,0.29271702207661376,0.0,0.1309328968903437,1.083640234424814,0.6666666666666666
misconceptions,misconceptions_28,0.0,0.37037037037037035,0.4166666666666667,0.5165525172751074,0.5,0.006535947712418277,-0.04166666666666674,-0.5391215819982923,0.0,0.18598382749326148,0.992295461256364,0.55
misconceptions,misconceptions_29,0.0,0.48,0.5833333333333334,0.5936331941912593,0.5714285714285714,-0.20833333333333331,0.04638218923933213,-0.214604182035413,-0.4,0.04807692307692313,1.0728554346828305,0.5833333333333334
misconceptions,misconceptions_30,0.0,0.5714285714285714,0.5166666666666667,0.5474254964077283,0.4482758620689655,-0.20779220779220775,0.2803234501347709,-0.09746635558954765,0.19999999999999996,0.10474631751227503,1.0289498566059738,0.5333333333333333
misconceptions,misconceptions_31,0.0,0.75,0.6333333333333333,0.4999895439122656,0.5517241379310345,0.14906832298136652,0.12,-0.24357766074576268,0.19999999999999996,-0.02083333333333326,1.0787387666633619,0.6
misconceptions,misconceptions_32,0.0,0.5185185185185185,0.6,0.5189125449578034,0.5833333333333334,-0.06521739130434778,0.2888888888888889,0.3206356741866315,-0.19999999999999996,0.054545454545454564,1.1135956592702165,0.55
misconceptions,misconceptions_33,0.0,0.6470588235294118,0.55,0.5253155874410406,0.6363636363636364,0.022222222222222143,-0.13068181818181823,0.05534633238750845,0.4,0.15902964959568733,1.1037277293936727,0.7166666666666667
misconceptions,misconceptions_34,0.0,0.6,0.5333333333333333,0.4755860565625243,0.4230769230769231,-0.15548281505728312,-0.287569573283859,0.22140051939508254,-0.19999999999999996,-0.09615384615384615,1.1002349484623521,0.5833333333333334
misconceptions,misconceptions_35,0.0,0.5333333333333333,0.5,0.6411539617107073,0.75,-0.2287581699346405,-0.06000000000000005,-0.00943599573278581,-0.20000000000000007,0.0,1.07714369805475,0.75
misconceptions,misconceptions_36,0.0,0.42857142857142855,0.4666666666666667,0.6349661203876639,0.6071428571428571,-0.016697588126159513,0.15555555555555556,0.2773806425280377,-0.20000000000000007,-0.24183006535947715,1.0339897590494371,0.65
misconceptions,misconceptions_37,0.0,0.48148148148148145,0.5,0.43628279284399546,0.4,0.13725490196078427,0.20192307692307687,0.11424282526969835,0.0,0.006535947712418277,1.1190410447251642,0.55
misconceptions,misconceptions_38,0.0,0.5217391304347826,0.5,0.49669335786823304,0.5833333333333334,-0.020000000000000018,-0.05882352941176472,-0.033664351371692124,-0.6000000000000001,0.15384615384615385,1.0513163873174607,0.6166666666666667
misconceptions,misconceptions_39,0.0,0.5,0.5333333333333333,0.5936366175123965,0.56,-0.011363636363636354,0.29807692307692313,0.06871477399593401,0.2,-0.036363636363636376,1.0772423347985596,0.6333333333333333
misconceptions,misconceptions_40,0.0,0.42105263157894735,0.5166666666666667,0.505418514382557,0.7,-0.06730769230769229,-0.16512059369202237,-0.1376635935687295,-0.19999999999999996,-0.1688311688311689,1.1007818666598461,0.6833333333333333
misconceptions,misconceptions_41,0.0,0.631578947368421,0.5,0.5082874681415238,0.8,-0.022222222222222254,-0.09090909090909094,-0.43085113060809205,-0.4,-0.12668463611859837,1.0352333187556124,0.6833333333333333
misconceptions,misconceptions_42,0.0,0.5,0.5333333333333333,0.5613219391342624,0.6071428571428571,0.032733224222585955,-0.16000000000000003,-0.12236969033299235,0.0,0.032733224222585955,1.077617222490268,0.6666666666666666
misconceptions,misconceptions_43,0.0,0.6190476190476191,0.5166666666666667,0.41849255323977974,0.35714285714285715,-0.24058919803600654,-0.09461966604823746,0.0964865406755668,-0.19999999999999996,0.33333333333333326,1.160411223820642,0.65
misconceptions,misconceptions_44,0.0,0.2,0.48333333333333334,0.5735481044996642,0.44,-0.1094391244870041,-0.10416666666666663,0.13444137458256514,-0.19999999999999996,-0.0654664484451718,0.9944397113534449,0.6666666666666666
misconceptions,misconceptions_45,0.0,0.631578947368421,0.5166666666666667,0.5845987616852962,0.6206896551724138,-0.0575139146567718,0.20370370370370372,0.1473066669941368,-0.4,-0.125,1.050633446105111,0.6833333333333333
misconceptions,misconceptions_46,0.0,0.4166666666666667,0.4,0.6409536555586951,0.5185185185185185,0.12938005390835583,-0.12,0.1626128308378753,-0.4,0.20915032679738566,0.9931897941580837,0.6
misconceptions,misconceptions_47,0.0,0.5833333333333334,0.5166666666666667,0.5546257668841634,0.46153846153846156,0.0,-0.1875,0.0015815794751059334,0.0,0.07017543859649122,1.0463608755410807,0.6
misconceptions,misconceptions_48,0.0,0.23809523809523808,0.4,0.5059429620985691,0.56,-0.10248447204968947,0.10248447204968947,0.22628678844149416,0.8,-0.23933209647495363,1.0225241244200396,0.65
misconceptions,misconceptions_49,0.0,0.5384615384615384,0.43333333333333335,0.7371500143975146,0.47368421052631576,0.1671159029649596,-0.06730769230769229,0.2566356454856215,0.4,0.25454545454545463,1.062471445561045,0.5666666666666667
misconceptions,misconceptions_50,0.0,0.7142857142857143,0.5666666666666667,0.5184679831161693,0.47058823529411764,0.22916666666666674,0.06000000000000005,-0.08937835424213104,-0.20000000000000007,0.18000000000000005,1.1183639501778582,0.65
misconceptions,misconceptions_51,0.0,0.4444444444444444,0.5333333333333333,0.5909584514284992,0.7142857142857143,0.0,0.20621931260229132,-0.0968052436656837,0.0,-0.04166666666666674,1.028524456455524,0.7
misconceptions,misconceptions_52,0.0,0.6190476190476191,0.5833333333333334,0.5195680554861292,0.4090909090909091,-0.23933209647495363,0.33878887070376434,-0.15537611932614379,0.0,-0.1280148423005566,1.1119903532278432,0.65
misconceptions,misconceptions_53,0.0,0.5517241379310345,0.5666666666666667,0.5207510250198072,0.34615384615384615,0.14656771799628943,-0.045751633986928164,-0.16268800751731094,-0.39999999999999997,-0.020000000000000018,1.0883645024344892,0.5166666666666667
misconceptions,misconceptions_54,0.0,0.3157894736842105,0.38333333333333336,0.47802355197739327,0.6842105263157895,-0.125,-0.22670807453416142,-0.3697541843899433,-0.4,0.22115384615384615,0.9629667889420273,0.6833333333333333
misconceptions,misconceptions_55,0.0,0.47368421052631576,0.38333333333333336,0.5748942820413222,0.7096774193548387,-0.10317460317460314,-0.03504043126684642,-0.4287628285545981,0.0,-0.09090909090909094,1.0021640802486316,0.6833333333333333
misconceptions,misconceptions_56,0.0,0.3333333333333333,0.48333333333333334,0.5535605623139987,0.5714285714285714,0.28104575163398693,0.2727272727272727,0.03704003001110786,-0.20000000000000007,0.019607843137254832,1.058099528388935,0.65
misconceptions,misconceptions_57,0.0,0.5,0.45,0.6100325148906739,0.5384615384615384,-0.22916666666666669,-0.07843137254901955,-0.3155422748413866,-0.4,-0.02083333333333326,1.026448402703053,0.6
misconceptions,misconceptions_58,0.0,0.2,0.45,0.40188831472260844,0.8235294117647058,-0.28,0.0892857142857143,0.003404963683532458,0.0,0.04807692307692313,1.0441835306197398,0.8333333333333334
misconceptions,misconceptions_59,0.0,0.5909090909090909,0.6166666666666667,0.4809785285023879,0.5555555555555556,0.27884615384615385,0.29807692307692313,-0.38468631594280356,0.0,-0.2222222222222222,1.1214576275247914,0.6333333333333333
misconceptions,misconceptions_60,0.0,0.43478260869565216,0.43333333333333335,0.534774463337204,0.5833333333333334,0.12448700410396718,0.21293800539083557,-0.10833322015654001,0.19999999999999996,0.4107142857142857,0.9802755353448822,0.6166666666666667
misconceptions,misconceptions_61,0.0,0.55,0.4666666666666667,0.5355355311019829,0.5172413793103449,0.20833333333333337,-0.28,-0.5468336739891774,-0.39999999999999997,0.1309328968903437,1.024355545808653,0.6666666666666666
misconceptions,misconceptions_62,0.0,0.28,0.45,0.5802485575939598,0.5555555555555556,0.1482479784366577,-0.04807692307692313,0.1081957186271975,0.0,0.06493506493506496,1.0201027880021571,0.5833333333333334
misconceptions,misconceptions_63,0.0,0.5,0.5333333333333333,0.6284879264144732,0.6551724137931034,-0.18923933209647503,-0.0625,0.09274057868340617,0.39999999999999997,0.12,1.1004830977254367,0.7
misconceptions,misconceptions_64,0.0,0.4,0.48333333333333334,0.5108024177980507,0.5666666666666667,-0.12422360248447206,-0.40816326530612246,0.004473235210691155,0.20000000000000007,0.37037037037037035,1.0388522590190095,0.6666666666666666
misconceptions,misconceptions_65,0.0,0.5714285714285714,0.4166666666666667,0.46608832371753756,0.7083333333333334,0.00327332242225864,0.02083333333333337,-0.2171565836063684,-0.4,0.00327332242225864,1.0320732883296286,0.7666666666666667
misconceptions,misconceptions_66,0.0,0.631578947368421,0.48333333333333334,0.591639470000925,0.4583333333333333,-0.019607843137254943,0.02083333333333337,0.2173695301692067,0.6,-0.21999999999999997,1.0170533928487224,0.6833333333333333
misconceptions,misconceptions_67,0.0,0.3333333333333333,0.43333333333333335,0.5001776043925104,0.7619047619047619,-0.2678571428571429,-0.054545454545454564,-0.006497876304120402,0.4,-0.06000000000000005,0.9877686205441557,0.75
misconceptions,misconceptions_68,0.0,0.5294117647058824,0.55,0.6887136409357658,0.6363636363636364,0.14583333333333337,-0.32692307692307687,-0.2561096020950252,0.19999999999999996,-0.05555555555555558,1.0987179566951233,0.7166666666666667
misconceptions,misconceptions_69,0.0,0.5185185185185185,0.5,0.5316204694011553,0.48148148148148145,0.1354309165526676,-0.08346972176759415,0.289105790938741,0.19999999999999996,-0.014729950900163713,1.106230617300844,0.55
misconceptions,misconceptions_70,0.0,0.47619047619047616,0.5333333333333333,0.521927013835199,0.5384615384615384,0.019607843137254832,-0.05999999999999994,-0.3016564406628813,0.4,0.2596153846153846,1.0695920160871837,0.65
misconceptions,misconceptions_71,0.0,0.5909090909090909,0.55,0.5880886595140559,0.6538461538461539,-0.022913256955810146,0.07008086253369272,0.3218215485480492,0.0,0.13461538461538458,1.0793282787899325,0.6333333333333333
misconceptions,misconceptions_72,0.0,0.4230769230769231,0.48333333333333334,0.5356485044985666,0.5185185185185185,-0.25925925925925924,0.07999999999999996,-0.20012218454170336,-0.4,0.3015873015873016,1.061721001988748,0.5666666666666667
misconceptions,misconceptions_73,0.0,0.5161290322580645,0.5333333333333333,0.39139303423039107,0.3333333333333333,0.020000000000000018,-0.18738404452690166,-0.14343927869578516,-0.2,-0.35185185185185186,1.0883186153048885,0.48333333333333334
misconceptions,misconceptions_74,0.0,0.6,0.5666666666666667,0.4999688045030554,0.75,0.04658385093167705,-0.28846153846153844,-0.08309606660281642,0.0,-0.07364975450081834,1.1046391948494716,0.75
misconceptions,misconceptions_75,0.0,0.3157894736842105,0.4166666666666667,0.49395536463067774,0.64,0.05555555555555558,0.09999999999999998,-0.06677792337800545,-0.19999999999999996,-0.12668463611859837,1.0089996862280222,0.6833333333333333
misconceptions,misconceptions_76,0.0,0.65,0.5333333333333333,0.5826203814340472,0.6153846153846154,0.10416666666666663,0.10416666666666663,0.06111995818850536,0.4,0.0,1.0852165527765492,0.6666666666666666
misconceptions,misconceptions_77,0.0,0.3793103448275862,0.5166666666666667,0.5615535697687313,0.56,-0.2444444444444444,0.11490683229813664,0.0662624507980853,0.0,-0.12499999999999994,1.0634973412931885,0.5166666666666667
misconceptions,misconceptions_78,0.0,0.35,0.4,0.6183222877092739,0.5769230769230769,0.0,-0.0539083557951483,-0.014305313266663514,0.20000000000000007,-0.1923076923076923,0.9614573094980104,0.6666666666666666
misconceptions,misconceptions_79,0.0,0.625,0.6333333333333333,0.5762807594286034,0.6521739130434783,-0.12,0.2596153846153846,-0.3259503773954175,0.39999999999999997,0.33986928104575154,1.1212469137459393,0.6
misconceptions,misconceptions_80,0.0,0.4090909090909091,0.4166666666666667,0.49096722454197256,0.6666666666666666,-0.15661103979460855,-0.1333333333333333,-0.278499051994425,0.19999999999999996,-0.10760667903525045,0.9531083448453523,0.6333333333333333
misconceptions,misconceptions_81,0.0,0.4,0.4166666666666667,0.5361254414091773,0.7,0.1633986928104575,0.08522727272727271,0.4277782016862168,0.0,0.06000000000000005,0.9981488093049046,0.75
misconceptions,misconceptions_82,0.0,0.46153846153846156,0.4666666666666667,0.5324351707391244,0.36,0.25454545454545463,0.08333333333333337,0.45464078452865925,0.19999999999999996,0.06219312602291327,1.0441526254484965,0.5666666666666667
misconceptions,misconceptions_83,0.0,0.3076923076923077,0.45,0.5949790485637346,0.7307692307692307,0.125,0.21999999999999997,-0.02670429798619004,0.0,-0.006535947712418277,1.024985987046261,0.7833333333333333
misconceptions,misconceptions_84,0.0,0.6,0.5,0.5457532752117149,0.6428571428571429,-0.12422360248447206,-0.07421150278293143,-0.018221797561903494,-0.19999999999999996,0.18518518518518523,1.0593201349649688,0.6666666666666666
misconceptions,misconceptions_85,0.0,0.45454545454545453,0.4166666666666667,0.5331403638646056,0.56,0.039215686274509776,-0.13461538461538458,-0.1419111090007973,0.19999999999999996,-0.28,1.0153791691602625,0.6333333333333333
misconceptions,misconceptions_86,0.0,0.5909090909090909,0.6166666666666667,0.548552057630184,0.6,0.07999999999999996,0.3602484472049689,-0.2555693843523766,-0.19999999999999996,0.039215686274509776,1.2453989619031418,0.6333333333333333
misconceptions,misconceptions_87,0.0,0.4375,0.5,0.5871114970164614,0.625,-0.0625,0.18328840970350413,0.176454963376894,0.20000000000000007,-0.34501347708894886,1.0682533844924176,0.7333333333333333
misconceptions,misconceptions_88,0.0,0.5833333333333334,0.6666666666666666,0.39205722277502497,0.8095238095238095,0.07453416149068315,-0.0646900269541778,0.038835304843794494,0.0,-0.12,1.1927437979693944,0.8
misconceptions,misconceptions_89,0.0,0.3076923076923077,0.45,0.4932221889291184,0.5357142857142857,-0.05905006418485237,-0.06349206349206349,0.14359280613180975,-0.6000000000000001,-0.13420621931260224,1.079558353755552,0.5666666666666667
misconceptions,misconceptions_90,0.0,0.6,0.6,0.5324429028793128,0.4583333333333333,-0.3710575139146568,0.0,0.0763991276122227,0.0,-0.14842300556586274,1.1160544048694108,0.6666666666666666
misconceptions,misconceptions_91,0.0,0.5789473684210527,0.5166666666666667,0.605015397516083,0.6774193548387096,0.05380333951762528,-0.3198757763975155,-0.12090707236136712,0.4,0.019999999999999907,1.051692518399118,0.6833333333333333
misconceptions,misconceptions_92,0.0,0.5,0.5,0.5883610304010868,0.5517241379310345,0.24038461538461542,0.0,0.10687123304827739,0.6000000000000001,0.21563342318059298,1.077741104578101,0.6666666666666666
misconceptions,misconceptions_93,0.0,0.8095238095238095,0.6666666666666666,0.582600939681497,0.6923076923076923,-0.18000000000000005,0.1280148423005566,-0.21738804164200795,0.19999999999999996,0.2596153846153846,1.1642962236880654,0.65
misconceptions,misconceptions_94,0.0,0.5625,0.5333333333333333,0.5852377997263771,0.6785714285714286,0.0888888888888889,-0.04377564979480164,-0.11233535896031625,-0.6,0.14016172506738545,1.0810045755157047,0.7333333333333333
misconceptions,misconceptions_95,0.0,0.5,0.38333333333333336,0.5403681210891303,0.5217391304347826,0.0444444444444444,0.16000000000000003,0.07645330772187728,0.4,0.13461538461538458,1.0323022935440755,0.6333333333333333
misconceptions,misconceptions_96,0.0,0.3181818181818182,0.4,0.5097707331638759,0.6428571428571429,0.0444444444444444,0.1211129296235679,-0.013787844087468169,0.0,0.2263450834879407,1.0169078746174318,0.6333333333333333
misconceptions,misconceptions_97,0.0,0.2777777777777778,0.4166666666666667,0.5604788615735798,0.6428571428571429,0.016172506738544534,-0.0625,-0.0773261317335964,0.0,0.0,1.0264749856216677,0.7
misconceptions,misconceptions_98,0.0,0.625,0.45,0.4988181119136375,0.6086956521739131,0.3076923076923077,-0.04582651391162029,0.4118331086220723,0.0,0.16346153846153844,1.0460754427289658,0.7333333333333333
misconceptions,misconceptions_99,0.0,0.42105263157894735,0.5166666666666667,0.5901177369076513,0.7666666666666667,-0.019607843137254943,0.22916666666666663,0.013344135517955862,-0.20000000000000007,-0.3322981366459628,1.0131264413412249,0.6833333333333333
misconceptions,misconceptions_100,0.0,0.55,0.5333333333333333,0.5764845348062569,0.6129032258064516,0.20833333333333337,0.0654664484451718,0.13411621718687333,0.0,-0.20833333333333337,1.1006006863676483,0.6666666666666666
misconceptions,misconceptions_101,0.0,0.5217391304347826,0.5333333333333333,0.4927667180481816,0.5714285714285714,0.05882352941176472,-0.13543599257884975,-0.044433033893274104,-0.19999999999999996,0.2722371967654986,1.118368419220809,0.6166666666666667
misconceptions,misconceptions_102,0.0,0.3684210526315789,0.43333333333333335,0.5313093458039482,0.6,0.26,0.019607843137254943,0.02734207948357521,0.0,-0.06730769230769229,1.0446108370740879,0.6833333333333333
misconceptions,misconceptions_103,0.0,0.5555555555555556,0.5833333333333334,0.5638436883666603,0.5555555555555556,-0.009819967266775809,-0.20496894409937882,-0.177072455214426,-0.39999999999999997,0.13333333333333341,1.1467480698896764,0.7
misconceptions,misconceptions_104,0.0,0.42424242424242425,0.45,0.5201602411598598,0.45,0.13746630727762799,0.06666666666666665,0.3860868836329724,-0.19999999999999996,-0.006535947712418333,1.0551089350250837,0.45
misconceptions,misconceptions_105,0.0,0.4,0.4666666666666667,0.5249283486853058,0.7894736842105263,0.10416666666666674,-0.02454991816693952,0.17186872177881704,-0.20000000000000007,-0.0980392156862745,1.119884708359265,0.75
misconceptions,misconceptions_106,0.0,0.5294117647058824,0.48333333333333334,0.6676681558045179,0.7878787878787878,-0.16666666666666663,0.020000000000000018,0.13798543661095494,0.20000000000000007,0.12430426716141008,1.1062498101389673,0.7166666666666667
misconceptions,misconceptions_107,0.0,0.47058823529411764,0.4,0.5389301588495437,0.7083333333333334,0.12962962962962965,-0.21999999999999997,0.11357984074469953,-0.19999999999999996,-0.26,0.9908114665791649,0.7166666666666667
misconceptions,misconceptions_108,0.0,0.5925925925925926,0.5833333333333334,0.47495494610896477,0.4230769230769231,-0.3856209150326797,0.11292962356792147,0.14518178550470903,-0.20000000000000007,-0.25490196078431376,1.1359595897892134,0.55
misconceptions,misconceptions_109,0.0,0.4827586206896552,0.43333333333333335,0.44691638803043815,0.47619047619047616,-0.1873840445269016,-0.02782324058919805,0.07442185406180311,0.0,0.08333333333333337,1.0084031461713718,0.5166666666666667
misconceptions,misconceptions_110,0.0,0.631578947368421,0.6333333333333333,0.4747956602486898,0.68,0.05555555555555558,0.0575139146567718,0.3330276816157631,-0.4,-0.3322981366459628,1.1512158837539572,0.6833333333333333
misconceptions,misconceptions_111,0.0,0.5714285714285714,0.45,0.48184264652018527,0.52,0.2701863354037266,0.016697588126159513,0.5050584186674332,0.0,0.019607843137254832,0.9591129996256602,0.65
misconceptions,misconceptions_112,0.0,0.8,0.5166666666666667,0.5045600940808138,0.75,0.03105590062111796,0.28,0.20783532822110876,-0.19999999999999996,-0.2545454545454545,1.0360837497402715,0.8333333333333334
misconceptions,misconceptions_113,0.0,0.29411764705882354,0.38333333333333336,0.3805721980482662,0.5217391304347826,-0.3209647495361781,0.0026954177897573484,-0.33265512881938336,0.20000000000000007,0.09090909090909094,1.0268343867133944,0.7166666666666667
misconceptions,misconceptions_114,0.0,0.5652173913043478,0.5666666666666667,0.5738162857539304,0.5517241379310345,0.16666666666666663,-0.22000000000000008,0.22697181804708882,-0.20000000000000007,0.1895424836601307,1.0690280639755219,0.6166666666666667
misconceptions,misconceptions_115,0.0,0.5217391304347826,0.4666666666666667,0.5660315622795221,0.4642857142857143,0.02182284980744542,-0.05555555555555547,-0.5878881065283906,-0.20000000000000007,-0.125,1.056335609983414,0.6166666666666667
misconceptions,misconceptions_116,0.0,0.55,0.45,0.39441194737108226,0.6521739130434783,0.02840909090909094,0.10781671159029649,0.06792806145858485,0.0,-0.3508771929824562,1.0533640969255853,0.6666666666666666
misconceptions,misconceptions_117,0.0,0.5555555555555556,0.43333333333333335,0.5310962988882736,0.6538461538461539,0.14471243042671622,0.12,-0.16624712540780828,0.0,0.10909090909090913,1.0117657056966816,0.7
misconceptions,misconceptions_118,0.0,0.6,0.6166666666666667,0.6745395840837018,0.7096774193548387,-0.16366612111292966,0.10781671159029649,-0.15294633766152668,0.19999999999999996,0.0,1.194296664062803,0.6666666666666666
misconceptions,misconceptions_119,0.0,0.6153846153846154,0.5833333333333334,0.5582842658974398,0.4666666666666667,0.02083333333333337,0.09090909090909094,0.1684949732795936,0.19999999999999996,0.15999999999999992,1.1202348766320365,0.5666666666666667
working_memory,working_memory_0,0.0,0.46875,0.45,0.5621130416327118,0.4838709677419355,0.1898527004909984,-0.041666666666666685,0.27717838142030143,-0.4,0.1898527004909984,1.02334151400175,0.4666666666666667
working_memory,working_memory_1,0.0,0.48484848484848486,0.5,0.5513963953341594,0.4074074074074074,0.11688311688311687,-0.05769230769230771,0.2248284255531037,0.8,0.34615384615384615,1.0629006707501627,0.45
working_memory,working_memory_2,0.0,0.6129032258064516,0.6166666666666667,0.5841154386839994,0.4482758620689655,-0.0222222222222222,-0.3464052287581699,0.5055321163427362,-0.4,-0.125,1.2030013171567286,0.48333333333333334
working_memory,working_memory_3,0.0,0.5277777777777778,0.5166666666666667,0.4601078167347585,0.25,-0.3555555555555555,0.08333333333333337,0.343649874177174,-0.6,0.6428571428571428,1.09304010137864,0.4
working_memory,working_memory_4,0.0,0.8,0.6333333333333333,0.6122384106621076,0.4,0.04909983633387888,-0.12,0.42610904074130485,0.0,0.10416666666666669,1.0908132968295523,0.5
working_memory,working_memory_5,0.0,0.525,0.4666666666666667,0.5871766686034876,0.34375,-0.0327332242225859,0.20833333333333334,0.20034367559681251,0.39999999999999997,0.031055900621118016,1.0708017597438746,0.3333333333333333
working_memory,working_memory_6,0.0,0.30434782608695654,0.4166666666666667,0.6066571796556616,0.391304347826087,-0.14583333333333337,-0.22049689440993792,0.4896103731733075,-0.20000000000000007,0.024118738404452666,0.9992110687203731,0.6166666666666667
working_memory,working_memory_7,0.0,0.4,0.4666666666666667,0.4794855561556601,0.2777777777777778,0.020000000000000018,0.0,0.19124721776414896,-0.20000000000000007,0.020000000000000018,1.1064020142337965,0.5833333333333334
working_memory,working_memory_8,0.0,0.6206896551724138,0.55,0.5808858212091149,0.41935483870967744,-0.023809523809523836,0.07606679035250469,0.12682011801502527,-0.19999999999999996,-0.261455525606469,1.1112231486695439,0.5166666666666667
working_memory,working_memory_9,0.0,0.5357142857142857,0.5166666666666667,0.5421686540725564,0.44,-0.04347826086956519,-0.07999999999999996,0.09453260400020531,0.0,0.04312668463611857,1.0915699621767307,0.5333333333333333
working_memory,working_memory_10,0.0,0.5,0.5166666666666667,0.4469714853960409,0.2962962962962963,-0.25568181818181823,0.27829313543599254,0.7710679531003909,-0.20000000000000007,0.0,1.112189907046279,0.5
working_memory,working_memory_11,0.0,0.3793103448275862,0.48333333333333334,0.5911050358068523,0.42857142857142855,0.017783857729138153,-0.017783857729138153,0.43692315940223186,-0.2,-0.16346153846153844,1.0667165838858668,0.5166666666666667
working_memory,working_memory_12,0.0,0.5483870967741935,0.5166666666666667,0.6063539779039203,0.4,-0.14656771799628943,-0.29870129870129875,0.48470140843285825,-0.20000000000000007,0.2857142857142857,1.0802235781877192,0.48333333333333334
working_memory,working_memory_13,0.0,0.4722222222222222,0.48333333333333334,0.6379285647241567,0.3,-0.04452690166975881,-0.22360248447204967,0.6402959796417109,-0.2,0.19407008086253363,1.0457362933123862,0.4
working_memory,working_memory_14,0.0,0.45161290322580644,0.43333333333333335,0.576735127908184,0.37037037037037035,-0.09090909090909088,-0.10795454545454547,0.13446860729378016,-0.20000000000000007,0.020000000000000018,1.0638861370902757,0.48333333333333334
working_memory,working_memory_15,0.0,0.3793103448275862,0.43333333333333335,0.5345260337367863,0.45161290322580644,0.02782324058919805,0.08496732026143794,0.39060125963125564,0.0,-0.020000000000000018,1.0240895425688943,0.5166666666666667
working_memory,working_memory_16,0.0,0.5333333333333333,0.55,0.3815848582140157,0.4,-0.22222222222222227,-0.04909983633387888,0.3336687004897441,0.19999999999999996,-0.19607843137254904,1.074153199971746,0.5
working_memory,working_memory_17,0.0,0.43243243243243246,0.45,0.5687010355649004,0.3333333333333333,0.29623567921440264,0.024118738404452666,0.408966535585705,-0.39999999999999997,-0.21999999999999997,1.0604581547991736,0.38333333333333336
working_memory,working_memory_18,0.0,0.6060606060606061,0.5833333333333334,0.6396391243106806,0.3611111111111111,0.15340909090909088,-0.13746630727762799,0.23649366039037398,-0.19999999999999996,0.18,1.0972643724163271,0.45
working_memory,working_memory_19,0.0,0.40625,0.43333333333333335,0.5917673651811592,0.32,-0.031746031746031744,0.20485175202156336,0.29713232214594687,-0.20000000000000007,0.5423728813559322,1.070109980843815,0.4666666666666667
working_memory,working_memory_20,0.0,0.5517241379310345,0.55,0.48316090108910453,0.4230769230769231,0.08333333333333337,0.020000000000000018,0.5656587955440741,0.19999999999999996,0.09090909090909094,1.1255654621432,0.5166666666666667
working_memory,working_memory_21,0.0,0.4594594594594595,0.48333333333333334,0.5402387783591055,0.3076923076923077,0.19851576994434134,-0.020000000000000018,0.11272235506101559,-0.2,-0.009615384615384637,1.0102565204044385,0.38333333333333336
working_memory,working_memory_22,0.0,0.375,0.43333333333333335,0.5113337151222122,0.30434782608695654,0.0,-0.043478260869565244,0.6320733076259819,-0.39999999999999997,0.09165302782324058,0.9717384558173897,0.4666666666666667
working_memory,working_memory_23,0.0,0.45714285714285713,0.4166666666666667,0.6022980501773931,0.2903225806451613,0.09999999999999998,0.26,0.45847378013250534,-0.2,0.05728314238952542,0.9807944038814639,0.4166666666666667
working_memory,working_memory_24,0.0,0.5357142857142857,0.48333333333333334,0.5205280093615178,0.3793103448275862,0.20294599018003273,-0.0625,0.20927511454508002,0.0,0.07999999999999996,1.0666559024057594,0.5333333333333333
working_memory,working_memory_25,0.0,0.4375,0.5333333333333333,0.5901515665131757,0.3870967741935484,0.08755129958960328,0.2,0.42634626285199184,-0.19999999999999996,-0.49122807017543857,1.0696268629397006,0.4666666666666667
working_memory,working_memory_26,0.0,0.65625,0.6166666666666667,0.5912661111907376,0.37037037037037035,-0.2360248447204969,-0.16963064295485636,0.5671036666112405,0.0,-0.02614379084967322,1.0956941516259902,0.4666666666666667
working_memory,working_memory_27,0.0,0.5945945945945946,0.5666666666666667,0.5892677068049197,0.4074074074074074,0.020000000000000018,0.27083333333333337,0.5536468703631141,-0.39999999999999997,-0.05555555555555558,1.1254716153478996,0.38333333333333336
working_memory,working_memory_28,0.0,0.5135135135135135,0.5166666666666667,0.42564472795108627,0.14285714285714285,-0.024118738404452666,0.24074074074074073,0.41354648003735484,-0.39999999999999997,0.059006211180124224,1.081294580234368,0.38333333333333336
working_memory,working_memory_29,0.0,0.5882352941176471,0.5166666666666667,0.5179692436730851,0.375,0.35992578849721707,-0.025974025974025983,0.311363041185754,-0.39999999999999997,-0.125,1.111291476384594,0.43333333333333335
working_memory,working_memory_30,0.0,0.3225806451612903,0.45,0.6214594207020397,0.43333333333333335,-0.05555555555555558,-0.29870129870129875,0.4533806766666022,-0.19999999999999996,0.019230769230769218,1.0210053517372344,0.48333333333333334
working_memory,working_memory_31,0.0,0.5925925925925926,0.5166666666666667,0.5412465830914974,0.48,-0.06521739130434778,0.17999999999999994,0.28322632728624814,0.0,0.2727272727272728,1.0795665545373874,0.55
working_memory,working_memory_32,0.0,0.4838709677419355,0.5333333333333333,0.5308170184599199,0.3333333333333333,0.26677577741407527,-0.16857610474631757,0.6944663387210708,0.19999999999999996,-0.04575163398692811,1.1499667883456735,0.48333333333333334
working_memory,working_memory_33,0.0,0.4074074074074074,0.48333333333333334,0.5841601660087116,0.5,-0.11688311688311687,-0.02425876010781669,0.7308912415593822,0.20000000000000007,0.18598382749326148,1.0213757106624686,0.55
working_memory,working_memory_34,0.0,0.4444444444444444,0.48333333333333334,0.4952646750794557,0.2608695652173913,0.052287581699346386,-0.052287581699346386,0.4747072840189024,0.39999999999999997,0.25961538461538464,1.0672712986650312,0.4
working_memory,working_memory_35,0.0,0.5625,0.55,0.4841078986580129,0.36,0.03999999999999998,-0.0888888888888889,0.3147185554064478,0.19999999999999996,-0.14285714285714285,1.0379206670575818,0.4666666666666667
working_memory,working_memory_36,0.0,0.6785714285714286,0.5,0.5227175071658466,0.5862068965517241,-0.04166666666666663,0.09647495361781072,0.21041292799750955,-0.4,0.23747680890538037,1.0820415642040642,0.5333333333333333
working_memory,working_memory_37,0.0,0.6428571428571429,0.5333333333333333,0.5397180623914093,0.5,-0.038461538461538436,-0.33333333333333337,0.3175970793690731,-0.6,0.07272727272727275,1.0659457634715765,0.5333333333333333
working_memory,working_memory_38,0.0,0.5263157894736842,0.5,0.6170089821071646,0.11538461538461539,-0.1150278293135436,0.07386363636363635,0.17937162520785452,0.6000000000000001,-0.03921568627450983,1.043655949275392,0.36666666666666664
working_memory,working_memory_39,0.0,0.2857142857142857,0.35,0.6203041913825084,0.44,-0.14583333333333331,0.1454545454545454,0.3074867612372869,0.20000000000000007,0.25,0.9747165490717022,0.5333333333333333
working_memory,working_memory_40,0.0,0.4411764705882353,0.5333333333333333,0.6333994273168729,0.34375,0.14379084967320266,0.08534322820037105,0.47721190718715745,0.0,-0.06730769230769229,1.070116378603484,0.43333333333333335
working_memory,working_memory_41,0.0,0.45454545454545453,0.4,0.6193610754099215,0.4074074074074074,0.19999999999999996,-0.22807017543859648,0.2357434679306761,0.19999999999999996,0.16666666666666669,1.0079381324489625,0.45
working_memory,working_memory_42,0.0,0.41379310344827586,0.4666666666666667,0.5761794101858398,0.4074074074074074,0.045751633986928164,-0.125,0.39785714396363725,0.20000000000000007,0.3518518518518519,1.0846843646462578,0.5166666666666667
working_memory,working_memory_43,0.0,0.5517241379310345,0.5166666666666667,0.5486380950230985,0.2608695652173913,-0.215686274509804,-0.23295454545454547,-0.04731910212705865,-0.2,0.061994609164420456,1.0575851430288221,0.5166666666666667
working_memory,working_memory_44,0.0,0.5454545454545454,0.5166666666666667,0.5776534172387237,0.3448275862068966,0.18,-0.16666666666666669,0.5779338351612853,0.0,-0.06,1.0547133802307858,0.45
working_memory,working_memory_45,0.0,0.45161290322580644,0.5333333333333333,0.545244248299591,0.2692307692307692,-0.014120667522464714,0.2577639751552795,0.6589415015850971,0.20000000000000007,0.1825396825396826,1.1208837630515767,0.48333333333333334
working_memory,working_memory_46,0.0,0.5789473684210527,0.6,0.5129676652948538,0.48,-0.18494271685761055,-0.09090909090909094,0.5010741409440727,0.0,-0.019607843137254943,1.1527236081305337,0.6833333333333333
working_memory,working_memory_47,0.0,0.5588235294117647,0.5833333333333334,0.578533204134166,0.3548387096774194,-0.16000000000000003,-0.13406292749658005,0.2556894062537142,0.0,-0.19666048237476813,1.054434034828328,0.43333333333333335
working_memory,working_memory_48,0.0,0.48148148148148145,0.48333333333333334,0.5245145537498803,0.34782608695652173,0.05335157318741457,0.17999999999999994,0.2655461452828425,-0.20000000000000007,-0.05555555555555558,1.0188026211784296,0.55
working_memory,working_memory_49,0.0,0.5714285714285714,0.5,0.6052170633114792,0.46875,-0.23529411764705882,-0.36657681940700804,0.41806619491201624,0.4,-0.1777777777777777,1.0569786036594082,0.5333333333333333
working_memory,working_memory_50,0.0,0.5925925925925926,0.5,0.567926697198001,0.43333333333333335,0.10575139146567714,0.014729950900163713,0.6433288417745495,0.0,-0.12418300653594772,1.0295448907918945,0.55
working_memory,working_memory_51,0.0,0.5294117647058824,0.5166666666666667,0.7190229322585109,0.43243243243243246,0.18012422360248442,-0.07692307692307693,0.8211830678627309,-0.6000000000000001,0.08000000000000002,1.02024673547275,0.43333333333333335
working_memory,working_memory_52,0.0,0.43333333333333335,0.48333333333333334,0.5642158751674942,0.4,0.14423076923076922,0.40431266846361186,0.18089273540107392,-0.19999999999999996,0.3272727272727273,1.0763875311080895,0.5
working_memory,working_memory_53,0.0,0.5862068965517241,0.4666666666666667,0.5817879181913906,0.5,-0.021739130434782594,0.021739130434782594,0.3708483442533752,0.8,0.05555555555555558,1.051494286790585,0.5166666666666667
working_memory,working_memory_54,0.0,0.4827586206896552,0.5166666666666667,0.5728279247479143,0.5,-0.15555555555555556,0.20807453416149063,0.8233388833344376,0.8,0.2692307692307692,1.0589529172994172,0.5166666666666667
working_memory,working_memory_55,0.0,0.40625,0.45,0.47950810062371885,0.32,0.40740740740740744,0.2102272727272727,0.21268861638941516,0.6,0.041666666666666685,0.9787910255426236,0.4666666666666667
working_memory,working_memory_56,0.0,0.6896551724137931,0.5833333333333334,0.5589466717971714,0.375,-0.02083333333333337,-0.18749999999999994,0.18340004723660827,0.20000000000000007,0.09090909090909094,1.1032679473230276,0.5166666666666667
working_memory,working_memory_57,0.0,0.6129032258064516,0.6166666666666667,0.5904791625582434,0.23076923076923078,-0.09999999999999998,0.14656771799628943,0.34262249638483316,0.39999999999999997,0.16346153846153844,1.227201295038056,0.48333333333333334
working_memory,working_memory_58,0.0,0.5161290322580645,0.4666666666666667,0.4533369056856783,0.36,0.22916666666666663,0.22422258592471356,0.5305942066354669,-0.19999999999999996,-0.125,1.0151829624870417,0.48333333333333334
working_memory,working_memory_59,0.0,0.7307692307692307,0.5833333333333334,0.5782650425051367,0.32,-0.07999999999999996,0.08695652173913049,0.5955510675519019,-0.20000000000000007,0.0853432282003711,1.0767936910934564,0.5666666666666667
working_memory,working_memory_60,0.0,0.52,0.55,0.4815062003050029,0.2608695652173913,0.08891928864569087,-0.17625231910946204,0.12754412455605615,-0.20000000000000007,-0.09615384615384615,1.0890386151749112,0.5833333333333334
working_memory,working_memory_61,0.0,0.6451612903225806,0.6,0.6182425970518121,0.3,0.30124223602484473,-0.019230769230769218,0.28023996551134545,0.2,-0.09090909090909088,1.1505821632482023,0.48333333333333334
working_memory,working_memory_62,0.0,0.5428571428571428,0.55,0.5407714512777848,0.3076923076923077,-0.0649350649350649,0.19841269841269837,0.39532224811545896,-0.2,-0.26,1.061960433351911,0.4166666666666667
working_memory,working_memory_63,0.0,0.39285714285714285,0.5,0.4800173525727094,0.4782608695652174,-0.04166666666666663,-0.19999999999999996,0.6281361906177997,0.0,0.10576923076923073,1.0469248298052096,0.5333333333333333
working_memory,working_memory_64,0.0,0.53125,0.6,0.4594589356832423,0.2608695652173913,-0.26666666666666666,0.10576923076923078,0.4795140676033196,-0.2,-0.23214285714285715,1.123840012184709,0.4666666666666667
working_memory,working_memory_65,0.0,0.34615384615384615,0.4666666666666667,0.5267325838251449,0.5217391304347826,0.4727272727272728,0.23240589198036005,0.3371168201523354,-0.6000000000000001,0.039999999999999925,1.0620461367563232,0.5666666666666667
working_memory,working_memory_66,0.0,0.40625,0.55,0.5643753819361068,0.4,-0.10576923076923078,0.014842300556586308,0.5232025870680406,-0.39999999999999997,-0.02614379084967322,1.0214909004051795,0.4666666666666667
working_memory,working_memory_67,0.0,0.4444444444444444,0.4666666666666667,0.539680098562967,0.38461538461538464,0.02083333333333337,-0.12,0.6536084809191751,-0.39999999999999997,0.18300653594771243,1.0932353449785803,0.4
working_memory,working_memory_68,0.0,0.7037037037037037,0.6166666666666667,0.5397045554851044,0.4666666666666667,0.006535947712418277,-0.006535947712418277,0.26187160490437406,-0.4,-0.21112929623567916,1.165284238812643,0.55
working_memory,working_memory_69,0.0,0.37037037037037035,0.45,0.5678397807295041,0.48,0.2727272727272728,-0.2679738562091504,0.5657428586676583,-0.19999999999999996,-0.6,1.0255057910477594,0.55
working_memory,working_memory_70,0.0,0.5357142857142857,0.5166666666666667,0.3424867483992883,0.4666666666666667,0.1568627450980392,0.20779220779220775,0.5697430121129254,0.20000000000000007,-0.03703703703703709,1.0470453923261203,0.5333333333333333
working_memory,working_memory_71,0.0,0.5,0.43333333333333335,0.49538072444782444,0.4166666666666667,0.0,-0.20833333333333331,0.13743270982960176,0.0,-0.12311901504787959,1.0587839373159347,0.5
working_memory,working_memory_72,0.0,0.34285714285714286,0.36666666666666664,0.5963052920458258,0.39285714285714285,-0.0649350649350649,0.10416666666666669,0.6164558023188561,0.2,0.2941176470588235,0.9612021857563292,0.4166666666666667
working_memory,working_memory_73,0.0,0.41379310344827586,0.45,0.5136582677473025,0.4444444444444444,-0.08496732026143794,0.12499999999999994,0.47290573895672544,0.6000000000000001,0.1764705882352941,1.0927140216988813,0.5166666666666667
working_memory,working_memory_74,0.0,0.45161290322580644,0.55,0.5547503867247184,0.3333333333333333,-0.017783857729138153,0.14656771799628943,0.44164877334950575,0.0,-0.04575163398692811,1.099680962394019,0.48333333333333334
working_memory,working_memory_75,0.0,0.4074074074074074,0.43333333333333335,0.5048270086333744,0.55,-0.005565862708719838,-0.3074534161490683,0.5015831990832817,0.20000000000000007,0.34770889487870615,0.9955759936683608,0.55
working_memory,working_memory_76,0.0,0.5151515151515151,0.55,0.6168984221177514,0.37037037037037035,0.005565862708719838,0.13725490196078433,-0.03016121321597747,0.0,-0.13725490196078433,1.1239162100969635,0.45
working_memory,working_memory_77,0.0,0.4827586206896552,0.5166666666666667,0.5962728211020729,0.43333333333333335,0.05555555555555558,0.02083333333333337,0.04719912865749716,0.0,0.18749999999999994,1.0177956668285044,0.5166666666666667
working_memory,working_memory_78,0.0,0.5,0.5333333333333333,0.5943044960142726,0.32142857142857145,-0.03977272727272729,-0.03999999999999998,0.6329864595866221,0.19999999999999996,0.10457516339869283,1.061578594488383,0.4666666666666667
working_memory,working_memory_79,0.0,0.45161290322580644,0.4666666666666667,0.5807090274436909,0.4074074074074074,-0.14656771799628943,0.0352504638218924,0.8985829900242033,0.19999999999999996,-0.41346153846153844,1.0022280882466739,0.48333333333333334
working_memory,working_memory_80,0.0,0.4,0.45,0.6342322418431704,0.46875,0.196078431372549,0.0,0.6793331149858235,1.0,0.0,1.0431151356108779,0.5
working_memory,working_memory_81,0.0,0.5588235294117647,0.5666666666666667,0.5962073558659727,0.3125,-0.03999999999999998,-0.35992578849721707,0.5513147726041157,0.4,-0.03636363636363632,1.0492434576841,0.43333333333333335
working_memory,working_memory_82,0.0,0.4473684210526316,0.36666666666666664,0.5380395367162892,0.375,0.2545454545454545,-0.0625,0.5186770254824302,-0.6,0.39353099730458224,1.0587176209680205,0.36666666666666664
working_memory,working_memory_83,0.0,0.375,0.38333333333333336,0.6208771787889132,0.5,0.07843137254901955,0.05228758169934633,0.5901348503643892,-0.2,0.12,1.0154017272445097,0.6
working_memory,working_memory_84,0.0,0.5185185185185185,0.5,0.5937065143863022,0.43333333333333335,0.04166666666666674,0.005565862708719838,0.5617122165096456,0.0,-0.2991913746630728,1.0523019750392157,0.55
working_memory,working_memory_85,0.0,0.4666666666666667,0.48333333333333334,0.5024579320787926,0.43478260869565216,0.34369885433715225,0.14729950900163663,-0.09537500957907946,-0.2,-0.10416666666666669,1.1121641828210371,0.5
working_memory,working_memory_86,0.0,0.6206896551724138,0.48333333333333334,0.5803365922429635,0.38461538461538464,-0.022727272727272707,-0.05555555555555558,0.31683019451975025,0.0,0.1111111111111111,1.0131808430283664,0.5166666666666667
working_memory,working_memory_87,0.0,0.4722222222222222,0.55,0.5457375587551363,0.26666666666666666,-0.20915032679738566,-0.4363636363636364,0.2424563265965205,0.2,-0.07407407407407407,1.0486717083123076,0.4
working_memory,working_memory_88,0.0,0.4117647058823529,0.4166666666666667,0.4950047707771861,0.42857142857142855,0.3958333333333333,0.03999999999999998,0.3732478242211159,-0.39999999999999997,-0.005390835579514863,1.0757415127838377,0.43333333333333335
working_memory,working_memory_89,0.0,0.4642857142857143,0.5166666666666667,0.5700725146106232,0.5,0.006546644844517169,-0.20294599018003273,0.05899463061155461,0.20000000000000007,-0.038461538461538436,1.0855293689117052,0.5333333333333333
working_memory,working_memory_90,0.0,0.5769230769230769,0.65,0.5361073593139472,0.35714285714285715,0.11764705882352933,-0.07954545454545459,0.39796632961184203,0.4,-0.07692307692307687,1.1448986173791862,0.5666666666666667
working_memory,working_memory_91,0.0,0.4857142857142857,0.48333333333333334,0.5201872049904867,0.38461538461538464,-0.1111111111111111,0.23636363636363633,-0.0016050031573387157,-0.4,-0.09803921568627455,1.0824519496196758,0.4166666666666667
working_memory,working_memory_92,0.0,0.6129032258064516,0.6166666666666667,0.596314567781608,0.4642857142857143,-0.22422258592471356,-0.022727272727272707,0.3550732777165661,0.0,-0.35185185185185186,1.139429566877062,0.48333333333333334
working_memory,working_memory_93,0.0,0.4583333333333333,0.4166666666666667,0.4727540551993275,0.5652173913043478,0.37847866419294984,0.07855973813420625,0.6760074287323933,0.20000000000000007,0.08333333333333326,1.0363145885371485,0.6
working_memory,working_memory_94,0.0,0.23076923076923078,0.35,0.704696782666591,0.5666666666666667,0.0853432282003711,-0.02083333333333337,0.7274788244203627,0.0,0.1671159029649596,1.001624673193607,0.5666666666666667
working_memory,working_memory_95,0.0,0.6428571428571429,0.55,0.4971262945278916,0.44,-0.09165302782324058,0.14583333333333331,0.4502631901199177,0.20000000000000007,-0.040000000000000036,1.134377457205577,0.5333333333333333
working_memory,working_memory_96,0.0,0.6129032258064516,0.5666666666666667,0.5592100906915927,0.35714285714285715,0.2444444444444444,-0.07606679035250458,0.29248098914442816,-0.39999999999999997,-0.35185185185185186,1.109191986280763,0.48333333333333334
working_memory,working_memory_97,0.0,0.6206896551724138,0.6,0.5309205474256693,0.34782608695652173,0.21999999999999997,-0.14656771799628943,0.6991192883267652,-0.39999999999999997,0.08333333333333337,1.1309926485813826,0.5166666666666667
working_memory,working_memory_98,0.0,0.46153846153846156,0.5,0.5581496756538976,0.41935483870967744,-0.18749999999999994,-0.125,0.583848134757109,-0.4,0.1671159029649596,1.0391674834630977,0.5666666666666667
working_memory,working_memory_99,0.0,0.52,0.4666666666666667,0.48652735728510726,0.45454545454545453,0.020000000000000018,0.0326797385620915,0.06113346015231007,-0.19999999999999996,-0.2690166975881262,1.0371345749701448,0.5833333333333334
working_memory,working_memory_100,0.0,0.5806451612903226,0.5166666666666667,0.5768297711203478,0.3793103448275862,0.22845417236662108,-0.020000000000000018,0.6150375992358426,-0.19999999999999996,0.019230769230769218,1.0908892210659398,0.48333333333333334
working_memory,working_memory_101,0.0,0.41379310344827586,0.5166666666666667,0.37412448313465185,0.3333333333333333,0.1111111111111111,0.08496732026143794,0.4632324216423565,0.0,0.2692307692307692,0.9975757865501326,0.5166666666666667
working_memory,working_memory_102,0.0,0.5,0.5166666666666667,0.667902820187387,0.35294117647058826,-0.27829313543599254,0.09316770186335405,0.4203391908688353,0.0,0.0,1.1019926679290224,0.5
working_memory,working_memory_103,0.0,0.5666666666666667,0.5833333333333334,0.4955648869863234,0.30434782608695654,0.16697588126159552,-0.06535947712418305,0.0727930795052826,0.0,-0.12,1.1037880161862177,0.5
working_memory,working_memory_104,0.0,0.28125,0.38333333333333336,0.6291571741560341,0.375,0.27999999999999997,-0.27999999999999997,0.5346531995186288,-0.4,-0.14814814814814814,1.0160736458205901,0.4666666666666667
working_memory,working_memory_105,0.0,0.4642857142857143,0.5166666666666667,0.5679486974236737,0.5769230769230769,0.12615955473098328,-0.20485175202156336,0.36966144802412115,0.6,0.12615955473098328,1.1043192122892604,0.5333333333333333
working_memory,working_memory_106,0.0,0.5384615384615384,0.55,0.48497703038831513,0.5,-0.09090909090909094,-0.06219312602291327,0.6690711119443692,-0.20000000000000007,0.11764705882352933,1.0522351285932128,0.5666666666666667
working_memory,working_memory_107,0.0,0.4,0.4166666666666667,0.539997175775176,0.4444444444444444,-0.07936507936507942,-0.2782931354359926,0.9769254953453006,0.0,0.24258760107816713,1.0080355361319406,0.5
working_memory,working_memory_108,0.0,0.48148148148148145,0.5166666666666667,0.5279443584948706,0.5555555555555556,-0.43912448700410395,0.11111111111111105,0.3279204641839505,0.0,0.2679738562091504,1.0661525931414952,0.55
working_memory,working_memory_109,0.0,0.5454545454545454,0.6166666666666667,0.6111010919602659,0.3333333333333333,0.19999999999999996,0.024258760107816746,0.42930858284661394,0.0,-0.024258760107816746,1.1564581757334638,0.45
working_memory,working_memory_110,0.0,0.5588235294117647,0.5166666666666667,0.43514736577905044,0.4,0.013071895424836555,0.22916666666666669,0.5347641342649447,0.2,-0.3288409703504043,1.107190916004817,0.43333333333333335
working_memory,working_memory_111,0.0,0.48,0.4,0.5298230469853801,0.5172413793103449,0.04091653027823239,0.09999999999999998,0.4323859655133823,-0.6000000000000001,-0.09615384615384615,0.9578183099831418,0.5833333333333334
working_memory,working_memory_112,0.0,0.59375,0.6333333333333333,0.5850968559448807,0.375,0.041666666666666685,0.006546644844517169,0.15395966754525547,0.19999999999999996,-0.509090909090909,1.0752179809672184,0.4666666666666667
working_memory,working_memory_113,0.0,0.42857142857142855,0.45,0.45320317660531256,0.42857142857142855,-0.20779220779220775,0.11859838274932616,0.4655642604952479,0.4,-0.23529411764705882,1.0363204709784257,0.5333333333333333
working_memory,working_memory_114,0.0,0.5483870967741935,0.5666666666666667,0.5196169155216153,0.2857142857142857,-0.0222222222222222,0.09999999999999998,0.42298750489391806,0.4,-0.309090909090909,1.0695348132425866,0.48333333333333334
working_memory,working_memory_115,0.0,0.43333333333333335,0.38333333333333336,0.5079105004728991,0.5263157894736842,0.0,0.24000000000000005,0.33068823287951865,-0.20000000000000007,-0.5660377358490566,0.98723083997613,0.5
working_memory,working_memory_116,0.0,0.6470588235294118,0.6333333333333333,0.5425514002195704,0.3333333333333333,-0.08534322820037105,0.2545454545454545,0.5085178403150101,0.6000000000000001,-0.006211180124223614,1.1461231934794283,0.43333333333333335
working_memory,working_memory_117,0.0,0.59375,0.5833333333333334,0.5124019769373641,0.375,0.08755129958960328,0.0,0.12402867392373024,0.39999999999999997,0.15999999999999998,1.131505717242522,0.4666666666666667
working_memory,working_memory_118,0.0,0.4782608695652174,0.4666666666666667,0.61287911165274,0.4642857142857143,0.009615384615384581,-0.09999999999999998,0.08101742491737217,0.0,0.1895424836601307,1.1047998277719941,0.6166666666666667
working_memory,working_memory_119,0.0,0.4,0.45,0.5496671598850146,0.375,0.2872777017783858,0.0,0.46431401706742714,0.19999999999999996,0.5454545454545454,0.9933198480690966,0.5
processing_speed,processing_speed_0,0.0,0.7105263157894737,0.8,0.5807058113741319,0.24,-0.03921568627450983,0.041666666666666685,0.08103911339668277,-0.2,0.6143790849673202,0.9651611725410001,0.36666666666666664
processing_speed,processing_speed_1,0.0,0.6388888888888888,0.75,0.5650845853401539,0.4090909090909091,0.24,-0.02083333333333337,-0.18854469266985663,0.6000000000000001,-0.14906832298136646,0.9671687332338256,0.4
processing_speed,processing_speed_2,0.0,0.9166666666666666,0.95,0.5342869828503023,0.5,-0.05228758169934633,0.05228758169934633,-0.01734628602362058,-0.6000000000000001,-0.06679035250463827,0.9886166656476442,0.6
processing_speed,processing_speed_3,0.0,0.6896551724137931,0.8333333333333334,0.5335917764801524,0.36363636363636365,-0.02083333333333337,-0.12602291325695586,-0.171573603354119,0.0,0.5087719298245614,0.9677756157542822,0.5166666666666667
processing_speed,processing_speed_4,0.0,0.7857142857142857,0.8166666666666667,0.6231472187914256,0.5172413793103449,-0.04347826086956519,-0.0496894409937888,-0.6022239134726076,0.0,-0.3035714285714286,0.9777614603039921,0.5333333333333333
processing_speed,processing_speed_5,0.0,0.8571428571428571,0.9,0.4831892846422049,0.4090909090909091,-0.3337893296853625,-0.006546644844517169,-0.17947274061093738,-0.4,-0.14583333333333331,0.9867302843069689,0.5333333333333333
processing_speed,processing_speed_6,0.0,0.8484848484848485,0.9166666666666666,0.5715798105797362,0.4,0.014729950900163713,0.006535947712418333,0.11067532203430444,-0.2,0.05769230769230771,0.9880562682346216,0.45
processing_speed,processing_speed_7,0.0,0.6296296296296297,0.7333333333333333,0.5247240857323489,0.3684210526315789,-0.05769230769230771,0.06000000000000005,-0.032700263626549826,0.0,-0.05555555555555558,0.9687916807742625,0.55
processing_speed,processing_speed_8,0.0,0.9545454545454546,0.8666666666666667,0.3454804712272117,0.5,-0.3111111111111111,-0.2222222222222222,-0.09991154337872996,-0.20000000000000007,-0.036363636363636376,0.9738975747304335,0.6333333333333333
processing_speed,processing_speed_9,0.0,0.8484848484848485,0.8666666666666667,0.5976920388689047,0.3870967741935484,-0.15555555555555556,-0.11688311688311687,0.11096832718179576,0.19999999999999996,-0.14583333333333337,0.9858519189104396,0.45
processing_speed,processing_speed_10,0.0,0.59375,0.7333333333333333,0.5087421391714961,0.14285714285714285,-0.23747680890538037,0.014842300556586308,0.27660049326498315,0.0,0.10457516339869283,0.959500219762371,0.4666666666666667
processing_speed,processing_speed_11,0.0,0.6666666666666666,0.7833333333333333,0.6161354283511882,0.4,0.23863636363636365,-0.18,-0.23742141731933025,0.4,-0.06,0.9640009552198598,0.45
processing_speed,processing_speed_12,0.0,0.7222222222222222,0.8166666666666667,0.5288840001294433,0.3076923076923077,-0.12,0.20915032679738566,-0.34771778010646653,0.19999999999999996,-0.019639934533551506,0.9659011772854299,0.4
processing_speed,processing_speed_13,0.0,0.8571428571428571,0.8666666666666667,0.4310971782038868,0.3157894736842105,0.01552795031055898,0.14204545454545453,-0.29979535536798657,0.19999999999999996,-0.019999999999999962,0.9799677088427929,0.4166666666666667
processing_speed,processing_speed_14,0.0,0.8518518518518519,0.8833333333333333,0.5509467083581858,0.32,0.2727272727272727,0.05555555555555558,-0.5190301103551576,-0.39999999999999997,-0.450834879406308,0.9769932647424044,0.55
processing_speed,processing_speed_15,0.0,0.9090909090909091,0.8833333333333333,0.4639803741498167,0.2608695652173913,-0.10575139146567719,-0.022222222222222254,-0.03306939206721293,0.6000000000000001,-0.06,0.9899458953168906,0.45
processing_speed,processing_speed_16,0.0,0.7931034482758621,0.9,0.6457202906619921,0.5,0.017783857729138153,-0.0714285714285714,-0.14222223907607254,0.0,-0.16346153846153844,0.9879199705057766,0.5166666666666667
processing_speed,processing_speed_17,0.0,0.7916666666666666,0.7666666666666667,0.488920308862237,0.48,-0.09849521203830369,-0.17307692307692313,0.2224092896409547,0.0,-0.21818181818181814,0.9620467284491788,0.6
processing_speed,processing_speed_18,0.0,0.875,0.95,0.5645312520306938,0.4166666666666667,0.0,0.11538461538461542,-0.09523546515371353,0.0,0.1558441558441559,0.9948965833023905,0.6
processing_speed,processing_speed_19,0.0,0.8484848484848485,0.8666666666666667,0.45475685997242105,0.25,0.06,0.18598382749326148,0.18122954387822673,-0.2,0.05555555555555558,0.9865434744995725,0.45
processing_speed,processing_speed_20,0.0,0.7931034482758621,0.7833333333333333,0.6063695541253975,0.4375,0.18194254445964436,0.1873840445269016,-0.13928441750039605,0.4,0.12602291325695586,0.9616337622727321,0.5166666666666667
processing_speed,processing_speed_21,0.0,0.8709677419354839,0.9166666666666666,0.5351056225615425,0.2692307692307692,-0.08333333333333331,0.18750000000000006,-0.1764594003065806,0.19999999999999996,0.07606679035250458,0.9930198766658326,0.48333333333333334
processing_speed,processing_speed_22,0.0,0.6666666666666666,0.7666666666666667,0.6142218582564678,0.53125,-0.125,-0.08333333333333326,0.2356573683812334,0.0,-0.28070175438596495,0.9601197268903842,0.6
processing_speed,processing_speed_23,0.0,0.90625,0.9166666666666666,0.5818299765437149,0.25925925925925924,-0.23747680890538037,-0.10457516339869283,0.4407043918838064,0.39999999999999997,-0.014842300556586308,0.990955698170301,0.4666666666666667
processing_speed,processing_speed_24,0.0,0.9230769230769231,0.95,0.6013629597102879,0.39285714285714285,-0.07999999999999996,-0.1333333333333333,0.06195650913090197,0.0,0.1333333333333333,0.992266312273771,0.5666666666666667
processing_speed,processing_speed_25,0.0,0.8108108108108109,0.85,0.5207213411146143,0.23076923076923078,-0.13543599257884975,-0.020000000000000018,0.20059052037672054,-0.2,-0.13543599257884975,0.9824799049461947,0.38333333333333336
processing_speed,processing_speed_26,0.0,0.8928571428571429,0.95,0.5536481458353222,0.3548387096774194,0.014842300556586197,-0.1568627450980392,0.03761802433703904,-0.4,0.10474631751227503,0.9934107142545957,0.5333333333333333
processing_speed,processing_speed_27,0.0,0.6428571428571429,0.7666666666666667,0.6388378299558519,0.5,0.28758169934640526,0.16000000000000003,-0.17626552703651166,0.19999999999999996,0.12615955473098328,0.9523706240017488,0.5333333333333333
processing_speed,processing_speed_28,0.0,0.96,0.9166666666666666,0.519955086188972,0.4074074074074074,-0.04638218923933213,0.1633986928104575,0.2760749435733099,-0.4,0.17625231910946204,0.9824024450162722,0.5833333333333334
processing_speed,processing_speed_29,0.0,0.8275862068965517,0.8666666666666667,0.5408872809996376,0.4482758620689655,-0.022727272727272707,-0.14656771799628943,-0.06854600032317204,0.0,-0.01851851851851849,0.9710144252099006,0.5166666666666667
processing_speed,processing_speed_30,0.0,0.8571428571428571,0.85,0.5365492965907184,0.37037037037037035,-0.26666666666666666,0.13664596273291924,-0.44091039881934346,0.6,0.1568627450980392,0.9779779665036619,0.5333333333333333
processing_speed,processing_speed_31,0.0,0.9615384615384616,0.95,0.518337344901593,0.5,-0.013071895424836555,0.22115384615384615,-0.2861121299468726,-0.39999999999999997,0.006211180124223614,0.9919440700601851,0.5666666666666667
processing_speed,processing_speed_32,0.0,0.8125,0.8666666666666667,0.609455312167309,0.4,0.31910946196660483,-0.23529411764705876,0.30421567117185583,0.4,0.21052631578947367,0.9771645645568852,0.4666666666666667
processing_speed,processing_speed_33,0.0,0.8857142857142857,0.8833333333333333,0.5452418455248287,0.3333333333333333,0.21999999999999997,-0.2941176470588235,-0.5361318776473394,0.2,-0.1482479784366577,0.9889167969462193,0.4166666666666667
processing_speed,processing_speed_34,0.0,0.7428571428571429,0.7833333333333333,0.5947184407423104,0.2857142857142857,-0.09803921568627455,0.1482479784366577,-0.06401111409162583,0.0,-0.14204545454545453,0.9718060525546388,0.4166666666666667
processing_speed,processing_speed_35,0.0,0.8148148148148148,0.9,0.4131402392248778,0.35,-0.2991913746630728,-0.006535947712418277,0.132115821955944,0.0,-0.20192307692307687,0.9865000147545999,0.55
processing_speed,processing_speed_36,0.0,0.717948717948718,0.7666666666666667,0.575186347935567,0.2857142857142857,0.08333333333333337,0.28104575163398693,0.45853959808845746,-0.19999999999999996,0.016697588126159568,0.9600025186814872,0.35
processing_speed,processing_speed_37,0.0,0.8148148148148148,0.8833333333333333,0.5645461203267378,0.4,-0.014729950900163713,-0.017045454545454586,-0.18793930951281798,-0.20000000000000007,0.05999999999999994,0.9770346485868572,0.55
processing_speed,processing_speed_38,0.0,0.9411764705882353,0.9166666666666666,0.6027288110925634,0.36666666666666664,0.13729128014842296,0.006211180124223614,0.039345242668055176,0.0,-0.2962962962962963,0.9892229418261191,0.43333333333333335
processing_speed,processing_speed_39,0.0,0.8064516129032258,0.85,0.5846000965261541,0.41379310344827586,0.29870129870129875,-0.15555555555555556,-0.09673438769650079,0.2,0.13999999999999996,0.9762519509262788,0.48333333333333334
processing_speed,processing_speed_40,0.0,0.9375,0.9166666666666666,0.6206899281124384,0.43333333333333335,0.038461538461538436,-0.03999999999999998,0.1056391781794545,0.4,-0.14814814814814814,0.9856504558863121,0.4666666666666667
processing_speed,processing_speed_41,0.0,0.9166666666666666,0.9333333333333333,0.501761199045221,0.2692307692307692,-0.028846153846153855,-0.25961538461538464,-0.16756363436650212,0.19999999999999996,-0.33986928104575165,0.9928066071770564,0.4
processing_speed,processing_speed_42,0.0,0.7575757575757576,0.8,0.4613135766210481,0.2916666666666667,-0.2142857142857143,-0.11688311688311687,0.22119182337902554,0.19999999999999996,0.05769230769230771,0.9628949751951388,0.45
processing_speed,processing_speed_43,0.0,0.9310344827586207,0.9333333333333333,0.6014484298981951,0.46153846153846156,-0.020000000000000018,-0.017783857729138153,0.026246681355582814,0.19999999999999996,-0.16346153846153844,0.9915694925036572,0.5166666666666667
processing_speed,processing_speed_44,0.0,0.8055555555555556,0.8833333333333333,0.643859168588678,0.29411764705882354,0.22159090909090912,0.1875,-0.13299849086668278,-0.6,-0.028846153846153855,0.9827572946719224,0.4
processing_speed,processing_speed_45,0.0,0.8157894736842105,0.8166666666666667,0.5508964070352651,0.23333333333333334,0.0625,0.13461538461538464,0.22230084823076962,0.4,0.07008086253369272,0.973255885891812,0.36666666666666664
processing_speed,processing_speed_46,0.0,0.7741935483870968,0.8666666666666667,0.4382896954569993,0.3888888888888889,-0.027823240589197995,0.22371967654986524,0.18121886257769804,-0.19999999999999996,-0.07142857142857145,0.9749893523425868,0.48333333333333334
processing_speed,processing_speed_47,0.0,0.9,0.9333333333333333,0.48326213892198283,0.3181818181818182,0.16697588126159552,-0.36000000000000004,-0.013063144926725882,-0.4,0.32679738562091504,0.9880431690954796,0.5
processing_speed,processing_speed_48,0.0,0.7037037037037037,0.7833333333333333,0.594508865481381,0.52,0.06666666666666665,-0.05999999999999994,-0.08475826145090047,-0.2,-0.05555555555555558,0.9621400045945486,0.55
processing_speed,processing_speed_49,0.0,0.8108108108108109,0.8333333333333334,0.522792359524011,0.25,0.07189542483660127,-0.041666666666666685,0.27609294077574964,-0.2,-0.13543599257884975,0.9783869693306495,0.38333333333333336
processing_speed,processing_speed_50,0.0,0.8214285714285714,0.75,0.5258108872478606,0.4583333333333333,0.14814814814814814,-0.12615955473098328,-0.07533638247163045,0.0,0.2708333333333333,0.9690970919931774,0.5333333333333333
processing_speed,processing_speed_51,0.0,0.75,0.8,0.5503990157938126,0.25,-0.028846153846153855,0.0784313725490196,0.19469107671970456,-0.2,0.19407008086253363,0.969333871777815,0.4
processing_speed,processing_speed_52,0.0,0.6875,0.7666666666666667,0.6043323973944447,0.41935483870967744,0.0888888888888889,-0.03999999999999998,-0.015806022962305436,-0.6,0.1826923076923077,0.9620445380133192,0.4666666666666667
processing_speed,processing_speed_53,0.0,0.9714285714285714,0.9,0.5630259039844445,0.22727272727272727,0.10416666666666669,0.0,-0.13716218170631816,0.2,-0.04807692307692307,0.9866784868071078,0.4166666666666667
processing_speed,processing_speed_54,0.0,0.8695652173913043,0.8833333333333333,0.5511381867825331,0.5357142857142857,0.04240766073871416,-0.13543599257884975,0.07587863007558471,0.0,0.05555555555555547,0.9801707581081659,0.6166666666666667
processing_speed,processing_speed_55,0.0,0.8214285714285714,0.8666666666666667,0.6296328606586907,0.39285714285714285,-0.22222222222222227,-0.10474631751227503,0.3366658390118688,-0.19999999999999996,0.1428571428571429,0.9749244029512266,0.5333333333333333
processing_speed,processing_speed_56,0.0,0.8387096774193549,0.85,0.6160360107021415,0.39285714285714285,-0.16459627329192544,-0.18738404452690166,0.2740663558587849,-0.4,-0.41346153846153844,0.9671568107708216,0.48333333333333334
processing_speed,processing_speed_57,0.0,0.8214285714285714,0.8166666666666667,0.5844971768077005,0.3333333333333333,0.19999999999999996,-0.07999999999999996,0.12378949755058698,0.0,0.12615955473098328,0.9658873521662411,0.5333333333333333
processing_speed,processing_speed_58,0.0,0.92,0.8666666666666667,0.4834683449173518,0.5,0.022222222222222254,0.06666666666666665,-0.30059886545363984,-0.19999999999999996,-0.04638218923933213,0.9871739970070161,0.5833333333333334
processing_speed,processing_speed_59,0.0,0.868421052631579,0.85,0.5099331631670724,0.28,-0.07528641571194761,0.22634508348794063,0.09534155038718004,0.6,0.036363636363636376,0.9756010480233823,0.36666666666666664
processing_speed,processing_speed_60,0.0,0.8064516129032258,0.9,0.4837101941211095,0.375,-0.04575163398692811,0.125,-0.03325911156274,0.0,0.20370370370370366,0.9906356512042618,0.48333333333333334
processing_speed,processing_speed_61,0.0,0.92,0.8666666666666667,0.5229549899829186,0.4583333333333333,0.2777777777777778,-0.039682539682539764,-0.022217488900347363,-0.20000000000000007,-0.09615384615384615,0.9787386462006986,0.5833333333333334
processing_speed,processing_speed_62,0.0,0.6111111111111112,0.7166666666666667,0.40802810070997025,0.3333333333333333,-0.21603927986906707,0.47058823529411764,-0.29699305263287906,0.19999999999999996,0.1781076066790352,0.9444071743294027,0.4
processing_speed,processing_speed_63,0.0,0.6666666666666666,0.7833333333333333,0.46375502174563843,0.4782608695652174,0.06666666666666665,-0.2679738562091504,0.2909821222573507,0.4,-0.06521739130434778,0.9708179208763601,0.55
processing_speed,processing_speed_64,0.0,0.7692307692307693,0.8833333333333333,0.4967362773495744,0.47619047619047616,-0.18749999999999994,0.13420621931260224,0.017702414537030198,0.19999999999999996,-0.07407407407407407,0.9844737181345846,0.5666666666666667
processing_speed,processing_speed_65,0.0,0.7741935483870968,0.8333333333333334,0.6334919947005763,0.52,-0.06199460916442051,0.0352504638218924,-0.2774726893135467,-0.19999999999999996,-0.1764705882352941,0.9686950859492051,0.48333333333333334
processing_speed,processing_speed_66,0.0,0.8235294117647058,0.85,0.5288971572052712,0.5185185185185185,-0.19666048237476813,0.3790849673202614,-0.1316236402589948,0.0,0.07407407407407407,0.9617955904490568,0.43333333333333335
processing_speed,processing_speed_67,0.0,0.65625,0.8,0.4891467089544725,0.38461538461538464,-0.16666666666666669,0.16666666666666669,-0.08734187118516117,0.0,-0.0625,0.9665313726802778,0.4666666666666667
processing_speed,processing_speed_68,0.0,0.7857142857142857,0.8666666666666667,0.5090135608279076,0.44,-0.25000000000000006,-0.006546644844517169,-0.08426559159964855,0.20000000000000007,0.0888888888888889,0.9700597748981179,0.5333333333333333
processing_speed,processing_speed_69,0.0,0.75,0.8,0.5699782162915417,0.2903225806451613,0.07855973813420625,-0.12,0.00143280680747365,0.39999999999999997,-0.12938005390835583,0.9668591929227659,0.4
processing_speed,processing_speed_70,0.0,0.967741935483871,0.9333333333333333,0.5475263203102112,0.4074074074074074,0.2784090909090909,-0.020833333333333315,0.11341083960470943,0.0,0.3076923076923077,0.9932278668126454,0.48333333333333334
processing_speed,processing_speed_71,0.0,0.9666666666666667,0.9833333333333333,0.5180239135062314,0.44,-0.05565862708719854,-0.04909983633387888,-0.010843248915195596,-0.2,0.24258760107816713,0.9973799533106913,0.5
processing_speed,processing_speed_72,0.0,0.7878787878787878,0.8,0.5015846314959204,0.37037037037037035,0.014729950900163713,-0.0625,0.1117061563688837,0.2,0.05769230769230771,0.9632044091302802,0.45
processing_speed,processing_speed_73,0.0,0.7419354838709677,0.8333333333333334,0.5372806261840584,0.19047619047619047,0.07606679035250458,-0.020000000000000018,-0.4646279699122707,0.2,-0.4379084967320262,0.9791373796188138,0.48333333333333334
processing_speed,processing_speed_74,0.0,0.9393939393939394,0.95,0.6339335092205797,0.4166666666666667,0.2282003710575139,-0.06,-0.28261031638443623,-0.4,0.014729950900163713,0.9926300383694421,0.45
processing_speed,processing_speed_75,0.0,0.96875,0.9333333333333333,0.48292290508315106,0.391304347826087,-0.2360248447204969,-0.043478260869565244,-0.2677705943675305,0.4,0.15999999999999998,0.9893632717690373,0.4666666666666667
processing_speed,processing_speed_76,0.0,0.7777777777777778,0.7833333333333333,0.4826258973045097,0.46153846153846156,0.14583333333333326,-0.006535947712418277,-0.13017210094745776,0.20000000000000007,-0.0535714285714286,0.9668029049215607,0.55
processing_speed,processing_speed_77,0.0,0.9375,0.9333333333333333,0.568012511048551,0.39285714285714285,0.4,0.3487940630797774,0.15626177361324808,-0.2,-0.10576923076923078,0.9946463987195685,0.4666666666666667
processing_speed,processing_speed_78,0.0,0.8888888888888888,0.9333333333333333,0.5198213253337591,0.44,0.05999999999999994,-0.17999999999999994,0.1658376213720361,-0.4,-0.11688311688311687,0.9842877069513134,0.55
processing_speed,processing_speed_79,0.0,0.8787878787878788,0.9,0.44923962291483394,0.42857142857142855,0.2282003710575139,-0.16666666666666669,-0.11917386658260619,-0.4,-0.06,0.9873210177277217,0.45
processing_speed,processing_speed_80,0.0,0.8076923076923077,0.8666666666666667,0.4749459574167483,0.36363636363636365,-0.19999999999999996,-0.06730769230769229,0.12007555317536747,0.20000000000000007,-0.2916666666666667,0.9787865749198453,0.5666666666666667
processing_speed,processing_speed_81,0.0,0.78125,0.8333333333333334,0.53818285612486,0.47368421052631576,0.1898527004909984,0.02614379084967322,-0.0447421544792846,-0.4,-0.0727272727272727,0.9813612885707296,0.4666666666666667
processing_speed,processing_speed_82,0.0,0.6206896551724138,0.7833333333333333,0.48471482255904524,0.44,-0.06666666666666665,-0.045751633986928164,0.2702482076432775,0.0,-0.14,0.954724785442261,0.5166666666666667
processing_speed,processing_speed_83,0.0,0.8461538461538461,0.9,0.613355248154764,0.4642857142857143,0.24836601307189543,0.013071895424836555,0.1210232278844548,-0.39999999999999997,0.11764705882352933,0.9822908766193116,0.5666666666666667
processing_speed,processing_speed_84,0.0,0.8611111111111112,0.8833333333333333,0.5783200659594957,0.2857142857142857,-0.3142389525368249,0.29166666666666663,-0.15334555580083428,0.0,-0.24,0.9870294734788415,0.4
processing_speed,processing_speed_85,0.0,0.8387096774193549,0.85,0.5185545355895437,0.32,-0.027823240589197995,0.0352504638218924,0.12883001870399113,-0.4,0.020833333333333315,0.976729366390171,0.48333333333333334
processing_speed,processing_speed_86,0.0,0.7419354838709677,0.85,0.5558160907571565,0.5357142857142857,-0.0352504638218924,-0.12500000000000006,-0.43454971533799425,-0.6,0.5740740740740741,0.9811226842691456,0.48333333333333334
processing_speed,processing_speed_87,0.0,0.967741935483871,0.9666666666666667,0.5501548599676245,0.20833333333333334,0.020833333333333315,-0.18738404452690166,0.34572516896546074,0.0,-0.29166666666666663,0.9994413599254252,0.48333333333333334
processing_speed,processing_speed_88,0.0,0.8387096774193549,0.8333333333333334,0.5159296325413315,0.32142857142857145,0.16857610474631757,-0.08496732026143794,-0.2972087462436743,0.4,0.16857610474631757,0.9593140985587514,0.48333333333333334
processing_speed,processing_speed_89,0.0,0.8620689655172413,0.8666666666666667,0.4811911587073669,0.391304347826087,0.03525046382189234,0.021739130434782594,0.5208318368054329,-0.2,0.061994609164420456,0.9901275655950719,0.5166666666666667
processing_speed,processing_speed_90,0.0,0.75,0.85,0.44769027143673346,0.5416666666666666,-0.037267080745341685,0.02083333333333326,-0.16342834930851394,0.6000000000000001,-0.03234501347708896,0.9765416257046996,0.6
processing_speed,processing_speed_91,0.0,0.78125,0.85,0.602411120927757,0.41379310344827586,0.09647495361781072,-0.09165302782324058,-0.12790079615408415,0.39999999999999997,0.23529411764705876,0.9861380099964454,0.4666666666666667
processing_speed,processing_speed_92,0.0,0.7567567567567568,0.7333333333333333,0.6442833029961927,0.2413793103448276,-0.13543599257884975,0.009615384615384637,0.12365894335470191,0.39999999999999997,-0.009615384615384637,0.9575103710511539,0.38333333333333336
processing_speed,processing_speed_93,0.0,0.9310344827586207,0.9333333333333333,0.5127136497775442,0.2608695652173913,-0.16346153846153844,0.37999999999999995,0.1995138171401882,0.6000000000000001,-0.08496732026143794,0.9857879260619736,0.5166666666666667
processing_speed,processing_speed_94,0.0,0.8125,0.8833333333333333,0.4722671540957436,0.35,-0.23214285714285715,0.20294599018003268,0.05587387692688526,0.6,-0.2909090909090909,0.9734502333461975,0.4666666666666667
processing_speed,processing_speed_95,0.0,0.7941176470588235,0.8166666666666667,0.5730347903560045,0.4444444444444444,-0.17201540436456997,-0.13729128014842296,0.1700243273858663,-0.6000000000000001,0.22115384615384615,0.973448548528198,0.43333333333333335
processing_speed,processing_speed_96,0.0,0.6296296296296297,0.7,0.4819686895555709,0.38095238095238093,-0.014729950900163713,0.0625,-0.22563872356808065,0.0,0.08653846153846156,0.9505592263675425,0.55
processing_speed,processing_speed_97,0.0,0.8275862068965517,0.8666666666666667,0.6242794635743598,0.4,0.125,-0.25788497217068646,-0.2265757334978034,0.0,0.2692307692307692,0.9740764195192556,0.5166666666666667
processing_speed,processing_speed_98,0.0,0.875,0.9,0.5981804838411408,0.14285714285714285,-0.028409090909090884,-0.10781671159029649,0.2787055769324333,-0.2,-0.37037037037037035,0.9843160122074701,0.3333333333333333
processing_speed,processing_speed_99,0.0,0.95,0.9666666666666667,0.4968387734680168,0.2608695652173913,0.3105590062111801,0.053908355795148244,0.022935488915509752,0.39999999999999997,0.03710575139146571,0.9937172692065884,0.3333333333333333
processing_speed,processing_speed_100,0.0,0.8064516129032258,0.8666666666666667,0.626805963215135,0.4444444444444444,0.18738404452690166,-0.08496732026143794,-0.013367562502544022,-0.39999999999999997,0.19298245614035087,0.9764691233182509,0.48333333333333334
processing_speed,processing_speed_101,0.0,0.8888888888888888,0.9166666666666666,0.5951583726184545,0.41935483870967744,0.1816693944353519,0.05769230769230771,-0.1716691326206001,0.0,-0.05769230769230771,0.9875407605698676,0.55
processing_speed,processing_speed_102,0.0,0.6842105263157895,0.7666666666666667,0.620072020048253,0.25,0.022913256955810146,-0.15999999999999998,0.24832702791948671,0.0,-0.16993464052287582,0.9635039804975563,0.36666666666666664
processing_speed,processing_speed_103,0.0,0.7777777777777778,0.8333333333333334,0.5490614729156339,0.16,0.12,-0.0888888888888889,0.16317245089669916,0.39999999999999997,-0.33986928104575165,0.9790532934234721,0.4
processing_speed,processing_speed_104,0.0,0.71875,0.8,0.46154688074147626,0.2,-0.07999999999999996,-0.038461538461538436,0.15694891977432662,0.4,-0.0625,0.9551897035102608,0.4666666666666667
processing_speed,processing_speed_105,0.0,0.8125,0.85,0.5029664627836566,0.4,0.2077922077922078,0.006546644844517169,-0.11460553100446444,0.2,0.31910946196660483,0.9789213275599017,0.4666666666666667
processing_speed,processing_speed_106,0.0,0.9130434782608695,0.9,0.44697892674197626,0.6,0.06666666666666665,-0.0625,-0.007569822641030024,0.39999999999999997,0.09999999999999998,0.9835056800081244,0.6166666666666667
processing_speed,processing_speed_107,0.0,0.7567567567567568,0.85,0.6118715793896072,0.3225806451612903,0.14,0.33999999999999997,0.0414608240180651,0.19999999999999996,0.20261437908496732,0.9802667091124603,0.38333333333333336
processing_speed,processing_speed_108,0.0,0.7941176470588235,0.8666666666666667,0.5914709460155564,0.2222222222222222,0.1333333333333333,-0.08000000000000002,-0.03919277530080268,-0.19999999999999996,0.22115384615384615,0.9748993370583154,0.43333333333333335
processing_speed,processing_speed_109,0.0,0.8857142857142857,0.9,0.631670536015901,0.4444444444444444,-0.019999999999999962,0.26,-0.19405764683931043,0.2,-0.14,0.9789850612285195,0.4166666666666667
processing_speed,processing_speed_110,0.0,0.8387096774193549,0.8833333333333333,0.5625036355558888,0.48,-0.09999999999999998,0.2692307692307693,0.14474589698342763,0.0,0.020833333333333315,0.982403900824544,0.48333333333333334
processing_speed,processing_speed_111,0.0,0.7777777777777778,0.8333333333333334,0.6227729135421356,0.32142857142857145,-0.2282003710575139,0.014729950900163713,-0.2037062013289706,-0.19999999999999996,0.23076923076923073,0.9740436091524372,0.55
processing_speed,processing_speed_112,0.0,0.6875,0.75,0.5796713419586492,0.45161290322580644,-0.02614379084967322,-0.09165302782324058,0.15012083842388238,0.0,0.15999999999999998,0.961675626250835,0.4666666666666667
processing_speed,processing_speed_113,0.0,0.71875,0.7333333333333333,0.520385341184412,0.3076923076923077,0.1826923076923077,0.006546644844517169,-0.4100392643518782,-0.6,-0.12615955473098328,0.9626131944809725,0.4666666666666667
processing_speed,processing_speed_114,0.0,0.7666666666666667,0.85,0.6206709464991779,0.5769230769230769,-0.04909983633387882,-0.16697588126159552,0.23722918218074543,-0.4,0.0,0.9737104314843531,0.5
processing_speed,processing_speed_115,0.0,0.8157894736842105,0.85,0.51225005975255,0.2857142857142857,0.10760667903525045,0.10559006211180127,-0.5187500924312488,0.2,0.15384615384615385,0.9794843329001591,0.36666666666666664
processing_speed,processing_speed_116,0.0,0.8275862068965517,0.9166666666666666,0.5033660031141864,0.4642857142857143,-0.0703764320785597,0.261455525606469,0.27619117581892016,-0.4,0.03525046382189234,0.9876489323456975,0.5166666666666667
processing_speed,processing_speed_117,0.0,0.7333333333333333,0.7666666666666667,0.5508412376243621,0.2916666666666667,0.14729950900163669,-0.10416666666666669,-0.1081681485487091,-0.20000000000000007,0.2222222222222222,0.964746266859369,0.5
processing_speed,processing_speed_118,0.0,0.967741935483871,0.9333333333333333,0.5822565769923024,0.42857142857142855,-0.0352504638218924,-0.020833333333333315,0.3934430527614838,-0.4,0.38888888888888895,0.9932402176372747,0.48333333333333334
processing_speed,processing_speed_119,0.0,0.8260869565217391,0.85,0.5824212842717731,0.16,-0.02484472049689443,0.06307977736549164,-0.16271891169543298,-0.2,-0.13333333333333333,0.9780379605144923,0.23333333333333334
attention,attention_0,0.0,0.3829787234042553,0.4,0.5925177236871496,0.15151515151515152,0.04166666666666666,-0.06803594351732989,0.07986322276197565,0.6,0.035714285714285726,1.0098484192215045,0.21666666666666667
attention,attention_1,0.0,0.5434782608695652,0.5666666666666667,0.453116814294858,0.047619047619047616,0.11764705882352938,0.1875,-0.058360736307088684,0.19999999999999996,-0.10147299509001634,1.0887572704655948,0.23333333333333334
attention,attention_2,0.0,0.5227272727272727,0.48333333333333334,0.6078092905157976,0.14814814814814814,-0.34782608695652173,-0.0248447204968944,-0.1322326288509421,0.19999999999999996,-0.08000000000000002,1.0152563264601875,0.26666666666666666
attention,attention_3,0.0,0.425,0.5166666666666667,0.4862370785678152,0.2222222222222222,0.06546644844517185,0.07326007326007328,-0.28218652004024186,0.4,-0.21563342318059298,1.0149416402126408,0.3333333333333333
attention,attention_4,0.0,0.4523809523809524,0.4,0.6113004996942534,0.2727272727272727,-0.16666666666666666,0.0,0.012064491412315116,0.6000000000000001,-0.1778975741239892,0.9727816260322123,0.3
attention,attention_5,0.0,0.4473684210526316,0.48333333333333334,0.6752372060361771,0.28,0.27999999999999997,-0.15999999999999998,0.2000707146601878,0.0,0.009615384615384637,1.0358359128701582,0.36666666666666664
attention,attention_6,0.0,0.35294117647058826,0.4,0.42559459299434704,0.17391304347826086,-0.27999999999999997,0.08534322820037105,0.1207375793978122,0.19999999999999996,-0.2545454545454545,1.0334636234804129,0.43333333333333335
attention,attention_7,0.0,0.5,0.45,0.5712592597578697,0.15384615384615385,-0.20496894409937888,0.12,-0.08815036095547601,0.39999999999999997,-0.1778975741239892,0.9970740211939954,0.3
attention,attention_8,0.0,0.4594594594594595,0.4166666666666667,0.5286397840579138,0.11538461538461539,0.059006211180124224,0.09656301145662843,-0.2983381437881177,0.6000000000000001,0.051212938005390785,1.0487929406261833,0.38333333333333336
attention,attention_9,0.0,0.4318181818181818,0.4666666666666667,0.5592004366675916,0.14285714285714285,0.28,-0.007421150278293098,0.037660033036251185,0.6,0.2592592592592593,1.0233675930783908,0.26666666666666666
attention,attention_10,0.0,0.4418604651162791,0.43333333333333335,0.5215903767428027,0.13636363636363635,-0.041666666666666685,-0.25,0.1837492756425342,0.8,-0.1826923076923077,1.0053642706861927,0.2833333333333333
attention,attention_11,0.0,0.525,0.55,0.408353907916999,0.3,0.10416666666666669,-0.130718954248366,0.24709333162382133,0.6000000000000001,-0.053908355795148244,1.0273986620710729,0.3333333333333333
attention,attention_12,0.0,0.45454545454545453,0.48333333333333334,0.4448705767901033,0.2857142857142857,-0.2142857142857143,0.02795031055900621,-0.1031775208225041,0.4,-0.13725490196078433,1.074824529640318,0.45
attention,attention_13,0.0,0.4,0.45,0.4507613545047936,0.09090909090909091,0.03710575139146571,-0.431266846361186,0.4329312722528114,0.0,0.04807692307692307,1.0265961554655951,0.3333333333333333
attention,attention_14,0.0,0.5416666666666666,0.5166666666666667,0.6555141388706907,0.16129032258064516,0.031746031746031744,-0.20037105751391468,-0.21167131059615038,0.8,-0.10227272727272727,1.0547855452458583,0.2
attention,attention_15,0.0,0.3939393939393939,0.4666666666666667,0.5197312487004551,0.3103448275862069,0.12418300653594772,0.06,-0.28756063349774275,0.19999999999999996,-0.14583333333333337,1.0112264364893562,0.45
attention,attention_16,0.0,0.5217391304347826,0.5166666666666667,0.544652921076182,0.13793103448275862,0.019230769230769218,-0.18181818181818185,0.42326351596433925,0.4,0.39999999999999997,1.0896595704251744,0.23333333333333334
attention,attention_17,0.0,0.4473684210526316,0.4666666666666667,0.4912477472529522,0.21739130434782608,-0.012422360248447173,0.041666666666666685,0.32368691942464145,0.0,0.22222222222222227,1.025156355221521,0.36666666666666664
attention,attention_18,0.0,0.45652173913043476,0.48333333333333334,0.4927951776590856,0.16,-0.08333333333333334,-0.3076923076923077,-0.33593361554048085,0.39999999999999997,-0.10242587601078168,1.0655954683738078,0.23333333333333334
attention,attention_19,0.0,0.5405405405405406,0.4666666666666667,0.5464869808563264,0.20689655172413793,0.07386363636363635,-0.09983633387888707,-0.10920202827514493,0.0,-0.21999999999999997,1.031405407497828,0.38333333333333336
attention,attention_20,0.0,0.41304347826086957,0.4666666666666667,0.6199114219885556,0.2,0.4409937888198757,-0.11764705882352938,0.0371322045870598,0.6000000000000001,0.07999999999999999,1.0330367220484384,0.23333333333333334
attention,attention_21,0.0,0.5208333333333334,0.5166666666666667,0.6451711121985446,0.10714285714285714,-0.05891980360065466,0.022263450834879406,0.08008576390536486,0.39999999999999997,-0.2222222222222222,1.0906930744363612,0.2
attention,attention_22,0.0,0.5,0.5,0.5142697979227858,0.28,-0.0625,0.05769230769230771,-0.07023767516897002,0.19999999999999996,0.009819967266775809,1.0317592967468379,0.3
attention,attention_23,0.0,0.5897435897435898,0.6166666666666667,0.5060629035716743,0.16,0.2727272727272727,-0.0889487870619946,0.04180880464780194,-0.20000000000000007,-0.25961538461538464,1.1506743199311087,0.35
attention,attention_24,0.0,0.6578947368421053,0.5833333333333334,0.5945876039753248,0.23333333333333334,-0.07528641571194761,0.07528641571194761,-0.039497899716646426,0.6000000000000001,-0.03921568627450983,1.1452565446667407,0.36666666666666664
attention,attention_25,0.0,0.42857142857142855,0.43333333333333335,0.6074736781773168,0.18518518518518517,-0.06818181818181818,0.12,-0.011776338319334292,0.6000000000000001,0.32727272727272727,1.009094985552736,0.3
attention,attention_26,0.0,0.5476190476190477,0.5,0.5983116374486923,0.18181818181818182,0.009819967266775809,0.12,0.09149197127167981,0.39999999999999997,-0.10909090909090907,1.0241672325263538,0.3
attention,attention_27,0.0,0.5681818181818182,0.55,0.5590121165057229,0.10714285714285714,0.0248447204968944,0.14016172506738545,-0.1337526997320968,0.6,0.007421150278293098,1.1114111191110962,0.26666666666666666
attention,attention_28,0.0,0.5853658536585366,0.55,0.5097833152967499,0.1111111111111111,0.08674304418985274,-0.15032679738562088,-0.12454356362829645,0.19999999999999996,0.07954545454545453,1.165072671575326,0.31666666666666665
attention,attention_29,0.0,0.45454545454545453,0.45,0.6012987596670362,0.125,-0.15917843388960207,0.1614906832298137,-0.11548753058281072,0.6,-0.3137254901960784,1.0162041439357141,0.26666666666666666
attention,attention_30,0.0,0.4186046511627907,0.4,0.4299007769562753,0.16666666666666666,0.20964749536178107,-0.015047879616963078,-0.36028203973443984,0.4,0.10576923076923078,0.9600155319930656,0.2833333333333333
attention,attention_31,0.0,0.47368421052631576,0.4166666666666667,0.46997249679675496,0.047619047619047616,-0.1987577639751553,0.08000000000000002,0.181989873455294,0.39999999999999997,-0.03921568627450983,0.9980411126148208,0.36666666666666664
attention,attention_32,0.0,0.46511627906976744,0.5333333333333333,0.5626925153947261,0.10714285714285714,0.27083333333333337,0.09999999999999998,-0.04971705819517039,0.6,0.0625,1.0538547826529774,0.2833333333333333
attention,attention_33,0.0,0.5405405405405406,0.5666666666666667,0.5316802503032114,0.3333333333333333,-0.40350877192982454,-0.00163666121112932,-0.13409251497054675,0.8,-0.07142857142857145,1.090610915821813,0.38333333333333336
attention,attention_34,0.0,0.5,0.48333333333333334,0.5467069268260037,0.2962962962962963,0.4423076923076923,0.25,-0.08346019967385647,0.20000000000000007,0.0625,1.0759672474936677,0.36666666666666664
attention,attention_35,0.0,0.525,0.5166666666666667,0.504989075200324,0.25925925925925924,-0.37735849056603776,0.09615384615384615,0.1815027850379392,0.8,-0.13071895424836605,1.0672173048309144,0.3333333333333333
attention,attention_36,0.0,0.45652173913043476,0.43333333333333335,0.5715162406545028,0.047619047619047616,-0.06307977736549164,0.02484472049689443,-0.03406103793301506,0.2,0.07999999999999999,1.0343057956523058,0.23333333333333334
attention,attention_37,0.0,0.4222222222222222,0.4166666666666667,0.5457967061553864,0.08,0.022222222222222227,0.14423076923076922,-0.10657435007775441,0.6,0.2287581699346405,0.9898705877322802,0.25
attention,attention_38,0.0,0.5333333333333333,0.5166666666666667,0.5286757451251555,0.23076923076923078,-0.18000000000000002,0.20833333333333337,0.2680135131710813,0.4,-0.05454545454545451,1.0931570382975595,0.25
attention,attention_39,0.0,0.4166666666666667,0.43333333333333335,0.5164710650426205,0.28,0.0888888888888889,-0.12,-0.32446979284434774,0.39999999999999997,-0.11783960720130932,1.033671163369539,0.4
attention,attention_40,0.0,0.6170212765957447,0.6,0.6387369878607266,0.125,0.14583333333333331,0.16666666666666669,0.1801901346691603,0.0,-0.24528301886792453,1.079119091763092,0.21666666666666667
attention,attention_41,0.0,0.6956521739130435,0.6333333333333333,0.5437223155822578,0.10714285714285714,0.020833333333333343,0.06307977736549164,0.01315855475216278,0.0,0.05929919137466305,1.2108832721995377,0.23333333333333334
attention,attention_42,0.0,0.5625,0.6,0.4974327056822056,0.38095238095238093,0.043478260869565244,0.0625,0.4263948534683612,0.6,-0.0727272727272727,1.0867635682140362,0.4666666666666667
attention,attention_43,0.0,0.625,0.5333333333333333,0.5609733995814831,0.18518518518518517,0.08000000000000002,0.37735849056603776,0.1339517187083874,0.4,0.10781671159029649,1.0647493524913376,0.3333333333333333
attention,attention_44,0.0,0.4883720930232558,0.43333333333333335,0.5050307197108834,0.19230769230769232,0.14,0.07189542483660133,-0.07894096718429323,0.4,0.019999999999999962,1.0270116120985853,0.2833333333333333
attention,attention_45,0.0,0.5609756097560976,0.55,0.5721872341992769,0.15384615384615385,0.1849427168576105,0.17613636363636365,-0.41067945003376427,0.2,0.0575139146567718,1.065873377067103,0.31666666666666665
attention,attention_46,0.0,0.425,0.43333333333333335,0.5499941280262461,0.2608695652173913,0.1484230055658627,-0.33653846153846156,0.19797783936850546,0.19999999999999996,-0.1855287569573284,1.0798842758190264,0.3333333333333333
attention,attention_47,0.0,0.45,0.45,0.6413353080359668,0.2413793103448276,0.08000000000000002,-0.1484230055658627,0.08826386209916949,0.8,0.17857142857142855,1.0876318916800407,0.3333333333333333
attention,attention_48,0.0,0.5,0.48333333333333334,0.6064282461840622,0.25806451612903225,-0.088379705400982,-0.16770186335403725,0.17679776070306316,0.8,0.20689655172413796,1.0948620162503604,0.3
attention,attention_49,0.0,0.5263157894736842,0.5666666666666667,0.3620449097219334,0.05263157894736842,-0.1150278293135436,-0.22222222222222227,0.2431326876382943,0.4,-0.041666666666666685,1.1231058420226274,0.36666666666666664
attention,attention_50,0.0,0.5348837209302325,0.55,0.633404367044696,0.10714285714285714,-0.12430426716141002,-0.12727272727272732,-0.46267442747625964,0.2,-0.15902964959568733,1.125525253053224,0.2833333333333333
attention,attention_51,0.0,0.6153846153846154,0.6333333333333333,0.5400531529532175,0.3181818181818182,0.1280148423005566,-0.14238952536824878,-0.09694756512725587,0.4,-0.06,1.1356265229720854,0.35
attention,attention_52,0.0,0.35,0.38333333333333336,0.5316832950404298,0.2857142857142857,0.0,0.040000000000000036,0.10078782920032545,0.2,-0.040000000000000036,1.0090826613324695,0.3333333333333333
attention,attention_53,0.0,0.4888888888888889,0.5,0.5734185049064541,0.16666666666666666,-0.05454545454545451,0.14423076923076922,0.07740407556203341,0.39999999999999997,0.04043126684636117,1.0495510640077668,0.25
attention,attention_54,0.0,0.5142857142857142,0.4666666666666667,0.6066680386809669,0.32142857142857145,-0.07763975155279501,0.0,-0.10932795020988663,0.19999999999999996,-0.04807692307692307,1.0416952752234667,0.4166666666666667
attention,attention_55,0.0,0.475,0.5166666666666667,0.4741355610732734,0.22727272727272727,0.08000000000000002,-0.031055900621118016,0.43860853184867976,0.39999999999999997,-0.09615384615384615,1.0590957798823182,0.3333333333333333
attention,attention_56,0.0,0.5,0.5166666666666667,0.53661180833255,0.09090909090909091,-0.04444444444444445,-0.14555256064690025,-0.3177808767153756,-0.19999999999999996,-0.16666666666666666,1.0405803052479436,0.3
attention,attention_57,0.0,0.5714285714285714,0.48333333333333334,0.4356141428644084,0.18181818181818182,0.01704545454545453,-0.037037037037037035,0.03606158363145242,0.19999999999999996,0.14555256064690025,1.0452058537226756,0.3
attention,attention_58,0.0,0.5882352941176471,0.55,0.5506040681405586,0.2222222222222222,0.09523809523809523,0.19666048237476813,-0.25535273252682517,0.6,-0.16000000000000003,1.0656273872873705,0.43333333333333335
attention,attention_59,0.0,0.5238095238095238,0.5333333333333333,0.5602886032874105,0.14285714285714285,0.2222222222222222,-0.16993464052287577,-0.030399837302177185,0.39999999999999997,-0.12,1.127582414302834,0.3
attention,attention_60,0.0,0.625,0.55,0.45494371437059716,0.08333333333333333,0.2173913043478261,-0.2,-0.018303111657557332,-0.19999999999999996,0.10781671159029649,1.0973395085801403,0.3333333333333333
attention,attention_61,0.0,0.65,0.5666666666666667,0.6163152373205651,0.2413793103448276,0.20833333333333331,0.1309328968903437,0.10151274431478363,0.19999999999999996,-0.1309328968903437,1.0752574796609646,0.3333333333333333
attention,attention_62,0.0,0.45652173913043476,0.4666666666666667,0.5225326890323674,0.11538461538461539,0.1333333333333333,0.2692307692307692,-0.3722863875960315,0.0,0.07999999999999999,1.0882815458331043,0.23333333333333334
attention,attention_63,0.0,0.5526315789473685,0.5666666666666667,0.52548115643792,0.391304347826087,0.0625,0.3006535947712418,0.40905936628140377,0.8,-0.012422360248447173,1.0698373439096673,0.36666666666666664
attention,attention_64,0.0,0.5555555555555556,0.55,0.4021438795557772,0.16666666666666666,-0.0784313725490196,-0.22916666666666669,0.49126596390444455,0.19999999999999996,0.037267080745341574,1.0545647206653301,0.4
attention,attention_65,0.0,0.5238095238095238,0.48333333333333334,0.691442395391326,0.22857142857142856,-0.16666666666666666,-0.07792207792207795,-0.24082963847230904,0.39999999999999997,-0.1447124304267161,0.9905638643073915,0.3
attention,attention_66,0.0,0.625,0.5833333333333334,0.6132809454930176,0.10714285714285714,0.16366612111292966,-0.31999999999999995,-0.12368691548070045,0.39999999999999997,0.04807692307692307,1.1357836491984858,0.3333333333333333
attention,attention_67,0.0,0.5853658536585366,0.55,0.47110858838446856,0.15789473684210525,0.28104575163398693,0.005681818181818177,-0.4784603345358987,-0.19999999999999996,-0.18750000000000003,1.1235416307811827,0.31666666666666665
attention,attention_68,0.0,0.37209302325581395,0.36666666666666664,0.5168742186612358,0.19047619047619047,0.031096563011456635,-0.031096563011456635,-0.11708603745116958,0.20000000000000007,-0.041666666666666685,1.0541177758140876,0.2833333333333333
attention,attention_69,0.0,0.42105263157894735,0.48333333333333334,0.4237584698019021,0.09523809523809523,-0.03921568627450983,-0.10760667903525045,0.11252220390186436,0.19999999999999996,-0.16993464052287582,1.07369770054674,0.36666666666666664
attention,attention_70,0.0,0.475,0.48333333333333334,0.47974374572155076,0.16666666666666666,0.04807692307692307,0.10416666666666669,-0.273969110962669,0.6,0.130718954248366,1.0750249857507572,0.3333333333333333
attention,attention_71,0.0,0.5,0.55,0.5428882909657317,0.36666666666666664,-0.1111111111111111,0.06730769230769229,-0.3005466577990863,0.19999999999999996,0.22115384615384615,1.1111976475447056,0.43333333333333335
attention,attention_72,0.0,0.55,0.5,0.50871608039179,0.19230769230769232,-0.07421150278293137,-0.06546644844517185,0.034671591317376405,0.8,-0.14545454545454545,1.0063074960318996,0.3333333333333333
attention,attention_73,0.0,0.42857142857142855,0.4666666666666667,0.5059384526111533,0.18181818181818182,0.04444444444444445,0.0,-0.18684993117419244,0.6,0.20689655172413796,1.0898014527953246,0.3
attention,attention_74,0.0,0.6388888888888888,0.5833333333333334,0.4192165400017291,0.2,0.0,0.26716141001855287,-0.17532333809963246,0.6000000000000001,-0.17777777777777776,1.0716771036181572,0.4
attention,attention_75,0.0,0.6571428571428571,0.6,0.42983260567309534,0.3888888888888889,0.20186335403726707,0.10416666666666669,0.27387043604080064,0.19999999999999996,0.10416666666666669,1.1088276001568673,0.4166666666666667
attention,attention_76,0.0,0.4888888888888889,0.48333333333333334,0.6153530372343077,0.14705882352941177,-0.18000000000000002,0.06666666666666665,-0.16146042074296663,0.19999999999999996,-0.0326797385620915,1.0576075097181206,0.25
attention,attention_77,0.0,0.46511627906976744,0.48333333333333334,0.5999972542292571,0.2222222222222222,0.32614555256064687,0.34,-0.0022949438426458834,0.6000000000000001,0.24074074074074076,1.0906258790536445,0.2833333333333333
attention,attention_78,0.0,0.4878048780487805,0.45,0.4935709360232015,0.13043478260869565,0.22916666666666669,-0.12668463611859837,-0.41807190911328285,0.6000000000000001,0.15032679738562088,1.064427027157982,0.31666666666666665
attention,attention_79,0.0,0.4722222222222222,0.43333333333333335,0.5159410551576198,0.21428571428571427,-0.15584415584415584,0.04452690166975881,0.22013162141358644,0.6000000000000001,-0.04452690166975881,1.0451124201461899,0.4
attention,attention_80,0.0,0.6341463414634146,0.5833333333333334,0.4498240484236417,0.3181818181818182,-0.1967654986522911,0.1111111111111111,-0.08665842161833695,0.19999999999999996,0.15032679738562088,1.1506604230717137,0.31666666666666665
attention,attention_81,0.0,0.6136363636363636,0.6166666666666667,0.6075312177712691,0.18181818181818182,0.007421150278293098,-0.08333333333333331,-0.25145745202140235,0.39999999999999997,-0.08000000000000002,1.1023206733448776,0.26666666666666666
attention,attention_82,0.0,0.5609756097560976,0.55,0.591501470181677,0.21428571428571427,-0.26,0.16512059369202226,-0.5320594091485297,0.8,0.020833333333333315,1.157554368211449,0.31666666666666665
attention,attention_83,0.0,0.4782608695652174,0.45,0.72297954623908,0.12903225806451613,0.4375,0.08333333333333334,-0.14252140977424752,0.0,0.05929919137466305,1.0220180510889654,0.23333333333333334
attention,attention_84,0.0,0.45454545454545453,0.4666666666666667,0.5095214878035482,0.4,-0.06,-0.2282003710575139,-0.008546497260277564,0.19999999999999996,-0.024258760107816746,1.0372685218424735,0.45
attention,attention_85,0.0,0.55,0.5166666666666667,0.5212619428109304,0.13793103448275862,0.10781671159029649,0.20833333333333334,0.23243962261379195,0.8,-0.24038461538461536,1.0502025665988035,0.3333333333333333
attention,attention_86,0.0,0.5526315789473685,0.5333333333333333,0.5946569311794183,0.32,-0.08000000000000002,-0.26704545454545453,0.11636666531025933,0.20000000000000007,0.16666666666666669,1.0966267233877138,0.36666666666666664
attention,attention_87,0.0,0.3191489361702128,0.38333333333333336,0.5876597457269485,0.12,0.01800327332242227,0.13999999999999999,0.2604639043444057,0.4,-0.01999999999999999,1.0211272203616877,0.21666666666666667
attention,attention_88,0.0,0.575,0.5,0.5554217482342767,0.15384615384615385,-0.2840909090909091,0.053908355795148244,-0.08974909634680381,0.39999999999999997,-0.15527950310559005,1.0803549909018375,0.3333333333333333
attention,attention_89,0.0,0.38235294117647056,0.48333333333333334,0.5102935122968787,0.28,0.3465909090909091,-0.025974025974025983,0.21378434838298604,0.39999999999999997,-0.3288409703504043,1.0569003126507126,0.43333333333333335
attention,attention_90,0.0,0.4473684210526316,0.4666666666666667,0.5955567709161823,0.26666666666666666,-0.003710575139146577,0.012422360248447173,0.023788137212060027,0.4,-0.22222222222222224,1.0121237896050441,0.36666666666666664
attention,attention_91,0.0,0.4791666666666667,0.48333333333333334,0.6080397262077869,0.12903225806451613,0.0,0.10457516339869283,0.1374852187646946,0.2,0.33333333333333337,1.066296112527708,0.2
attention,attention_92,0.0,0.4878048780487805,0.5166666666666667,0.3965628664858906,0.22727272727272727,0.125,-0.020833333333333315,0.045393583606681984,0.4,0.019607843137254888,1.0589384761598393,0.31666666666666665
attention,attention_93,0.0,0.4634146341463415,0.48333333333333334,0.6832020561617431,0.20588235294117646,-0.053803339517625226,0.08333333333333331,0.22941307160728458,0.6000000000000001,0.25,1.0693601872766574,0.31666666666666665
attention,attention_94,0.0,0.4318181818181818,0.45,0.5442812066059759,0.11538461538461539,0.23005565862708718,-0.0784313725490196,-0.0387258815122918,-0.2,-0.10389610389610388,1.0557203517457776,0.26666666666666666
attention,attention_95,0.0,0.475,0.5333333333333333,0.5342333714349012,0.04,-0.09615384615384615,0.06211180124223603,-0.30468199343342905,0.39999999999999997,0.2909090909090909,1.1336979394457023,0.3333333333333333
attention,attention_96,0.0,0.4318181818181818,0.4166666666666667,0.5707480680598384,0.11538461538461539,0.08333333333333331,-0.09523809523809523,0.5410548803466254,0.39999999999999997,-0.0727272727272727,0.9756112037134212,0.26666666666666666
attention,attention_97,0.0,0.4883720930232558,0.4166666666666667,0.6261980150846269,0.16666666666666666,0.019999999999999962,-0.05882352941176466,0.0056812046559160745,0.39999999999999997,-0.07189542483660133,0.991210214241176,0.2833333333333333
attention,attention_98,0.0,0.5581395348837209,0.5333333333333333,0.5958766419270781,0.15384615384615385,-0.14583333333333334,-0.019999999999999962,-0.33748088098210416,-0.20000000000000007,-0.23562152133580702,1.0852786968746366,0.2833333333333333
attention,attention_99,0.0,0.4318181818181818,0.5166666666666667,0.5377258365067247,0.15384615384615385,0.015873015873015872,-0.15057283142389527,0.13015602913434274,0.2,0.28,1.0713396748870108,0.26666666666666666
attention,attention_100,0.0,0.5789473684210527,0.55,0.554786772492484,0.25,-0.13461538461538464,0.15909090909090912,0.143947448187392,0.6,-0.16993464052287582,1.1089677562345919,0.36666666666666664
attention,attention_101,0.0,0.46153846153846156,0.43333333333333335,0.6347795894503105,0.25,-0.08385093167701863,0.09461966604823752,0.38948920462647163,0.8,0.3518518518518518,0.9749440220306462,0.35
attention,attention_102,0.0,0.4523809523809524,0.45,0.5570744650230576,0.17857142857142858,0.16993464052287577,0.033395176252319136,0.16705561510427017,0.19999999999999996,0.08653846153846156,1.0078753666137517,0.3
attention,attention_103,0.0,0.6410256410256411,0.6,0.5617735229498777,0.23076923076923078,0.24058919803600654,0.10714285714285715,0.16794393922377734,0.19999999999999996,-0.2037037037037037,1.1735848686460366,0.35
attention,attention_104,0.0,0.4722222222222222,0.45,0.6206256282361114,0.21428571428571427,0.22916666666666669,-0.18300653594771243,-0.017474423498916477,0.20000000000000007,0.037267080745341574,0.9913587128126781,0.4
attention,attention_105,0.0,0.4594594594594595,0.45,0.4815091281633789,0.2857142857142857,0.14583333333333331,-0.21293800539083557,0.3200565669503624,0.6000000000000001,-0.11051212938005395,1.1212033499901832,0.38333333333333336
attention,attention_106,0.0,0.46511627906976744,0.48333333333333334,0.5616156247780502,0.10714285714285714,0.003105590062111807,0.1826923076923077,0.2751405918061503,0.6,-0.15902964959568733,1.042604533444665,0.2833333333333333
attention,attention_107,0.0,0.6052631578947368,0.5833333333333334,0.5213070983732819,0.2,-0.10559006211180127,0.003710575139146577,-0.24129649022455082,0.39999999999999997,0.040000000000000036,1.1116980265276328,0.36666666666666664
attention,attention_108,0.0,0.4418604651162791,0.45,0.5428852499297302,0.11538461538461539,-0.07189542483660133,0.07189542483660133,-0.008696246174927275,0.2,0.05882352941176466,0.9916161355502032,0.2833333333333333
attention,attention_109,0.0,0.4358974358974359,0.4666666666666667,0.5529239960038738,0.21428571428571427,-0.11538461538461536,-0.25067385444743934,0.2863016398468109,0.4,-0.019607843137254943,1.0412773997273062,0.35
attention,attention_110,0.0,0.5238095238095238,0.5,0.5294332582250456,0.14814814814814814,-0.04444444444444445,-0.18923933209647492,0.29392484242073813,0.8,-0.088379705400982,1.0503702514871511,0.3
attention,attention_111,0.0,0.38095238095238093,0.4166666666666667,0.5196517448729895,0.13043478260869565,-0.05769230769230771,-0.039215686274509776,0.07429879434937492,0.8,-0.1778975741239892,1.0558308181042468,0.3
attention,attention_112,0.0,0.47619047619047616,0.48333333333333334,0.5715840857990816,0.18181818181818182,-0.22222222222222224,0.04444444444444445,0.062255626526782654,1.0,0.375,1.060209467947886,0.3
attention,attention_113,0.0,0.5116279069767442,0.5166666666666667,0.6002434195958682,0.16666666666666666,-0.041666666666666685,-0.05882352941176466,0.29377085878903436,0.6000000000000001,0.09833024118738404,1.0469723093617653,0.2833333333333333
attention,attention_114,0.0,0.4772727272727273,0.4666666666666667,0.6450504561310784,0.14285714285714285,0.09523809523809523,0.3137254901960784,-0.28537632989976613,0.39999999999999997,0.0784313725490196,0.9785151595112626,0.26666666666666666
attention,attention_115,0.0,0.5945945945945946,0.55,0.46119358371739244,0.24,-0.11051212938005395,0.1895424836601307,-0.13424873196458934,0.8,0.12962962962962965,1.1045845453530954,0.38333333333333336
attention,attention_116,0.0,0.5121951219512195,0.48333333333333334,0.7216826100254266,0.11764705882352941,-0.011456628477905073,-0.12668463611859837,0.22549969538110204,0.0,0.09090909090909094,1.0925233266853727,0.31666666666666665
attention,attention_117,0.0,0.5128205128205128,0.43333333333333335,0.4448105012715017,0.15,0.06,0.28888888888888886,0.03736340588729336,0.0,0.1111111111111111,1.0088536283781593,0.35
attention,attention_118,0.0,0.5869565217391305,0.5666666666666667,0.622877403681411,0.10344827586206896,-0.07934336525307797,0.06307977736549164,-0.03689520400558471,0.19999999999999996,-0.08333333333333334,1.0918168826850527,0.23333333333333334
attention,attention_119,0.0,0.5581395348837209,0.5166666666666667,0.6638216512928082,0.13793103448275862,0.18944099378881984,0.12430426716141002,0.25586255938392305,0.0,0.26,1.0445572797127571,0.2833333333333333
cognitive_flexibility,cognitive_flexibility_0,0.0,0.8571428571428571,0.9333333333333333,0.4651759133547217,0.48,0.1428571428571429,0.35416666666666663,0.05622872378586408,0.39999999999999997,-0.2803234501347709,1.7811409782775374,0.5333333333333333
cognitive_flexibility,cognitive_flexibility_1,0.0,0.8,0.8333333333333334,0.5347403157901115,0.6521739130434783,0.3099730458221024,0.15548281505728312,0.5872305100372047,0.0,0.14204545454545459,1.680163381799553,0.5833333333333334
cognitive_flexibility,cognitive_flexibility_2,0.0,0.7575757575757576,0.8333333333333334,0.6781089323233831,0.34375,-0.18,0.375,-0.17124003132832655,-0.19999999999999996,0.06,1.6267489462484646,0.45
cognitive_flexibility,cognitive_flexibility_3,0.0,0.90625,0.9,0.6545664232841164,0.4375,0.1185983827493261,0.41830065359477125,-0.2893102801102365,0.0,-0.10576923076923078,1.7925664800318735,0.4666666666666667
cognitive_flexibility,cognitive_flexibility_4,0.0,0.8,0.8666666666666667,0.5776475013178861,0.375,0.12,0.5590062111801243,0.020423995483188406,0.20000000000000007,0.3272727272727273,1.7979743149935754,0.5
cognitive_flexibility,cognitive_flexibility_5,0.0,0.7586206896551724,0.8333333333333334,0.5762457012588762,0.35714285714285715,-0.11490683229813664,0.477124183006536,0.17181405400869024,-0.19999999999999996,0.1645962732919255,1.6831780404529972,0.5166666666666667
cognitive_flexibility,cognitive_flexibility_6,0.0,0.8928571428571429,0.9166666666666666,0.47840230249944954,0.5217391304347826,0.0625,0.20779220779220775,0.017691256588227504,-0.19999999999999996,-0.2880523731587561,1.9459229975790113,0.5333333333333333
cognitive_flexibility,cognitive_flexibility_7,0.0,0.9032258064516129,0.9,0.5176848077041554,0.45,0.20807453416149074,0.04575163398692811,-0.08866292085529372,-0.39999999999999997,0.12727272727272726,1.6900711009378016,0.48333333333333334
cognitive_flexibility,cognitive_flexibility_8,0.0,0.75,0.8666666666666667,0.6058509788393399,0.6363636363636364,-0.08333333333333337,0.20915032679738554,0.4756544157724637,0.19999999999999996,0.14016172506738545,1.7776484024298371,0.7333333333333333
cognitive_flexibility,cognitive_flexibility_9,0.0,0.782608695652174,0.9166666666666666,0.6477045409867649,0.4827586206896552,-0.21293800539083557,0.4926350245499182,-0.20203760651910768,0.4,0.09999999999999998,1.5816392989414403,0.6166666666666667
cognitive_flexibility,cognitive_flexibility_10,0.0,0.84375,0.9,0.5694867990228472,0.32,0.08755129958960328,0.32,-0.06233853798998401,0.0,0.1898527004909984,1.8668239526242567,0.4666666666666667
cognitive_flexibility,cognitive_flexibility_11,0.0,0.896551724137931,0.8666666666666667,0.5562510138403572,0.4583333333333333,0.1111111111111111,0.2667757774140753,-0.03501190155995369,-0.4,-0.020000000000000018,1.6681580356529457,0.5166666666666667
cognitive_flexibility,cognitive_flexibility_12,0.0,0.9333333333333333,0.9,0.49800849052156515,0.4166666666666667,-0.12311901504787959,0.16697588126159557,-0.06383582192737135,0.4,-0.17543859649122812,1.6909468260729121,0.5
cognitive_flexibility,cognitive_flexibility_13,0.0,0.8571428571428571,0.9,0.5138145550832929,0.38461538461538464,0.07999999999999996,0.36601307189542487,-0.04169028473385245,0.0,-0.45833333333333337,1.699507978909454,0.5333333333333333
cognitive_flexibility,cognitive_flexibility_14,0.0,0.8214285714285714,0.9,0.4934663417222231,0.3684210526315789,0.19999999999999996,0.4420485175202156,0.2548804365366996,0.39999999999999997,-0.11859838274932616,1.587510734182451,0.5333333333333333
cognitive_flexibility,cognitive_flexibility_15,0.0,0.8,0.8666666666666667,0.49602576293629497,0.52,-0.15555555555555556,0.09999999999999998,-0.37943683631710773,0.0,-0.04638218923933213,1.7734403649578214,0.5833333333333334
cognitive_flexibility,cognitive_flexibility_16,0.0,0.8,0.8833333333333333,0.5245873560485872,0.4642857142857143,0.06535947712418305,0.44189852700490995,0.1557274348594696,0.6000000000000001,-0.5454545454545454,1.765163879297856,0.5
cognitive_flexibility,cognitive_flexibility_17,0.0,0.8888888888888888,0.9333333333333333,0.5355697907107507,0.5,0.05999999999999994,0.4609164420485175,0.0503723703775402,1.0,-0.20192307692307687,1.5758155411861743,0.55
cognitive_flexibility,cognitive_flexibility_18,0.0,0.7037037037037037,0.75,0.5222153083328114,0.3684210526315789,-0.13746630727762804,0.3777777777777778,0.3388171359991865,0.4,-0.0625,1.4166256303300575,0.55
cognitive_flexibility,cognitive_flexibility_19,0.0,0.9130434782608695,0.95,0.47674209827511554,0.5416666666666666,0.09656301145662849,0.05121293800539084,0.12797549972514155,-0.20000000000000007,0.05882352941176472,1.9318851464816569,0.6166666666666667
cognitive_flexibility,cognitive_flexibility_20,0.0,0.7586206896551724,0.7333333333333333,0.6420915057293811,0.43333333333333335,-0.1873840445269016,0.02083333333333337,-0.2070352756262105,-0.39999999999999997,0.022222222222222254,1.5023678228413186,0.5166666666666667
cognitive_flexibility,cognitive_flexibility_21,0.0,0.8235294117647058,0.8833333333333333,0.6132762281399855,0.34375,0.025974025974025983,0.5098039215686274,0.3250662254143165,0.0,0.13729128014842296,1.6653430782250216,0.43333333333333335
cognitive_flexibility,cognitive_flexibility_22,0.0,0.71875,0.8,0.5660600765391499,0.391304347826087,-0.10474631751227492,0.26666666666666666,0.22555962034031918,0.0,-0.04312668463611863,1.5175192199836538,0.4666666666666667
cognitive_flexibility,cognitive_flexibility_23,0.0,0.7857142857142857,0.85,0.5210038189477608,0.44,0.014842300556586197,0.2517099863201094,-0.3050864317764306,0.19999999999999996,-0.09647495361781072,1.8677648551715884,0.5333333333333333
cognitive_flexibility,cognitive_flexibility_24,0.0,0.7419354838709677,0.85,0.609737107159598,0.36666666666666664,0.08496732026143794,0.41346153846153844,0.003188766375613577,0.19999999999999996,0.018518518518518545,1.6875980059533335,0.48333333333333334
cognitive_flexibility,cognitive_flexibility_25,0.0,0.8518518518518519,0.8333333333333334,0.5336795104985131,0.4444444444444444,-0.20192307692307687,0.34615384615384615,-0.12981922759576583,0.2,-0.13746630727762804,1.5917091456272572,0.55
cognitive_flexibility,cognitive_flexibility_26,0.0,0.7333333333333333,0.8166666666666667,0.37222881648837314,0.47619047619047616,0.09316770186335399,0.36000000000000004,0.1964127259316098,-0.39999999999999997,-0.19607843137254904,1.5520665019956468,0.5
cognitive_flexibility,cognitive_flexibility_27,0.0,0.8333333333333334,0.8833333333333333,0.49233639914979827,0.45,0.04444444444444445,0.16697588126159557,0.052386081630468595,0.20000000000000007,-0.17543859649122812,1.8531809277241778,0.5
cognitive_flexibility,cognitive_flexibility_28,0.0,0.9230769230769231,0.9,0.4825048593739069,0.4074074074074074,-0.07999999999999996,0.24860853432282004,0.2842639514328955,0.0,-0.3599257884972171,1.8155375908199258,0.5666666666666667
cognitive_flexibility,cognitive_flexibility_29,0.0,0.7586206896551724,0.85,0.529331373948626,0.48148148148148145,0.39583333333333337,0.4875776397515528,0.14962563399118795,-0.20000000000000007,-0.215686274509804,1.7861031929734523,0.5166666666666667
cognitive_flexibility,cognitive_flexibility_30,0.0,0.6896551724137931,0.7666666666666667,0.47971512649642445,0.375,0.022222222222222254,0.14,0.19760382378616403,0.19999999999999996,-0.19298245614035087,1.4214578802142719,0.5166666666666667
cognitive_flexibility,cognitive_flexibility_31,0.0,0.8275862068965517,0.8833333333333333,0.4989524668569846,0.4583333333333333,-0.1873840445269016,0.42318059299191374,-0.2544542385740003,-0.19999999999999996,0.125,1.6911714190691922,0.5166666666666667
cognitive_flexibility,cognitive_flexibility_32,0.0,0.7857142857142857,0.85,0.335912931212764,0.30434782608695654,-0.045454545454545414,0.39999999999999997,0.3230255431669057,0.2,0.02614379084967322,1.6882229742551118,0.5333333333333333
cognitive_flexibility,cognitive_flexibility_33,0.0,0.8636363636363636,0.8666666666666667,0.4321343690647637,0.47058823529411764,-0.21931260229132565,-0.039215686274509776,-0.0483643120290603,-0.4,0.20000000000000007,1.6257287517345782,0.6333333333333333
cognitive_flexibility,cognitive_flexibility_34,0.0,0.7307692307692307,0.85,0.5793367269191345,0.5,0.15999999999999992,0.3653846153846154,-0.288377715378441,0.19999999999999996,-0.14379084967320266,1.6380422778469168,0.5666666666666667
cognitive_flexibility,cognitive_flexibility_35,0.0,0.78125,0.8333333333333334,0.4973252512294174,0.4782608695652174,0.03999999999999998,0.3993453355155483,0.03738780281735182,0.19999999999999996,0.03999999999999998,1.7242374804685356,0.4666666666666667
cognitive_flexibility,cognitive_flexibility_36,0.0,0.75,0.7833333333333333,0.6083423217745617,0.28125,0.12615955473098328,0.3229813664596274,-0.4724251808123279,0.6,-0.0357142857142857,1.5589643153369475,0.5333333333333333
cognitive_flexibility,cognitive_flexibility_37,0.0,0.64,0.7666666666666667,0.6498351260400197,0.5925925925925926,-0.015527950310559091,0.3846153846153846,0.03780777405837981,0.20000000000000007,0.26,1.5968902363254665,0.5833333333333334
cognitive_flexibility,cognitive_flexibility_38,0.0,0.8823529411764706,0.9,0.5922491338538717,0.3333333333333333,-0.062193126022913214,0.3288409703504043,-0.1748964506117256,-0.6000000000000001,0.2222222222222222,1.917909507868448,0.43333333333333335
cognitive_flexibility,cognitive_flexibility_39,0.0,0.6956521739130435,0.8666666666666667,0.4315473644296027,0.4782608695652174,0.4181818181818182,0.3541666666666667,0.1596549658980184,0.2,-0.24999999999999994,1.7467734630342369,0.6166666666666667
cognitive_flexibility,cognitive_flexibility_40,0.0,0.7142857142857143,0.8,0.6123598414697989,0.42857142857142855,-0.14583333333333331,0.30113636363636365,-0.3193345379637298,0.0,0.02614379084967322,1.7038460049690647,0.5333333333333333
cognitive_flexibility,cognitive_flexibility_41,0.0,0.8620689655172413,0.85,0.45129019353694827,0.43478260869565216,0.045751633986928164,0.1685761047463175,0.1556253813847196,-0.19999999999999996,0.0714285714285714,1.6878100852833946,0.5166666666666667
cognitive_flexibility,cognitive_flexibility_42,0.0,0.6428571428571429,0.7833333333333333,0.48633067655268375,0.43478260869565216,-0.10457516339869288,0.47159090909090906,0.010524425243081047,0.0,-0.14583333333333331,1.53591223118194,0.5333333333333333
cognitive_flexibility,cognitive_flexibility_43,0.0,0.8620689655172413,0.8666666666666667,0.5035329507785528,0.52,-0.0703764320785597,0.16346153846153844,-0.09180714965728463,0.4,-0.33333333333333337,1.491786174057623,0.5166666666666667
cognitive_flexibility,cognitive_flexibility_44,0.0,0.8529411764705882,0.85,0.49629626604521343,0.3333333333333333,-0.03999999999999998,0.4,0.20295193074069537,0.19999999999999996,-0.19666048237476813,1.5989340959794562,0.43333333333333335
cognitive_flexibility,cognitive_flexibility_45,0.0,0.8285714285714286,0.8166666666666667,0.544315319541575,0.36,-0.0222222222222222,0.37777777777777777,-0.2002810409765552,-0.20000000000000007,-0.09259259259259262,1.5788652410582509,0.4166666666666667
cognitive_flexibility,cognitive_flexibility_46,0.0,0.8928571428571429,0.9333333333333333,0.4137954359043439,0.23529411764705882,-0.038461538461538436,0.43042671614100186,0.30201046429466255,0.0,0.10576923076923073,1.7921786479126718,0.5333333333333333
cognitive_flexibility,cognitive_flexibility_47,0.0,0.8333333333333334,0.9333333333333333,0.6587346505978326,0.48484848484848486,0.20915032679738566,0.2596153846153846,-0.15130930079913743,0.4,0.1607142857142857,1.8986596618278118,0.6
cognitive_flexibility,cognitive_flexibility_48,0.0,0.7647058823529411,0.8333333333333334,0.592212378250665,0.4642857142857143,0.013071895424836555,0.49056603773584906,-0.08133935659981348,0.0,-0.45499181669394434,1.5988154208805634,0.43333333333333335
cognitive_flexibility,cognitive_flexibility_49,0.0,0.9,0.9,0.370544288849245,0.36363636363636365,0.10416666666666669,0.24549918166939444,-0.061763638169803674,0.0,-0.065359477124183,1.8310373388094043,0.5
cognitive_flexibility,cognitive_flexibility_50,0.0,0.7307692307692307,0.8,0.5452988282573816,0.28,0.039999999999999925,0.3653846153846154,0.0052314107890534985,0.0,0.22916666666666663,1.5240890340404774,0.5666666666666667
cognitive_flexibility,cognitive_flexibility_51,0.0,0.7692307692307693,0.8333333333333334,0.6730523878883301,0.43333333333333335,0.22916666666666663,0.2916666666666667,-0.09533778357968997,0.0,0.0444444444444444,1.6422829657278954,0.5666666666666667
cognitive_flexibility,cognitive_flexibility_52,0.0,0.8620689655172413,0.8833333333333333,0.5514437886908197,0.4782608695652174,-0.10000000000000003,0.16346153846153844,-0.6626830858998772,0.2,-0.09973045822102428,1.89350747841248,0.5166666666666667
cognitive_flexibility,cognitive_flexibility_53,0.0,0.875,0.9333333333333333,0.6966397037079923,0.4166666666666667,0.2222222222222222,0.5490196078431373,-0.17721393783773245,0.6,-0.14035087719298245,1.9584759697531071,0.4666666666666667
cognitive_flexibility,cognitive_flexibility_54,0.0,0.8,0.8833333333333333,0.5233373675068346,0.3,0.1573187414500684,0.4716981132075472,-0.22290754232669463,0.0,-0.04091653027823239,1.7066528380434274,0.4166666666666667
cognitive_flexibility,cognitive_flexibility_55,0.0,0.8275862068965517,0.8833333333333333,0.6066150596926011,0.43333333333333335,0.12602291325695586,0.477124183006536,-0.21930068825776802,0.4,0.14656771799628943,1.8978861614689526,0.5166666666666667
cognitive_flexibility,cognitive_flexibility_56,0.0,0.8636363636363636,0.9166666666666666,0.5920823055676201,0.5333333333333333,-0.011363636363636354,0.4836601307189543,-0.05664065734874501,-0.19999999999999996,-0.2222222222222222,1.9022498180394813,0.6333333333333333
cognitive_flexibility,cognitive_flexibility_57,0.0,0.7857142857142857,0.7833333333333333,0.5573402393320835,0.28,-0.0888888888888889,0.0888888888888889,0.041540139702127936,-0.4,-0.04347826086956519,1.597746477952121,0.5333333333333333
cognitive_flexibility,cognitive_flexibility_58,0.0,0.6206896551724138,0.7333333333333333,0.5009067886322808,0.3333333333333333,0.017783857729138153,0.4100185528756957,-0.05261810406498694,0.39999999999999997,-0.0703764320785597,1.372057565096593,0.5166666666666667
cognitive_flexibility,cognitive_flexibility_59,0.0,0.8620689655172413,0.8666666666666667,0.5276932992386875,0.4,-0.14,0.3464052287581699,0.15204772337627903,0.4,-0.01851851851851849,1.4977545196873754,0.5166666666666667
cognitive_flexibility,cognitive_flexibility_60,0.0,0.84,0.9166666666666666,0.5625722864107742,0.5172413793103449,0.26,0.49865229110512127,0.16463720007452873,0.20000000000000007,-0.15769944341372916,1.7946519997236814,0.5833333333333334
cognitive_flexibility,cognitive_flexibility_61,0.0,0.9,0.9,0.5405502166455846,0.6086956521739131,0.1855287569573284,0.4807692307692307,-0.025673453691475077,0.19999999999999996,0.1855287569573284,1.5773072638551413,0.6666666666666666
cognitive_flexibility,cognitive_flexibility_62,0.0,0.8064516129032258,0.8833333333333333,0.535953888473178,0.5238095238095238,-0.30718954248366015,0.58,0.21665147349831737,0.8,-0.12602291325695575,1.9226149722249004,0.48333333333333334
cognitive_flexibility,cognitive_flexibility_63,0.0,0.88,0.9166666666666666,0.5772030651407889,0.6206896551724138,0.0980392156862745,0.3846153846153846,-0.08474104586108169,-0.19999999999999996,0.018181818181818188,1.7284678129812325,0.5833333333333334
cognitive_flexibility,cognitive_flexibility_64,0.0,0.6666666666666666,0.75,0.49597349485869957,0.4642857142857143,0.0,0.39682539682539686,-0.30439653957303436,0.0,-0.05565862708719854,1.5364396245138654,0.5
cognitive_flexibility,cognitive_flexibility_65,0.0,0.9333333333333333,0.9166666666666666,0.45578556249278995,0.35,-0.05565862708719854,0.14423076923076927,-0.6112128958716058,0.0,0.0,1.6644555196521225,0.5
cognitive_flexibility,cognitive_flexibility_66,0.0,0.9166666666666666,0.9166666666666666,0.5828153915097738,0.48,0.07843137254901955,0.24,0.2188098417461304,0.0,-0.05228758169934633,1.9344312751877704,0.6
cognitive_flexibility,cognitive_flexibility_67,0.0,0.9259259259259259,0.9666666666666667,0.6645343371843553,0.41379310344827586,-0.005565862708719838,0.6226415094339622,0.02184297537687271,0.0,0.02425876010781669,1.9204079632549802,0.55
cognitive_flexibility,cognitive_flexibility_68,0.0,0.92,0.9166666666666666,0.5886338859078558,0.45161290322580644,-0.10416666666666663,0.34,0.16508207936199848,0.20000000000000007,0.020000000000000018,1.9102019330996667,0.5833333333333334
cognitive_flexibility,cognitive_flexibility_69,0.0,0.8285714285714286,0.8666666666666667,0.6365903902523156,0.3,0.05728314238952542,0.37777777777777777,0.2684391813834358,-0.2,-0.09259259259259262,1.6801109764285898,0.4166666666666667
cognitive_flexibility,cognitive_flexibility_70,0.0,0.8333333333333334,0.8833333333333333,0.5754597769944614,0.5416666666666666,0.03409090909090906,0.22916666666666669,0.19090982202934562,0.4,0.20915032679738566,1.7850370442786427,0.6
cognitive_flexibility,cognitive_flexibility_71,0.0,0.8461538461538461,0.9166666666666666,0.594791058895176,0.5625,-0.07692307692307687,0.4797843665768194,-0.1333825571015355,0.4,0.19666048237476808,1.7670062155428983,0.5666666666666667
cognitive_flexibility,cognitive_flexibility_72,0.0,0.8055555555555556,0.8666666666666667,0.5279014738518352,0.28,0.016415868673050615,0.3142389525368249,0.04720459608956748,0.6,0.12,1.6500941968098788,0.4
cognitive_flexibility,cognitive_flexibility_73,0.0,0.9090909090909091,0.9,0.7069361625397103,0.4117647058823529,0.014729950900163713,0.3986928104575163,-0.03235883485136585,0.39999999999999997,0.20192307692307693,1.7952709034518342,0.45
cognitive_flexibility,cognitive_flexibility_74,0.0,1.0,0.9666666666666667,0.6073804168273104,0.4,-0.46296296296296297,0.2777777777777778,0.1912512946929273,0.0,-0.018181818181818132,2.062420836209798,0.4166666666666667
cognitive_flexibility,cognitive_flexibility_75,0.0,0.8148148148148148,0.8833333333333333,0.5120052055347917,0.3181818181818182,-0.06818181818181823,0.375,0.15316705237454123,0.19999999999999996,-0.4609164420485175,1.6921724406500165,0.55
cognitive_flexibility,cognitive_flexibility_76,0.0,0.8461538461538461,0.8666666666666667,0.5767166354846223,0.6,0.07954545454545459,0.4797843665768194,-0.3655397341216891,0.19999999999999996,0.06219312602291327,1.805479568623281,0.5666666666666667
cognitive_flexibility,cognitive_flexibility_77,0.0,0.9142857142857143,0.95,0.5533455983195227,0.21428571428571427,-0.13911620294599014,0.17080745341614906,-0.14622553585603706,0.6,0.0326797385620915,1.9296194781973752,0.4166666666666667
cognitive_flexibility,cognitive_flexibility_78,0.0,0.8571428571428571,0.8666666666666667,0.4924016674478349,0.5652173913043478,0.24999999999999994,0.52,-0.4531462928927323,0.0,0.20485175202156336,1.5243888968204784,0.5333333333333333
cognitive_flexibility,cognitive_flexibility_79,0.0,0.7931034482758621,0.8333333333333334,0.5894038992925702,0.45454545454545453,-0.364975450081833,0.33333333333333337,0.20621949119745617,-0.19999999999999996,-0.020000000000000018,1.5718709943018168,0.5166666666666667
cognitive_flexibility,cognitive_flexibility_80,0.0,0.7142857142857143,0.8,0.5687906765307772,0.4,0.1568627450980392,0.35416666666666663,0.2650900656408574,0.8,-0.16000000000000003,1.6476075101777599,0.5333333333333333
cognitive_flexibility,cognitive_flexibility_81,0.0,0.7222222222222222,0.7333333333333333,0.48268200482950685,0.36363636363636365,0.0,0.33986928104575165,0.07302307106231044,-0.6,0.0,1.5457365472056666,0.4
cognitive_flexibility,cognitive_flexibility_82,0.0,0.8235294117647058,0.8333333333333334,0.5106618024678372,0.21739130434782608,-0.020833333333333315,-0.19999999999999996,-0.5092498717787943,-0.19999999999999996,-0.1925465838509317,1.7222419682865682,0.43333333333333335
cognitive_flexibility,cognitive_flexibility_83,0.0,0.7666666666666667,0.8666666666666667,0.37202437059699767,0.23076923076923078,-0.18633540372670804,0.3726708074534162,-0.13350147924660194,0.0,-0.24000000000000005,1.670837345670088,0.5
cognitive_flexibility,cognitive_flexibility_84,0.0,0.8787878787878788,0.8666666666666667,0.4403445118400413,0.23809523809523808,-0.18,0.12111801242236025,0.3302523408352917,-0.2,0.028727770177838563,1.7803541012734152,0.45
cognitive_flexibility,cognitive_flexibility_85,0.0,0.90625,0.9,0.38754549418071416,0.3,-0.10474631751227492,0.04968944099378886,0.008675442395587285,0.0,0.15999999999999998,1.7477558517871208,0.4666666666666667
cognitive_flexibility,cognitive_flexibility_86,0.0,0.8333333333333334,0.9,0.4815157060887294,0.38095238095238093,-0.07855973813420625,0.3137254901960785,-0.020900376832349153,0.0,0.12938005390835583,1.7444762809247485,0.6
cognitive_flexibility,cognitive_flexibility_87,0.0,0.84,0.85,0.4591514196049898,0.38095238095238093,-0.15769944341372916,0.1752021563342318,-0.10267319759393237,0.6000000000000001,-0.21999999999999997,1.6117247743489054,0.5833333333333334
cognitive_flexibility,cognitive_flexibility_88,0.0,0.9166666666666666,0.9333333333333333,0.4788227599005296,0.4583333333333333,-0.1781076066790353,0.22916666666666669,-0.16022866379867015,-0.20000000000000007,-0.06679035250463827,1.7240821197749618,0.6
cognitive_flexibility,cognitive_flexibility_89,0.0,0.7575757575757576,0.8166666666666667,0.5680734293692942,0.3870967741935484,-0.3780687397708674,0.2679738562091503,-0.19476630881784915,0.0,-0.024258760107816746,1.6722787287668968,0.45
cognitive_flexibility,cognitive_flexibility_90,0.0,0.88,0.9,0.5383569705432366,0.56,-0.35714285714285715,0.15769944341372916,-0.13042501647814167,0.0,-0.19999999999999996,1.6993216983020245,0.5833333333333334
cognitive_flexibility,cognitive_flexibility_91,0.0,0.8125,0.8833333333333333,0.6932149298722453,0.45161290322580644,-0.20485175202156336,0.2,-0.09213377359888165,0.19999999999999996,0.03999999999999998,1.6555041905623922,0.4666666666666667
cognitive_flexibility,cognitive_flexibility_92,0.0,0.7931034482758621,0.85,0.5983971714585274,0.4642857142857143,0.0714285714285714,0.477124183006536,-0.05975718927553385,0.2,0.22371967654986524,1.5501486396119553,0.5166666666666667
cognitive_flexibility,cognitive_flexibility_93,0.0,0.9375,0.9166666666666666,0.6248368838406199,0.4,0.1898527004909984,0.23214285714285715,0.14941585831894033,-0.19999999999999996,-0.02614379084967322,1.656724047119932,0.4666666666666667
cognitive_flexibility,cognitive_flexibility_94,0.0,0.7407407407407407,0.8,0.5044635442261649,0.4074074074074074,-0.1108071135430917,0.12418300653594772,-0.08071380360217777,-0.4,-0.12418300653594772,1.4737494073936648,0.55
cognitive_flexibility,cognitive_flexibility_95,0.0,0.8076923076923077,0.85,0.5877685242541498,0.44,-0.14379084967320266,0.3599257884972171,0.18019071891779226,0.19999999999999996,-0.2745098039215686,1.6228502005147631,0.5666666666666667
cognitive_flexibility,cognitive_flexibility_96,0.0,0.90625,0.8833333333333333,0.664521583192084,0.40625,0.037037037037037035,0.12615955473098328,-0.03340920367881975,0.20000000000000007,0.10457516339869283,1.859506697129246,0.4666666666666667
cognitive_flexibility,cognitive_flexibility_97,0.0,0.8928571428571429,0.9,0.5572981877779605,0.5,0.10576923076923073,0.20779220779220775,-0.07161809796602946,0.4,-0.2803234501347709,1.7163259945689495,0.5333333333333333
cognitive_flexibility,cognitive_flexibility_98,0.0,0.6785714285714286,0.8166666666666667,0.626581281434791,0.4642857142857143,-0.1826923076923077,0.4844517184942717,-0.10347315668332625,0.4,0.10576923076923073,1.61335876208106,0.5333333333333333
cognitive_flexibility,cognitive_flexibility_99,0.0,0.8709677419354839,0.9,0.4015665165693264,0.2777777777777778,-0.14656771799628943,0.1764705882352941,0.10866191049966593,0.19999999999999996,0.018518518518518545,1.7850554899935416,0.48333333333333334
cognitive_flexibility,cognitive_flexibility_100,0.0,0.7352941176470589,0.7333333333333333,0.4946232114563556,0.4230769230769231,-0.16039279869067102,-0.013071895424836555,0.2555275377243063,0.0,-0.08534322820037105,1.4953008991418808,0.43333333333333335
cognitive_flexibility,cognitive_flexibility_101,0.0,0.7916666666666666,0.8333333333333334,0.5745211116866671,0.5769230769230769,-0.22916666666666669,0.2596153846153846,-0.1812151023558295,0.19999999999999996,0.20915032679738566,1.5666703433323745,0.6
cognitive_flexibility,cognitive_flexibility_102,0.0,0.9655172413793104,0.95,0.49403782815758374,0.48,-0.37999999999999995,-0.5087719298245614,-0.13339958973226773,0.0,-0.08496732026143794,1.83514468463119,0.5166666666666667
cognitive_flexibility,cognitive_flexibility_103,0.0,0.8571428571428571,0.8833333333333333,0.5859409684796701,0.3,-0.0222222222222222,0.3355155482815057,0.16202236846079462,0.19999999999999996,0.0326797385620915,1.802442708795934,0.4166666666666667
cognitive_flexibility,cognitive_flexibility_104,0.0,0.8333333333333334,0.9,0.4530420524429844,0.5217391304347826,0.21603927986906712,0.4444444444444444,0.5353296883851146,0.2,-0.11538461538461542,1.787931263667481,0.6
cognitive_flexibility,cognitive_flexibility_105,0.0,0.8461538461538461,0.9166666666666666,0.6345094454122576,0.4838709677419355,0.16039279869067102,-0.06730769230769229,0.4183835326268988,0.19999999999999996,0.005390835579514808,1.8077775022255929,0.5666666666666667
cognitive_flexibility,cognitive_flexibility_106,0.0,0.7931034482758621,0.8,0.5648993059432675,0.43478260869565216,-0.1685761047463175,0.215686274509804,-0.17383438237755,0.19999999999999996,0.045751633986928164,1.855345638491985,0.5166666666666667
cognitive_flexibility,cognitive_flexibility_107,0.0,0.6756756756756757,0.75,0.5328127689055273,0.3333333333333333,0.051212938005390785,0.3580705009276438,0.22504264872271085,-0.19999999999999996,0.07189542483660127,1.7846998974288764,0.38333333333333336
cognitive_flexibility,cognitive_flexibility_108,0.0,0.8214285714285714,0.8166666666666667,0.5579715890737451,0.4090909090909091,0.0,0.22981366459627334,-0.09569945944565005,-0.20000000000000007,0.0496894409937888,1.6362249397397275,0.5333333333333333
cognitive_flexibility,cognitive_flexibility_109,0.0,0.8214285714285714,0.85,0.5419742223250659,0.5416666666666666,0.25,0.4444444444444445,0.2078064926486969,0.0,-0.09647495361781072,1.7678782058535851,0.5333333333333333
cognitive_flexibility,cognitive_flexibility_110,0.0,0.8846153846153846,0.8333333333333334,0.4150068793047308,0.32,-0.05905006418485237,0.24860853432282004,0.01561873379337695,0.4,-0.08333333333333337,1.519219000524082,0.5666666666666667
cognitive_flexibility,cognitive_flexibility_111,0.0,0.75,0.8666666666666667,0.38212840683360777,0.47368421052631576,-0.02083333333333326,0.18300653594771243,0.03490818560574122,0.4,-0.01641586867305056,1.6474755540603099,0.6
cognitive_flexibility,cognitive_flexibility_112,0.0,0.8709677419354839,0.9,0.5926430389747991,0.3181818181818182,-0.11111111111111105,0.38544474393531,-0.09525098294611617,-0.20000000000000007,0.16346153846153844,1.9119164552122458,0.48333333333333334
cognitive_flexibility,cognitive_flexibility_113,0.0,0.7878787878787878,0.8166666666666667,0.5817482567547365,0.4074074074074074,0.014729950900163713,0.2798690671031096,0.28066401759589166,-0.39999999999999997,0.25155279503105593,1.5011223778532439,0.45
cognitive_flexibility,cognitive_flexibility_114,0.0,0.6923076923076923,0.8166666666666667,0.43049280823450015,0.55,-0.07999999999999996,0.3599257884972171,0.27599145931640684,0.39999999999999997,-0.18012422360248453,1.6845873868437782,0.5666666666666667
cognitive_flexibility,cognitive_flexibility_115,0.0,0.7857142857142857,0.8166666666666667,0.569399988714493,0.38461538461538464,-0.09647495361781072,0.09647495361781072,0.3384676245406554,-0.4,0.33333333333333337,1.7261369657973908,0.5333333333333333
cognitive_flexibility,cognitive_flexibility_116,0.0,0.8636363636363636,0.9166666666666666,0.48833256391668817,0.6363636363636364,-0.022913256955810146,0.5185185185185186,-0.04742161373023228,0.20000000000000007,0.27884615384615385,1.8918783290028602,0.6333333333333333
cognitive_flexibility,cognitive_flexibility_117,0.0,0.8275862068965517,0.8166666666666667,0.6362392271628969,0.4666666666666667,0.03525046382189234,0.01851851851851849,0.7235997865736155,-0.4,-0.38888888888888895,1.512722564774964,0.5166666666666667
cognitive_flexibility,cognitive_flexibility_118,0.0,0.9117647058823529,0.9333333333333333,0.5561381569659553,0.27586206896551724,0.19999999999999996,0.4,-0.3496713261062391,0.19999999999999996,0.13729128014842296,2.097181682180482,0.43333333333333335
cognitive_flexibility,cognitive_flexibility_119,0.0,0.8095238095238095,0.8833333333333333,0.6923236221432597,0.5588235294117647,0.11538461538461542,0.6041666666666667,-0.05123985008357914,0.20000000000000007,0.09461966604823746,1.712330474537069,0.65
question_interpretation,question_interpretation_0,0.03571428571428571,0.625,0.5,0.4971857250918276,0.22727272727272727,0.52,0.2,-0.4314417239321084,-0.6,0.10457516339869283,1.061025532872244,0.4666666666666667
question_interpretation,question_interpretation_1,0.0,0.29545454545454547,0.3333333333333333,0.6525557253743892,0.10344827586206896,0.29166666666666663,0.19999999999999998,-0.1835449174821516,-0.2,0.18328840970350402,0.9503450715190412,0.26666666666666666
question_interpretation,question_interpretation_2,0.0,0.4523809523809524,0.43333333333333335,0.5507792845071624,0.2857142857142857,0.30441898527004907,0.24000000000000002,-0.244947125632236,-0.2,-0.34615384615384615,0.9867334111211858,0.3
question_interpretation,question_interpretation_3,0.041666666666666664,0.4444444444444444,0.43333333333333335,0.5605715751738761,0.15384615384615385,0.2749590834697218,-0.02083333333333337,0.11555530000944618,0.8,0.06679035250463822,0.918952142037444,0.4
question_interpretation,question_interpretation_4,0.0,0.4594594594594595,0.38333333333333336,0.630479867657542,0.2857142857142857,0.536388140161725,-0.28888888888888886,-0.1334840821260261,-0.39999999999999997,0.059006211180124224,0.9669533863323038,0.38333333333333336
question_interpretation,question_interpretation_5,0.047619047619047616,0.3333333333333333,0.3333333333333333,0.46450347192197267,0.2916666666666667,0.2888198757763975,-0.1111111111111111,-0.0008244590707848913,0.39999999999999997,0.18,0.9374586445433646,0.35
question_interpretation,question_interpretation_6,0.05555555555555555,0.35714285714285715,0.38333333333333336,0.5265402581899069,0.18518518518518517,0.16993464052287577,0.088379705400982,-0.01169498819884891,-0.6000000000000001,-0.14814814814814817,0.9435037593383941,0.3
question_interpretation,question_interpretation_7,0.047619047619047616,0.41025641025641024,0.4,0.38469089557494357,0.23809523809523808,0.5741239892183287,-0.08333333333333337,-0.24422428667782095,0.0,0.3518518518518518,0.9846516304235639,0.35
question_interpretation,question_interpretation_8,0.0,0.6,0.5,0.5809479622262576,0.25,0.43999999999999995,0.1309328968903437,-0.25517628253264696,-0.2,-0.15999999999999998,1.0431197668413619,0.3333333333333333
question_interpretation,question_interpretation_9,0.0,0.35555555555555557,0.31666666666666665,0.6655788931573271,0.3333333333333333,0.41666666666666674,-0.2287581699346405,0.13940227787263682,0.0,0.04043126684636117,0.8890766001702456,0.25
question_interpretation,question_interpretation_10,0.0,0.3225806451612903,0.3,0.49206766222383436,0.47619047619047616,0.282051282051282,0.125,-0.3976255956319084,-0.39999999999999997,0.09973045822102422,0.8265535513725563,0.48333333333333334
question_interpretation,question_interpretation_11,0.0,0.6388888888888888,0.5333333333333333,0.5868304140980638,0.25,0.25961538461538464,-0.125,-0.1871418084062981,-0.6,-0.028846153846153855,1.0199520199988854,0.4
question_interpretation,question_interpretation_12,0.045454545454545456,0.42105263157894735,0.31666666666666665,0.49337178681135185,0.18181818181818182,0.3912448700410397,-0.10760667903525045,0.16351573831991018,-0.39999999999999997,-0.31999999999999995,0.8650329950996237,0.36666666666666664
question_interpretation,question_interpretation_13,0.0,0.39473684210526316,0.3333333333333333,0.5231983672661459,0.2916666666666667,0.27083333333333337,-0.16666666666666669,0.09006396517861713,-0.8,0.15384615384615385,0.9605634407980005,0.36666666666666664
question_interpretation,question_interpretation_14,0.0,0.4411764705882353,0.3333333333333333,0.46238818850236957,0.47368421052631576,0.4126984126984127,-0.013071895424836555,-0.2916900181898932,0.39999999999999997,0.08333333333333331,0.9076341263441416,0.43333333333333335
question_interpretation,question_interpretation_15,0.07692307692307693,0.574468085106383,0.48333333333333334,0.6818099854845541,0.1,0.35416666666666663,0.2765957446808511,-0.260228879155411,0.0,0.06864564007421148,0.9737464866779849,0.21666666666666667
question_interpretation,question_interpretation_16,0.0,0.41025641025641024,0.4166666666666667,0.51688403958051,0.2413793103448276,0.25067385444743934,-0.028846153846153855,0.23911573143834713,0.0,-0.051136363636363646,0.890386972380362,0.35
question_interpretation,question_interpretation_17,0.0,0.4117647058823529,0.36666666666666664,0.40854795551094897,0.391304347826087,0.4318181818181818,0.3288409703504043,-0.4122907633574049,-0.4,-0.125,0.8911667237075093,0.43333333333333335
question_interpretation,question_interpretation_18,0.0,0.41025641025641024,0.43333333333333335,0.5608971092089857,0.2962962962962963,0.41999999999999993,-0.23933209647495357,-0.276322623537532,0.19999999999999996,-0.11538461538461536,1.0639693453278172,0.35
question_interpretation,question_interpretation_19,0.09090909090909091,0.5526315789473685,0.4666666666666667,0.4920845825583359,0.24,0.3912448700410397,0.27168576104746317,0.03162737680871271,0.2,0.08074534161490682,0.9394228595628411,0.36666666666666664
question_interpretation,question_interpretation_20,0.0,0.5365853658536586,0.43333333333333335,0.6993063064359419,0.22580645161290322,0.3914656771799629,-0.125,-0.04053084893594301,0.0,-0.1967654986522911,0.9330689862913659,0.31666666666666665
question_interpretation,question_interpretation_21,0.0,0.28125,0.35,0.36591509812852685,0.3333333333333333,0.40740740740740744,-0.3269230769230769,-0.05949824468488475,-0.19999999999999996,-0.23747680890538037,1.0157756933243665,0.4666666666666667
question_interpretation,question_interpretation_22,0.0,0.32142857142857145,0.3333333333333333,0.5063792586899583,0.391304347826087,0.30114566284779054,0.04347826086956519,-0.006922418264508435,0.6,0.07999999999999996,0.9336037901618283,0.5333333333333333
question_interpretation,question_interpretation_23,0.041666666666666664,0.3611111111111111,0.35,0.5378878800857547,0.4666666666666667,0.5480769230769231,0.0,0.1898109073238247,0.0,0.21818181818181814,0.9084954910150668,0.4
question_interpretation,question_interpretation_24,0.0,0.3953488372093023,0.38333333333333336,0.5495646372018737,0.07692307692307693,0.38,-0.09627329192546585,-0.16036157486368569,0.0,0.14,1.013656789998498,0.2833333333333333
question_interpretation,question_interpretation_25,0.05555555555555555,0.40476190476190477,0.36666666666666664,0.46134032660345076,0.23076923076923078,0.3111111111111111,-0.1875,-0.23228840272654533,0.0,-0.20192307692307693,0.933227327580673,0.3
question_interpretation,question_interpretation_26,0.07142857142857142,0.6304347826086957,0.55,0.5719639487662254,0.034482758620689655,0.4519230769230769,0.2413793103448276,0.0180906827090995,-0.19999999999999996,-0.1743970315398887,1.0981583099934829,0.23333333333333334
question_interpretation,question_interpretation_27,0.0,0.5294117647058824,0.36666666666666664,0.6390938427246576,0.3103448275862069,0.5096153846153846,0.24836601307189543,0.12454929817799694,0.39999999999999997,-0.22916666666666669,0.9704690307163429,0.43333333333333335
question_interpretation,question_interpretation_28,0.0,0.43243243243243246,0.4166666666666667,0.4969146684800691,0.25,0.3944353518821604,-0.20261437908496732,-0.11450095920569146,-0.2,0.31481481481481477,1.0067115874920793,0.38333333333333336
question_interpretation,question_interpretation_29,0.0,0.4838709677419355,0.38333333333333336,0.5056260676451576,0.3333333333333333,0.5807453416149069,-0.4519230769230769,0.3468055919231478,0.0,0.06666666666666665,0.9174288766314145,0.48333333333333334
question_interpretation,question_interpretation_30,0.0,0.4117647058823529,0.36666666666666664,0.6315871683698941,0.2413793103448276,0.5270049099836334,0.06730769230769229,0.2171460503634701,0.20000000000000007,0.013071895424836555,0.9101199637397983,0.43333333333333335
question_interpretation,question_interpretation_31,0.0,0.4375,0.4,0.5567254905030042,0.4,0.38625204582651396,-0.037037037037037035,-0.26256536410911,-0.19999999999999996,-0.014842300556586308,0.9276563896825859,0.4666666666666667
question_interpretation,question_interpretation_32,0.08,0.3142857142857143,0.26666666666666666,0.49958780292344634,0.3076923076923077,0.48563611491108066,-0.09999999999999998,-0.1386878109741672,-0.39999999999999997,0.0326797385620915,0.8958041368122858,0.4166666666666667
question_interpretation,question_interpretation_33,0.04,0.5428571428571428,0.45,0.5448772843418689,0.35714285714285715,0.5800000000000001,-0.24038461538461536,-0.01818036091495783,0.19999999999999996,-0.1923076923076923,1.0139229657593722,0.4166666666666667
question_interpretation,question_interpretation_34,0.0,0.41025641025641024,0.38333333333333336,0.6017559410792185,0.3103448275862069,0.3,-0.18,0.05977371484205645,0.19999999999999996,-0.2037037037037037,0.9358934231185869,0.35
question_interpretation,question_interpretation_35,0.0,0.4090909090909091,0.38333333333333336,0.6800537219436305,0.1111111111111111,0.29166666666666663,0.04582651391162029,-0.25030624733519713,0.2,0.11873840445269018,0.9383742089706669,0.26666666666666666
question_interpretation,question_interpretation_36,0.08333333333333333,0.5833333333333334,0.5166666666666667,0.6273370279507567,0.32,0.2749590834697218,-0.02083333333333337,0.1155621627397082,-0.19999999999999996,-0.07407407407407407,1.0093863225429511,0.4
question_interpretation,question_interpretation_37,0.0,0.3611111111111111,0.31666666666666665,0.5489824777295493,0.2857142857142857,0.5031055900621118,-0.19407008086253363,0.08360236398260404,0.0,0.2894248608534323,0.9062240732294654,0.4
question_interpretation,question_interpretation_38,0.0,0.3333333333333333,0.3333333333333333,0.5470418393217462,0.14814814814814814,0.24,-0.25961538461538464,0.2933169085513236,0.8,-0.0784313725490196,0.9156032210291589,0.4
question_interpretation,question_interpretation_39,0.0,0.4864864864864865,0.45,0.5802491229326117,0.35714285714285715,0.35416666666666663,0.05882352941176472,0.34298660758086413,0.0,0.4230769230769231,0.9505296402144334,0.38333333333333336
question_interpretation,question_interpretation_40,0.0,0.6111111111111112,0.5333333333333333,0.5149784704214947,0.25,0.24,-0.0323450134770889,-0.14904372849996855,0.0,0.0888888888888889,0.9896643342851285,0.4
question_interpretation,question_interpretation_41,0.0,0.5142857142857142,0.4666666666666667,0.5777259068889959,0.25,0.5555555555555556,0.43371522094926346,-0.29394269563292413,-0.19999999999999996,0.17520215633423175,0.9755629766925037,0.4166666666666667
question_interpretation,question_interpretation_42,0.03571428571428571,0.4375,0.43333333333333335,0.43811772777172686,0.30434782608695654,0.6274509803921569,-0.12698412698412703,-0.2309303046605908,0.4,-0.33333333333333337,0.9599839911390228,0.4666666666666667
question_interpretation,question_interpretation_43,0.0,0.46875,0.45,0.6098574507086088,0.43333333333333335,0.14583333333333337,0.3665768194070081,0.22934552528920218,0.0,0.03999999999999998,1.0279823104573167,0.4666666666666667
question_interpretation,question_interpretation_44,0.0,0.25806451612903225,0.25,0.6145234687019947,0.4074074074074074,0.22916666666666663,-0.11490683229813664,-0.07153852055148358,-0.20000000000000007,0.13999999999999996,0.8389644721442822,0.48333333333333334
question_interpretation,question_interpretation_45,0.04,0.4,0.3333333333333333,0.49224297074576134,0.36,0.4500818330605565,0.14,0.11516818409458118,-0.2,-0.22875816993464054,0.8951076325084161,0.4166666666666667
question_interpretation,question_interpretation_46,0.13636363636363635,0.5,0.4166666666666667,0.4646712879398985,0.25,0.4888888888888888,-0.12111292962356796,-0.035475937452697844,0.4,0.15384615384615385,0.8864781172109938,0.36666666666666664
question_interpretation,question_interpretation_47,0.07692307692307693,0.47058823529411764,0.4166666666666667,0.5196480669032042,0.4074074074074074,0.6799999999999999,-0.013071895424836555,-0.20550273466866387,0.0,-0.3557692307692308,0.9389785690474822,0.43333333333333335
question_interpretation,question_interpretation_48,0.0,0.4883720930232558,0.4666666666666667,0.6048138988503873,0.22580645161290322,0.46894409937888204,0.04545454545454547,0.12503557488928757,0.6000000000000001,-0.09999999999999998,0.9103403083490919,0.2833333333333333
question_interpretation,question_interpretation_49,0.0,0.4772727272727273,0.43333333333333335,0.5030129425067246,0.045454545454545456,0.45269016697588127,0.08000000000000002,0.10110369769215932,0.6,0.18750000000000003,0.9817961360185159,0.26666666666666666
question_interpretation,question_interpretation_50,0.0,0.47368421052631576,0.45,0.6410649736355027,0.2,0.4415584415584416,0.03921568627450983,0.17439307596273373,-0.4,0.040000000000000036,1.0054306847083156,0.36666666666666664
question_interpretation,question_interpretation_51,0.0,0.46153846153846156,0.36666666666666664,0.6403673372176104,0.3125,0.6333878887070377,-0.25067385444743934,-0.13912744782069147,-0.2,0.034090909090909116,0.9501169180252783,0.35
question_interpretation,question_interpretation_52,0.0,0.5,0.43333333333333335,0.536198541487054,0.24,0.5936920222634509,0.24844720496894412,-0.010535827356110502,0.0,-0.040000000000000036,0.9758630678937006,0.3333333333333333
question_interpretation,question_interpretation_53,0.0,0.4473684210526316,0.36666666666666664,0.5755582504589839,0.2962962962962963,0.5833333333333334,0.003710575139146577,0.094589781638903,0.4,-0.13461538461538464,0.935795144810955,0.36666666666666664
question_interpretation,question_interpretation_54,0.0,0.625,0.55,0.5895512350614501,0.034482758620689655,0.34615384615384615,0.13358070500927643,-0.19360129785040234,0.0,0.026143790849673193,1.0399076810968724,0.2
question_interpretation,question_interpretation_55,0.0,0.6111111111111112,0.5,0.6057266901155801,0.34375,0.48000000000000004,-0.016415868673050615,0.1953625970350301,0.2,0.052287581699346386,0.9817099090047688,0.4
question_interpretation,question_interpretation_56,0.0,0.42857142857142855,0.38333333333333336,0.5134489300476043,0.07407407407407407,-0.018633540372670843,0.09150326797385622,0.033639534675246725,0.39999999999999997,0.07792207792207795,0.9204227131637499,0.3
question_interpretation,question_interpretation_57,0.0,0.4,0.31666666666666665,0.5145762662997395,0.3333333333333333,0.48563611491108066,0.05681818181818182,0.35919170663238154,0.0,-0.17625231910946199,0.91144262479836,0.4166666666666667
question_interpretation,question_interpretation_58,0.0,0.4857142857142857,0.36666666666666664,0.6911274892965247,0.26666666666666666,0.3518821603927987,-0.10416666666666669,0.3296463772175591,0.6,-0.018181818181818132,0.9456775625525405,0.4166666666666667
question_interpretation,question_interpretation_59,0.0,0.3235294117647059,0.4,0.5874780443176236,0.3225806451612903,0.24860853432282004,-0.08000000000000002,-0.32933281942745896,0.4,-0.21153846153846156,0.9678389114383101,0.43333333333333335
question_interpretation,question_interpretation_60,0.0,0.39285714285714285,0.36666666666666664,0.34187103091922544,0.2777777777777778,0.37500000000000006,-0.07660738714090287,-0.0673961746964718,-0.8,-0.11859838274932616,0.8929913743292894,0.5333333333333333
question_interpretation,question_interpretation_61,0.0,0.5714285714285714,0.5,0.614397199243263,0.3333333333333333,0.5990180032733224,0.05769230769230771,-0.0610616794753022,0.19999999999999996,0.30065359477124187,1.0527070524163185,0.3
question_interpretation,question_interpretation_62,0.037037037037037035,0.5757575757575758,0.4666666666666667,0.468727301535701,0.36,0.43788819875776397,0.23076923076923078,0.16202434509249902,-0.19999999999999996,0.13746630727762799,0.9599719171961868,0.45
question_interpretation,question_interpretation_63,0.045454545454545456,0.5263157894736842,0.5,0.5825396193051567,0.11538461538461539,0.4157119476268412,0.4,0.013440408059025346,0.2,0.21892393320964748,0.9794283820066191,0.36666666666666664
question_interpretation,question_interpretation_64,0.0,0.5454545454545454,0.4666666666666667,0.5571033528148682,0.3548387096774194,0.29999999999999993,0.024258760107816746,0.27161204090043684,-0.6000000000000001,-0.31481481481481477,1.0052640322255881,0.45
question_interpretation,question_interpretation_65,0.0,0.5853658536585366,0.55,0.6841209997519453,0.17142857142857143,0.6442307692307692,0.06666666666666665,0.18035481590599958,0.19999999999999996,0.5,1.0351599183776772,0.31666666666666665
question_interpretation,question_interpretation_66,0.058823529411764705,0.5813953488372093,0.4666666666666667,0.49688037470796015,0.1111111111111111,0.49999999999999994,-0.10576923076923078,0.21348655277639592,-0.19999999999999996,-0.27639751552795033,1.0080663600103557,0.2833333333333333
question_interpretation,question_interpretation_67,0.041666666666666664,0.4444444444444444,0.3333333333333333,0.6509561023762999,0.41935483870967744,0.4772727272727273,-0.3333333333333333,0.19449398288918185,0.0,0.18300653594771243,0.87722663141038,0.4
question_interpretation,question_interpretation_68,0.0,0.37209302325581395,0.35,0.43870734729045147,0.22727272727272727,0.3942307692307692,0.07189542483660133,0.018306682512771167,0.39999999999999997,-0.038461538461538436,0.9894139029508621,0.2833333333333333
question_interpretation,question_interpretation_69,0.05,0.5,0.45,0.41662037353167,0.17391304347826086,0.625,0.0888888888888889,0.10738819727430877,0.2,-0.26143790849673204,1.0112510450428152,0.3333333333333333
question_interpretation,question_interpretation_70,0.041666666666666664,0.4166666666666667,0.36666666666666664,0.5657497757982121,0.2857142857142857,0.4444444444444444,0.07407407407407407,0.12525856610952535,-0.4,0.18300653594771243,0.9160788399760071,0.4
question_interpretation,question_interpretation_71,0.0,0.4,0.31666666666666665,0.5969222382455572,0.041666666666666664,0.3977272727272727,-0.06546644844517185,0.4097151131414608,0.0,-0.21563342318059298,0.8952405438981598,0.3333333333333333
question_interpretation,question_interpretation_72,0.0,0.575,0.5166666666666667,0.5512866146238983,0.3103448275862069,0.41666666666666663,0.0,0.061247279812232526,0.0,0.16366612111292966,1.0491910322094924,0.3333333333333333
question_interpretation,question_interpretation_73,0.0,0.4883720930232558,0.45,0.6749682149433983,0.125,0.2274959083469722,0.012987012987012991,-0.26343790237896186,-0.2,-0.16530278232405893,0.963427929332548,0.2833333333333333
question_interpretation,question_interpretation_74,0.0,0.4722222222222222,0.4166666666666667,0.5785836787133657,0.37037037037037035,0.5416666666666667,0.29110512129380056,0.0019100473700917804,0.0,0.12,0.9594094977458948,0.4
question_interpretation,question_interpretation_75,0.05,0.4,0.38333333333333336,0.622797582057673,0.20833333333333334,0.5228758169934641,0.0,-0.3193451472973892,0.39999999999999997,0.0888888888888889,0.9563126191632317,0.3333333333333333
question_interpretation,question_interpretation_76,0.0,0.4857142857142857,0.4166666666666667,0.6315501596969874,0.2727272727272727,0.2444444444444444,-0.20186335403726707,-0.002092480706241882,-0.2,-0.10416666666666669,0.9260388662973138,0.4166666666666667
question_interpretation,question_interpretation_77,0.04,0.3142857142857143,0.3333333333333333,0.586362280125053,0.2962962962962963,0.20186335403726707,-0.16339869281045755,0.3307307182004881,-0.19999999999999996,-0.04807692307692307,0.9280544102189859,0.4166666666666667
question_interpretation,question_interpretation_78,0.1,0.575,0.4666666666666667,0.5067469645060696,0.09523809523809523,0.2597402597402597,0.15999999999999998,-0.04799615989657502,-0.2,0.26143790849673204,0.9832153716241087,0.3333333333333333
question_interpretation,question_interpretation_79,0.07407407407407407,0.5151515151515151,0.4166666666666667,0.556072799258128,0.34615384615384615,0.4791666666666667,-0.16666666666666669,0.13907731892530498,-0.20000000000000007,0.2282003710575139,0.9395412611196554,0.45
question_interpretation,question_interpretation_80,0.04,0.42857142857142855,0.38333333333333336,0.5897193636763414,0.2222222222222222,0.3693181818181818,0.17625231910946199,0.17837369764748331,-0.39999999999999997,-0.22875816993464054,0.9236091289284939,0.4166666666666667
question_interpretation,question_interpretation_81,0.10714285714285714,0.5,0.4166666666666667,0.37612647366157337,0.36363636363636365,0.5333333333333334,0.33333333333333337,0.09870187189868466,0.19999999999999996,-0.20294599018003268,0.9432926828663034,0.4666666666666667
question_interpretation,question_interpretation_82,0.05263157894736842,0.4634146341463415,0.38333333333333336,0.5758633976384361,0.23333333333333334,0.6732026143790849,-0.019607843137254888,-0.01440681480807689,0.0,-0.22115384615384615,0.9403102513262659,0.31666666666666665
question_interpretation,question_interpretation_83,0.037037037037037035,0.5454545454545454,0.4666666666666667,0.521304415962035,0.24,0.6875,-0.06521739130434784,0.2567193353955377,0.0,0.46091644204851745,0.98057213421242,0.45
question_interpretation,question_interpretation_84,0.0,0.5609756097560976,0.43333333333333335,0.607098117932107,0.2,0.5416666666666666,-0.22916666666666669,-0.6703734860119136,0.0,0.21153846153846156,1.0389999914361414,0.31666666666666665
question_interpretation,question_interpretation_85,0.043478260869565216,0.5405405405405406,0.48333333333333334,0.578287195066204,0.1111111111111111,0.3098330241187384,-0.15217391304347827,0.4293046280042116,0.0,0.14583333333333331,1.0137396459772934,0.38333333333333336
question_interpretation,question_interpretation_86,0.05,0.275,0.25,0.4874261887907075,0.25925925925925924,0.49689440993788825,0.06211180124223603,-0.04481623621342557,0.0,-0.1851851851851852,0.8579040657372539,0.3333333333333333
question_interpretation,question_interpretation_87,0.07407407407407407,0.45454545454545453,0.3333333333333333,0.5856966428166406,0.25925925925925924,0.45,0.024258760107816746,0.10744659412783712,-0.39999999999999997,-0.18,0.8969255528123843,0.45
question_interpretation,question_interpretation_88,0.043478260869565216,0.4594594594594595,0.36666666666666664,0.4966302612652032,0.12,0.5,-0.051212938005390785,-0.14650722112618855,0.2,0.21293800539083557,0.9535311955980287,0.38333333333333336
question_interpretation,question_interpretation_89,0.0,0.4186046511627907,0.38333333333333336,0.5588700271783009,0.15384615384615385,0.32026143790849676,-0.27083333333333337,-0.10071146782223044,0.2,-0.09090909090909088,0.9926891346760649,0.2833333333333333
question_interpretation,question_interpretation_90,0.0,0.47619047619047616,0.45,0.5273796122742059,0.28,0.18923933209647492,0.11180124223602486,-0.33876123376470646,0.2,0.07792207792207795,0.9966835168250093,0.3
question_interpretation,question_interpretation_91,0.05555555555555555,0.4523809523809524,0.4166666666666667,0.5973638995354283,0.1935483870967742,0.25,0.1778975741239892,0.5527944713583863,0.0,-0.05769230769230771,0.9602894567854158,0.3
question_interpretation,question_interpretation_92,0.0,0.4857142857142857,0.38333333333333336,0.4509474472290419,0.18181818181818182,0.4916512059369203,0.019999999999999962,0.20717775994287188,0.8,0.24038461538461536,0.9393236713647042,0.4166666666666667
question_interpretation,question_interpretation_93,0.0,0.5,0.4166666666666667,0.5333890218775575,0.30434782608695654,0.5962732919254659,0.12,0.09665004927602491,-0.39999999999999997,-0.07407407407407407,0.9754585933221328,0.4
question_interpretation,question_interpretation_94,0.0,0.4594594594594595,0.43333333333333335,0.637582977282374,0.30303030303030304,0.37777777777777777,-0.15909090909090912,0.12049896199508206,-0.2,-0.11051212938005395,0.9832089167935497,0.38333333333333336
question_interpretation,question_interpretation_95,0.09090909090909091,0.3157894736842105,0.26666666666666666,0.5387501617984034,0.3076923076923077,0.19047619047619047,0.08000000000000002,-0.08729199322552643,0.2,0.4727272727272728,0.8133948441550275,0.36666666666666664
question_interpretation,question_interpretation_96,0.0,0.3333333333333333,0.4,0.6166522012771981,0.16666666666666666,0.24,0.15584415584415584,-0.09516980729753391,0.0,0.18300653594771243,0.9024839976839332,0.4
question_interpretation,question_interpretation_97,0.0,0.5,0.43333333333333335,0.6185442832352573,0.5,0.40308087291399225,-0.21153846153846156,0.2818059160436405,0.0,0.039999999999999925,0.9501978379115247,0.5666666666666667
question_interpretation,question_interpretation_98,0.08,0.37142857142857144,0.31666666666666665,0.49318180731093425,0.3333333333333333,0.42222222222222217,-0.09615384615384615,-0.1632959178552083,-0.2,0.26901669758812613,0.884108159916323,0.4166666666666667
question_interpretation,question_interpretation_99,0.043478260869565216,0.4864864864864865,0.36666666666666664,0.5474212728235873,0.2,0.5555555555555556,0.05882352941176472,-0.047081945766796585,0.19999999999999996,-0.05882352941176472,0.9311786490362556,0.38333333333333336
question_interpretation,question_interpretation_100,0.0,0.4117647058823529,0.43333333333333335,0.5459758498101729,0.25806451612903225,0.31111111111111106,-0.35992578849721707,0.5718085649956332,0.0,-0.2545454545454545,0.9791806668120075,0.43333333333333335
question_interpretation,question_interpretation_101,0.045454545454545456,0.47368421052631576,0.43333333333333335,0.4135696338460664,0.13043478260869565,0.040000000000000036,0.012422360248447173,0.32313823295944155,-0.2,0.15384615384615385,0.9918866979039044,0.36666666666666664
question_interpretation,question_interpretation_102,0.0,0.35135135135135137,0.3,0.468782782111063,0.34782608695652173,0.5248447204968945,0.009615384615384637,0.15250564671918615,0.6,0.27884615384615385,0.9107626238014862,0.38333333333333336
question_interpretation,question_interpretation_103,0.041666666666666664,0.5277777777777778,0.43333333333333335,0.49924308143387536,0.24,0.5416666666666667,0.36,0.13239121782133473,0.4,-0.07407407407407407,0.9391544439781264,0.4
question_interpretation,question_interpretation_104,0.03333333333333333,0.4666666666666667,0.31666666666666665,0.5616528623850993,0.36666666666666664,0.6349206349206349,-0.14423076923076922,0.24202799542036801,0.2,-0.3896103896103896,0.8771708514632202,0.5
question_interpretation,question_interpretation_105,0.0,0.4594594594594595,0.4666666666666667,0.44239746267235536,0.22727272727272727,0.4545454545454546,0.0625,0.07719454464272354,0.0,0.059006211180124224,1.0004493341714658,0.38333333333333336
question_interpretation,question_interpretation_106,0.06896551724137931,0.41935483870967744,0.31666666666666665,0.5249815338063214,0.2222222222222222,0.3944099378881987,-0.07606679035250458,-0.35507709152364375,0.0,0.018518518518518545,0.9086830979727583,0.48333333333333334
question_interpretation,question_interpretation_107,0.14285714285714285,0.4358974358974359,0.4166666666666667,0.5783944207153409,0.23809523809523808,0.3350449293966624,0.13636363636363635,-0.024996437130937264,0.0,0.028846153846153855,0.9224099952627892,0.35
question_interpretation,question_interpretation_108,0.0,0.4594594594594595,0.45,0.6079367337310723,0.2222222222222222,0.6437847866419295,-0.020000000000000018,-0.04602470870848005,0.0,0.13461538461538464,0.9945029170359594,0.38333333333333336
question_interpretation,question_interpretation_109,0.0,0.40476190476190477,0.4,0.5534498849023007,0.25,0.375,0.391304347826087,0.3247215948952128,0.6,-0.2222222222222222,0.9452250457141431,0.3
question_interpretation,question_interpretation_110,0.03333333333333333,0.3333333333333333,0.3,0.5285193009815033,0.42857142857142855,0.0,-0.2695763799743261,0.23681852675789808,0.0,0.06535947712418305,0.8376672957450259,0.5
question_interpretation,question_interpretation_111,0.0,0.34210526315789475,0.3,0.5727450534347481,0.20833333333333334,0.4791666666666667,-0.14814814814814814,0.1276478592996093,0.19999999999999996,0.09150326797385616,0.9030516970243618,0.36666666666666664
question_interpretation,question_interpretation_112,0.09523809523809523,0.3333333333333333,0.3333333333333333,0.4353097929065934,0.2,0.33878887070376434,-0.15555555555555556,0.3905169410086639,0.19999999999999996,-0.40384615384615385,0.8932028176827735,0.35
question_interpretation,question_interpretation_113,0.04,0.42857142857142855,0.3333333333333333,0.6666521197806152,0.21875,0.6225930680359435,0.09803921568627455,0.05032086775404008,0.2,-0.26,0.8878757386447892,0.4166666666666667
question_interpretation,question_interpretation_114,0.04,0.4857142857142857,0.43333333333333335,0.6082364179213465,0.35714285714285715,0.4500818330605565,-0.10416666666666669,-0.20210985015784874,-0.4,-0.43859649122807015,0.9833051893235285,0.4166666666666667
question_interpretation,question_interpretation_115,0.047619047619047616,0.358974358974359,0.36666666666666664,0.5854917127460921,0.28,0.5732838589981448,0.125,-0.47047304303078097,0.39999999999999997,0.016697588126159568,0.9616940049875249,0.35
question_interpretation,question_interpretation_116,0.0,0.4634146341463415,0.45,0.5960593652438545,0.18181818181818182,0.5,0.17613636363636365,-0.13085282475424015,0.2,0.21153846153846156,1.0461703752852531,0.31666666666666665
question_interpretation,question_interpretation_117,0.045454545454545456,0.39473684210526316,0.36666666666666664,0.5463652414400214,0.25,0.5833333333333334,-0.12111292962356796,0.2571153207098934,0.2,0.15999999999999998,0.9566306942665724,0.36666666666666664
question_interpretation,question_interpretation_118,0.043478260869565216,0.5945945945945946,0.4166666666666667,0.6369151246626905,0.3793103448275862,0.5173299101412067,-0.059006211180124224,0.047921073560405515,-0.19999999999999996,0.051212938005390785,0.911825012367404,0.38333333333333336
question_interpretation,question_interpretation_119,0.0,0.5128205128205128,0.48333333333333334,0.6822568500701752,0.2857142857142857,0.23933209647495357,-0.0889487870619946,-0.1563854278722436,-0.2,0.016697588126159568,1.0494794615705312,0.35
time_management_perfectionism,time_management_perfectionism_0,0.0,0.8095238095238095,0.7666666666666667,0.7600707675466954,0.16,0.23076923076923078,0.0625,0.1654210636404513,-0.39999999999999997,0.0,2.027091492003736,0.3
time_management_perfectionism,time_management_perfectionism_1,0.0,0.8913043478260869,0.8666666666666667,0.8079648749290389,0.038461538461538464,0.11764705882352938,-0.33333333333333337,-0.008584888604848837,-0.2,-0.2545454545454545,2.263761026544076,0.23333333333333334
time_management_perfectionism,time_management_perfectionism_2,0.0,0.8666666666666667,0.8166666666666667,0.7874359909438741,0.0625,-0.18000000000000002,-0.022222222222222227,0.15796141464071506,-0.4,-0.26785714285714285,2.0509001142950543,0.25
time_management_perfectionism,time_management_perfectionism_3,0.0,0.8461538461538461,0.8333333333333334,0.783521549798499,0.23076923076923078,-0.09461966604823752,-0.1111111111111111,0.061162190625855456,-0.2,0.08333333333333337,2.1384114757634705,0.35
time_management_perfectionism,time_management_perfectionism_4,0.0,0.7708333333333334,0.7833333333333333,0.6983606379667946,0.18181818181818182,-0.10457516339869283,-0.026143790849673193,-0.1392349026201167,0.2,0.026143790849673193,1.7858729517537435,0.2
time_management_perfectionism,time_management_perfectionism_5,0.0,0.7073170731707317,0.6666666666666666,0.6788362320781557,0.21739130434782608,0.08674304418985274,-0.2391304347826087,-0.06514217487833815,0.39999999999999997,-0.16666666666666666,1.780275545775486,0.31666666666666665
time_management_perfectionism,time_management_perfectionism_6,0.0,0.7380952380952381,0.7166666666666667,0.7415507165129724,0.17391304347826086,0.04166666666666663,-0.12,-0.06706530110700726,0.19999999999999996,0.08653846153846156,2.0000619046863877,0.3
time_management_perfectionism,time_management_perfectionism_7,0.0,0.8108108108108109,0.75,0.6866553689816722,0.2857142857142857,0.24534161490683226,-0.020000000000000018,0.009215675310829568,-0.2,-0.1895424836601307,1.787805648198183,0.38333333333333336
time_management_perfectionism,time_management_perfectionism_8,0.0,0.8157894736842105,0.7666666666666667,0.7623906856619863,0.2962962962962963,-0.04444444444444445,-0.07008086253369272,0.015284826671562838,0.0,0.040000000000000036,2.000125798388267,0.36666666666666664
time_management_perfectionism,time_management_perfectionism_9,0.0,0.8648648648648649,0.8333333333333334,0.8098435267813702,0.25,0.2,-0.13461538461538464,0.07043782472112962,-0.2,-0.24074074074074073,2.1199207763447148,0.38333333333333336
time_management_perfectionism,time_management_perfectionism_10,0.0,0.8636363636363636,0.7666666666666667,0.8483904107306091,0.12903225806451613,-0.16346153846153844,0.06832298136645962,-0.08796736005878936,-0.2,-0.12500000000000003,2.1677800319005995,0.26666666666666666
time_management_perfectionism,time_management_perfectionism_11,0.0,0.7692307692307693,0.75,0.6981640208494694,0.15789473684210525,-0.019607843137254943,-0.1875,-0.04589581248112523,-0.4,-0.39622641509433965,1.793015752952978,0.35
time_management_perfectionism,time_management_perfectionism_12,0.0,0.7317073170731707,0.7,0.7218556126628659,0.2727272727272727,0.020833333333333315,0.020000000000000018,0.5531439187358713,0.39999999999999997,-0.2916666666666667,1.9204398334807895,0.31666666666666665
time_management_perfectionism,time_management_perfectionism_13,0.0,0.8372093023255814,0.75,0.7181407234260415,0.05,0.0625,-0.055555555555555525,0.2275691002332746,0.0,0.14,1.93504165521364,0.2833333333333333
time_management_perfectionism,time_management_perfectionism_14,0.0,0.7959183673469388,0.7833333333333333,0.7835146518407566,0.125,-0.22448979591836735,0.11317254174397032,-0.13203988946627543,0.0,0.020000000000000018,2.019256459277339,0.18333333333333332
time_management_perfectionism,time_management_perfectionism_15,0.0,0.7941176470588235,0.7666666666666667,0.719932136653492,0.32,0.08695652173913043,0.21153846153846156,0.1456946964017884,0.4,0.15633423180592987,1.8969855719623179,0.43333333333333335
time_management_perfectionism,time_management_perfectionism_16,0.0,0.7894736842105263,0.65,0.7112967314338114,0.125,0.036363636363636376,-0.07008086253369272,-0.03713924766946895,0.0,0.14285714285714285,1.8302005091631905,0.36666666666666664
time_management_perfectionism,time_management_perfectionism_17,0.0,0.8780487804878049,0.75,0.7638875168882008,0.11538461538461539,-0.08333333333333331,-0.15032679738562088,-0.2660219748070283,-0.2,-0.24183006535947715,2.0629707468967906,0.31666666666666665
time_management_perfectionism,time_management_perfectionism_18,0.0,0.8837209302325582,0.7666666666666667,0.834106848120656,0.20689655172413793,-0.06710310965630112,-0.002695417789757404,0.1908920861170923,0.4,-0.012987012987012991,2.042407778258339,0.2833333333333333
time_management_perfectionism,time_management_perfectionism_19,0.0,0.8181818181818182,0.7666666666666667,0.7470973764782575,0.1724137931034483,0.29166666666666663,-0.24877250409165305,-0.33930959542371875,-0.4,0.2091503267973856,2.0686947588387596,0.26666666666666666
time_management_perfectionism,time_management_perfectionism_20,0.0,0.8444444444444444,0.8,0.8157245457231771,0.0967741935483871,0.06,0.04658385093167702,0.3417289929542371,0.0,0.027829313543599243,2.0089863384231004,0.25
time_management_perfectionism,time_management_perfectionism_21,0.0,0.6666666666666666,0.65,0.6509984807060885,0.3,-0.033395176252319136,-0.039215686274509776,-0.12042836724236856,0.0,-0.1447124304267161,1.7022191255602819,0.3
time_management_perfectionism,time_management_perfectionism_22,0.0,0.9047619047619048,0.7833333333333333,0.6605490831126207,0.07692307692307693,0.039215686274509776,-0.07792207792207795,0.10585390125888391,0.39999999999999997,-0.0625,1.8776724712808357,0.3
time_management_perfectionism,time_management_perfectionism_23,0.0,0.7777777777777778,0.7666666666666667,0.7207213719192577,0.22727272727272727,-0.08333333333333337,-0.0888888888888889,-0.20800618338384452,-0.39999999999999997,0.1111111111111111,1.9229469898221396,0.4
time_management_perfectionism,time_management_perfectionism_24,0.0,0.7959183673469388,0.7833333333333333,0.7870952786950871,0.041666666666666664,-0.22916666666666666,-0.13999999999999999,-0.011360405222471616,0.0,-0.04582210242587603,2.064358172411607,0.18333333333333332
time_management_perfectionism,time_management_perfectionism_25,0.0,0.8372093023255814,0.8,0.7383783710622417,0.11538461538461539,0.031096563011456635,-0.14,0.2694352530360404,0.4,0.002695417789757404,1.888236451101915,0.2833333333333333
time_management_perfectionism,time_management_perfectionism_26,0.0,0.813953488372093,0.8166666666666667,0.8192114609211261,0.15384615384615385,-0.27639751552795033,-0.24074074074074076,0.058245985226799475,0.0,0.16442048517520214,2.1817367269146644,0.2833333333333333
time_management_perfectionism,time_management_perfectionism_27,0.0,0.7441860465116279,0.75,0.7236999739888563,0.16666666666666666,0.25,-0.18944099378881984,-0.08390914015168766,0.2,0.12929623567921444,1.9772878243322862,0.2833333333333333
time_management_perfectionism,time_management_perfectionism_28,0.0,0.6153846153846154,0.65,0.6842353086607144,0.19047619047619047,-0.2345013477088949,-0.1111111111111111,-0.201558851035611,0.0,-0.018518518518518545,1.7103631413716023,0.35
time_management_perfectionism,time_management_perfectionism_29,0.0,0.7727272727272727,0.7666666666666667,0.7310769495213091,0.21739130434782608,0.20246238030095756,-0.0784313725490196,-0.3857876198805714,-0.2,0.0784313725490196,1.9726685587950075,0.26666666666666666
time_management_perfectionism,time_management_perfectionism_30,0.0,0.8297872340425532,0.7666666666666667,0.7232141611589439,0.03571428571428571,0.14583333333333331,-0.09999999999999998,0.15910093947590442,-0.2,0.038461538461538464,1.7632111482970991,0.21666666666666667
time_management_perfectionism,time_management_perfectionism_31,0.0,0.8222222222222222,0.7833333333333333,0.7486013797626296,0.11538461538461539,-0.20833333333333337,0.16339869281045755,-0.12357067894778412,-0.2,-0.23291925465838512,2.0169947357407376,0.25
time_management_perfectionism,time_management_perfectionism_32,0.0,0.7857142857142857,0.7833333333333333,0.7436990062786172,0.2727272727272727,-0.35294117647058826,-0.07792207792207795,0.09336789100165221,-0.6000000000000001,0.039215686274509776,1.9610267000113815,0.3
time_management_perfectionism,time_management_perfectionism_33,0.0,0.7948717948717948,0.6833333333333333,0.744568736223007,0.21428571428571427,-0.3172541743970315,0.11538461538461536,-0.1523633955938657,0.0,0.1280148423005566,1.8626928891369376,0.35
time_management_perfectionism,time_management_perfectionism_34,0.0,0.7954545454545454,0.7666666666666667,0.7120153481181768,0.045454545454545456,0.03999999999999998,-0.29166666666666663,0.016859905748638528,-0.2,0.11801242236024845,2.0130062338770913,0.26666666666666666
time_management_perfectionism,time_management_perfectionism_35,0.0,0.7727272727272727,0.7666666666666667,0.7256050955693675,0.07142857142857142,-0.04582651391162029,0.0727272727272727,0.06594465908891202,0.2,-0.019230769230769218,1.9388981374366479,0.26666666666666666
time_management_perfectionism,time_management_perfectionism_36,0.0,0.8,0.75,0.7026431884788488,0.25,-0.13071895424836605,-0.18518518518518517,-0.4449012129220693,0.2,0.18518518518518517,1.8045638508286137,0.3333333333333333
time_management_perfectionism,time_management_perfectionism_37,0.0,0.8775510204081632,0.8166666666666667,0.8139216818568329,0.11428571428571428,-0.21568627450980393,0.020833333333333343,0.009347397020102335,0.0,-0.20754716981132076,2.160599469048552,0.18333333333333332
time_management_perfectionism,time_management_perfectionism_38,0.0,0.8958333333333334,0.9,0.845173492176051,0.17647058823529413,0.17777777777777776,0.08888888888888888,0.3182880083700636,0.2,-0.08653846153846154,2.284228060991423,0.2
time_management_perfectionism,time_management_perfectionism_39,0.0,0.8095238095238095,0.8,0.8190165054937089,0.21875,-0.1447124304267161,0.0,-0.34836121298783296,0.0,0.07792207792207795,2.0457681771114107,0.3
time_management_perfectionism,time_management_perfectionism_40,0.0,0.9047619047619048,0.8166666666666667,0.7648496420340472,0.20689655172413793,-0.05769230769230771,-0.039215686274509776,-0.09518077669973887,-0.2,-0.01617250673854448,2.100665046081414,0.3
time_management_perfectionism,time_management_perfectionism_41,0.0,0.7804878048780488,0.7333333333333333,0.7620504460971319,0.2692307692307692,-0.10965630114566283,-0.14596273291925466,-0.24415601544363616,-0.6,0.12668463611859837,1.994630363674935,0.31666666666666665
time_management_perfectionism,time_management_perfectionism_42,0.0,0.7954545454545454,0.8,0.8227950190543502,0.25,0.28,0.05228758169934644,-0.29807549086789886,-0.8,0.021563342318059286,2.205044284062745,0.26666666666666666
time_management_perfectionism,time_management_perfectionism_43,0.0,0.7380952380952381,0.7333333333333333,0.7774085168718112,0.26666666666666666,0.07453416149068326,-0.18923933209647492,0.26821953410942745,-0.4,-0.2222222222222222,2.000139618305459,0.3
time_management_perfectionism,time_management_perfectionism_44,0.0,0.7317073170731707,0.75,0.7254398743893167,0.3333333333333333,0.16883116883116883,0.16512059369202226,0.20429278467243284,-0.2,-0.10965630114566283,1.980458093005956,0.31666666666666665
time_management_perfectionism,time_management_perfectionism_45,0.0,0.7727272727272727,0.7,0.7774639989695478,0.17857142857142858,-0.022727272727272707,-0.0784313725490196,-0.23741271932489752,0.0,-0.11111111111111113,2.0223686466638853,0.26666666666666666
time_management_perfectionism,time_management_perfectionism_46,0.0,0.8695652173913043,0.85,0.7710233772690477,0.07692307692307693,-0.11801242236024845,0.125,0.38754371989722836,0.2,0.22916666666666669,2.113515537867026,0.23333333333333334
time_management_perfectionism,time_management_perfectionism_47,0.0,0.8260869565217391,0.7666666666666667,0.6593016664783462,0.13636363636363635,-0.10242587601078168,-0.04823747680890536,-0.16734454195813436,0.0,-0.03636363636363635,1.8494732378073855,0.23333333333333334
time_management_perfectionism,time_management_perfectionism_48,0.0,0.7954545454545454,0.7833333333333333,0.792157652657543,0.18518518518518517,0.1777777777777778,-0.007421150278293098,0.13576033893130587,0.2,-0.16346153846153844,2.059921985700659,0.26666666666666666
time_management_perfectionism,time_management_perfectionism_49,0.0,0.7948717948717948,0.7333333333333333,0.7246773649925534,0.15384615384615385,0.2503419972640219,0.06,-0.39457368231480083,0.39999999999999997,-0.018518518518518545,1.9364122577174523,0.35
time_management_perfectionism,time_management_perfectionism_50,0.0,0.7435897435897436,0.6666666666666666,0.732051611046384,0.2,-0.125,0.15220949263502453,-0.2792419469761304,-0.6,-0.2037037037037037,1.6981522158706326,0.35
time_management_perfectionism,time_management_perfectionism_51,0.0,0.8055555555555556,0.7333333333333333,0.6916510635015173,0.36,0.016415868673050615,-0.0323450134770889,-0.28713529046521263,-0.19999999999999996,-0.08333333333333337,1.8663818990121697,0.4
time_management_perfectionism,time_management_perfectionism_52,0.0,0.8636363636363636,0.8333333333333334,0.7271519159018478,0.14814814814814814,0.2692307692307692,-0.11801242236024845,-0.063679266997476,-0.39999999999999997,0.16000000000000003,2.085356551677027,0.26666666666666666
time_management_perfectionism,time_management_perfectionism_53,0.0,0.8717948717948718,0.8666666666666667,0.7999524091913441,0.20833333333333334,0.24183006535947715,0.11538461538461536,-0.09424339861358987,-0.4,0.25067385444743934,2.1337212115297737,0.35
time_management_perfectionism,time_management_perfectionism_54,0.0,0.8,0.7666666666666667,0.7957667828660765,0.18518518518518517,0.046583850931676996,0.14423076923076922,-0.2207818222390876,0.6,0.04043126684636117,2.0547953703275814,0.25
time_management_perfectionism,time_management_perfectionism_55,0.0,0.8260869565217391,0.7833333333333333,0.7983005414546979,0.08,0.019230769230769218,-0.024999999999999994,0.37361823652397114,-0.2,0.16689466484268128,2.112294664518344,0.23333333333333334
time_management_perfectionism,time_management_perfectionism_56,0.0,0.8367346938775511,0.8,0.8341414567782721,0.16666666666666666,-0.22916666666666666,0.08496732026143791,-0.36621263812743576,0.0,-0.20754716981132076,2.222302360502885,0.18333333333333332
time_management_perfectionism,time_management_perfectionism_57,0.0,0.8571428571428571,0.85,0.7091998828252754,0.047619047619047616,-0.16666666666666666,-0.039215686274509776,0.13105766640392436,-0.4,0.20621931260229137,1.9565625836799323,0.3
time_management_perfectionism,time_management_perfectionism_58,0.0,0.8947368421052632,0.8166666666666667,0.7311817145029269,0.15384615384615385,0.009615384615384637,0.13461538461538464,-0.25964744169586773,0.2,-0.4074074074074074,1.9363591008437706,0.36666666666666664
time_management_perfectionism,time_management_perfectionism_59,0.0,0.8222222222222222,0.8,0.8409005602672501,0.16129032258064516,0.046583850931676996,-0.046583850931676996,-0.0062371268441724775,0.2,-0.12129380053908356,2.1222705468206327,0.25
time_management_perfectionism,time_management_perfectionism_60,0.0,0.8222222222222222,0.7833333333333333,0.8014807220732498,0.11538461538461539,0.36388140161725063,-0.10416666666666666,0.06620768065168345,-0.39999999999999997,0.0,2.102599497987199,0.25
time_management_perfectionism,time_management_perfectionism_61,0.0,0.85,0.7833333333333333,0.7769788167281743,0.17857142857142858,0.08000000000000002,-0.130718954248366,0.13558353961627,0.2,-0.15999999999999998,1.916161535088686,0.3333333333333333
time_management_perfectionism,time_management_perfectionism_62,0.0,0.7111111111111111,0.7166666666666667,0.7165782277553054,0.2,0.32608695652173914,0.22094926350245497,0.22427812227618496,-0.39999999999999997,-0.16339869281045755,1.622214491447761,0.25
time_management_perfectionism,time_management_perfectionism_63,0.0,0.75,0.6666666666666666,0.6268315324438452,0.15789473684210525,0.2,-0.124223602484472,0.14721947118964682,0.0,-0.21563342318059298,1.6695877087711601,0.3333333333333333
time_management_perfectionism,time_management_perfectionism_64,0.0,0.9,0.8666666666666667,0.765783695573144,0.21428571428571427,-0.02567394094993586,-0.18518518518518517,-0.0846643307298615,-0.4,-0.0892857142857143,2.0842398847681625,0.3333333333333333
time_management_perfectionism,time_management_perfectionism_65,0.0,0.8837209302325582,0.85,0.7774507971968936,0.13333333333333333,-0.09999999999999998,-0.031096563011456635,0.20767283559300326,0.2,-0.1826923076923077,2.0768628532364493,0.2833333333333333
time_management_perfectionism,time_management_perfectionism_66,0.0,0.8205128205128205,0.8166666666666667,0.7861959372234365,0.14814814814814814,-0.15032679738562094,-0.028846153846153855,-0.4539592670958382,0.0,-0.11538461538461536,2.008058476551814,0.35
time_management_perfectionism,time_management_perfectionism_67,0.0,0.8222222222222222,0.7333333333333333,0.8194729949437689,0.1935483870967742,0.0,-0.07364975450081834,0.08193143118469222,0.2,0.10416666666666666,2.0702208523708086,0.25
time_management_perfectionism,time_management_perfectionism_68,0.0,0.8863636363636364,0.8166666666666667,0.7310621249466912,0.1724137931034483,-0.3333333333333333,-0.11801242236024845,-0.12865682448282847,-0.39999999999999997,0.021563342318059286,1.9357618733982065,0.26666666666666666
time_management_perfectionism,time_management_perfectionism_69,0.0,0.8372093023255814,0.75,0.7647954054874897,0.1111111111111111,0.14,-0.1895424836601307,-0.2554022730998243,0.0,0.05882352941176466,2.0242678049552305,0.2833333333333333
time_management_perfectionism,time_management_perfectionism_70,0.0,0.7906976744186046,0.7666666666666667,0.709529569138515,0.21428571428571427,-0.1826923076923077,0.23562152133580702,-0.16251737714154826,0.19999999999999996,-0.0357142857142857,1.903091363731426,0.2833333333333333
time_management_perfectionism,time_management_perfectionism_71,0.0,0.825,0.7833333333333333,0.7491434084561659,0.20833333333333334,-0.0888888888888889,-0.10416666666666669,-0.15497927993936672,-0.4,0.2,1.966956783147029,0.3333333333333333
time_management_perfectionism,time_management_perfectionism_72,0.0,0.8157894736842105,0.7666666666666667,0.6610834290172776,0.21739130434782608,0.27083333333333337,-0.09659090909090912,0.006387928279116208,0.19999999999999996,-0.16993464052287582,1.8289378583919143,0.36666666666666664
time_management_perfectionism,time_management_perfectionism_73,0.0,0.8095238095238095,0.7166666666666667,0.8042169255611549,0.2222222222222222,-0.088379705400982,-0.16993464052287577,0.2248223628569072,0.0,-0.32727272727272727,2.0670971637630546,0.3
time_management_perfectionism,time_management_perfectionism_74,0.0,0.8536585365853658,0.8,0.7280260611823343,0.19230769230769232,0.020833333333333315,0.38,0.3888810754234846,0.2,-0.36538461538461536,1.9973819383073221,0.31666666666666665
time_management_perfectionism,time_management_perfectionism_75,0.0,0.8863636363636364,0.85,0.746716531138665,0.11538461538461539,-0.14285714285714288,-0.18328840970350402,0.13348534353248637,-0.2,-0.19999999999999998,2.0997808453821962,0.26666666666666666
time_management_perfectionism,time_management_perfectionism_76,0.0,0.8,0.75,0.7563302688092453,0.2692307692307692,0.1484230055658627,0.07421150278293137,0.11917846066726738,-0.2,0.10416666666666669,1.8771283277508624,0.3333333333333333
time_management_perfectionism,time_management_perfectionism_77,0.0,0.8378378378378378,0.7333333333333333,0.7786395264990833,0.20689655172413793,-0.2,-0.14,-0.04802354303538701,0.0,0.020000000000000018,1.9564779444021847,0.38333333333333336
time_management_perfectionism,time_management_perfectionism_78,0.0,0.8571428571428571,0.75,0.7564570950215107,0.08,0.04166666666666663,0.088379705400982,-0.047433467027600006,0.2,-0.20192307692307693,1.9812882389606559,0.3
time_management_perfectionism,time_management_perfectionism_79,0.0,0.9047619047619048,0.7833333333333333,0.7337111726870271,0.14285714285714285,-0.16666666666666666,0.2222222222222222,-0.21988587596456247,-0.19999999999999996,0.12,1.8189505549487388,0.3
time_management_perfectionism,time_management_perfectionism_80,0.0,0.8536585365853658,0.8166666666666667,0.7297673844526654,0.11538461538461539,-0.020000000000000018,-0.15032679738562088,-0.20571310188377637,0.39999999999999997,-0.07692307692307693,1.9869337656937793,0.31666666666666665
time_management_perfectionism,time_management_perfectionism_81,0.0,0.6842105263157895,0.7166666666666667,0.7329987508994293,0.32,-0.012422360248447173,-0.10760667903525045,0.20478164829717369,-0.19999999999999996,0.09150326797385616,1.927742853189649,0.36666666666666664
time_management_perfectionism,time_management_perfectionism_82,0.0,0.7857142857142857,0.7333333333333333,0.8090325451640251,0.1,0.18923933209647492,0.12,-0.3155793814671523,0.39999999999999997,-0.05357142857142855,2.0298468708769644,0.3
time_management_perfectionism,time_management_perfectionism_83,0.0,0.7948717948717948,0.7166666666666667,0.7982264560870004,0.16,-0.11538461538461536,-0.06,0.1790318513357634,0.20000000000000007,0.06,1.9732767773392108,0.35
time_management_perfectionism,time_management_perfectionism_84,0.0,0.8611111111111112,0.7666666666666667,0.6381165348922283,0.15789473684210525,0.1781076066790352,0.04452690166975881,0.029899049170372827,-0.19999999999999996,0.125,1.7064761856173798,0.4
time_management_perfectionism,time_management_perfectionism_85,0.0,0.7446808510638298,0.7166666666666667,0.73950520759859,0.12,0.14583333333333331,0.0625,0.1640418375256886,0.4,0.04166666666666666,1.9572370991654284,0.21666666666666667
time_management_perfectionism,time_management_perfectionism_86,0.0,0.8372093023255814,0.7666666666666667,0.8210370407703387,0.1875,-0.3269230769230769,0.09999999999999998,-0.18186477646896543,0.4,-0.06710310965630112,1.9966432762606086,0.2833333333333333
time_management_perfectionism,time_management_perfectionism_87,0.0,0.8292682926829268,0.7333333333333333,0.8051354320103281,0.1724137931034483,-0.17613636363636365,0.16512059369202226,-0.5514714258664482,0.4,0.017543859649122806,2.1346047665745638,0.31666666666666665
time_management_perfectionism,time_management_perfectionism_88,0.0,0.7021276595744681,0.6333333333333333,0.7917513588668268,0.11538461538461539,-0.17839607201309327,0.09627329192546585,-0.015294125785204027,0.0,0.07816711590296493,1.9556933507757013,0.21666666666666667
time_management_perfectionism,time_management_perfectionism_89,0.0,0.8333333333333334,0.7666666666666667,0.7224384356969952,0.08695652173913043,-0.033395176252319136,0.1333333333333333,0.22835322341129086,-0.19999999999999996,-0.09150326797385622,1.855529195490526,0.3
time_management_perfectionism,time_management_perfectionism_90,0.0,0.8536585365853658,0.8166666666666667,0.7581544942157894,0.12903225806451613,-0.06666666666666665,-0.21153846153846156,0.10651960553808372,-0.39999999999999997,-0.27643784786641934,2.035585099873733,0.31666666666666665
time_management_perfectionism,time_management_perfectionism_91,0.0,0.8780487804878049,0.8166666666666667,0.8358867342453264,0.1875,0.02380952380952378,-0.05279503105590061,-0.2943218412814099,0.8,-0.07142857142857145,2.090147025332833,0.31666666666666665
time_management_perfectionism,time_management_perfectionism_92,0.0,0.8222222222222222,0.7833333333333333,0.7755451805531496,0.1111111111111111,0.0,-0.18000000000000002,0.2395468999010765,0.0,0.16363636363636366,1.897051900679971,0.25
time_management_perfectionism,time_management_perfectionism_93,0.0,0.8723404255319149,0.8166666666666667,0.7851962842535145,0.19230769230769232,0.09006211180124221,0.25,-0.19981630521857632,0.2,0.21440261865793783,2.0503126824312985,0.21666666666666667
time_management_perfectionism,time_management_perfectionism_94,0.0,0.8604651162790697,0.8,0.8206875742813274,0.1935483870967742,-0.23562152133580702,-0.055555555555555525,-0.01630372478166145,-0.4,0.14,2.1330670824365874,0.2833333333333333
time_management_perfectionism,time_management_perfectionism_95,0.0,0.717948717948718,0.7166666666666667,0.6874173773255999,0.17391304347826086,0.14238952536824878,0.08385093167701863,-0.010370870115267515,-0.2,-0.18,1.9400714083289359,0.35
time_management_perfectionism,time_management_perfectionism_96,0.0,0.8536585365853658,0.7666666666666667,0.6833245244989883,0.05,0.0575139146567718,-0.020833333333333315,-0.20629179311876658,0.0,-0.053803339517625226,1.8365235445426387,0.31666666666666665
time_management_perfectionism,time_management_perfectionism_97,0.0,0.8636363636363636,0.7666666666666667,0.7030067690569287,0.09523809523809523,0.18750000000000003,0.04582651391162029,0.19558345523305035,0.0,-0.020833333333333315,1.86098518955719,0.26666666666666666
time_management_perfectionism,time_management_perfectionism_98,0.0,0.8367346938775511,0.8,0.8207920646087772,0.125,-0.15555555555555556,-0.04575163398692808,0.33843131774380414,0.0,0.04575163398692808,2.1909769547806257,0.18333333333333332
time_management_perfectionism,time_management_perfectionism_99,0.0,0.8421052631578947,0.7333333333333333,0.6968496817222333,0.14285714285714285,0.022913256955810146,-0.06292749658002733,0.35807426342860127,0.2,0.15999999999999998,1.8283601262283413,0.36666666666666664
time_management_perfectionism,time_management_perfectionism_100,0.0,0.8666666666666667,0.8333333333333334,0.7783536841829612,0.06896551724137931,-0.12274959083469722,0.06666666666666665,-0.05705398046617354,0.0,-0.06,2.0227941223926105,0.25
time_management_perfectionism,time_management_perfectionism_101,0.0,0.9183673469387755,0.8833333333333333,0.7574896958413389,0.0,-0.14596273291925466,-0.07142857142857142,-0.12698837623585238,0.0,-0.020833333333333343,1.9381511691312778,0.18333333333333332
time_management_perfectionism,time_management_perfectionism_102,0.0,0.8780487804878049,0.8,0.8605709114462378,0.1935483870967742,-0.053803339517625226,-0.07954545454545453,-0.15879598276086218,0.2,0.14596273291925466,2.0787139164734594,0.31666666666666665
time_management_perfectionism,time_management_perfectionism_103,0.0,0.7647058823529411,0.7,0.7741023297584897,0.07407407407407407,-0.1956521739130435,0.009316770186335421,0.09836785015343631,0.2,-0.06,2.0209595048362377,0.15
time_management_perfectionism,time_management_perfectionism_104,0.0,0.8421052631578947,0.7833333333333333,0.7473885111318067,0.2413793103448276,-0.07528641571194761,-0.036363636363636376,-0.03729750627869628,-0.19999999999999996,0.23180592991913745,1.8586650521098262,0.36666666666666664
time_management_perfectionism,time_management_perfectionism_105,0.0,0.6595744680851063,0.6666666666666666,0.758877967337337,0.03571428571428571,-0.08019639934533551,0.24074074074074073,-0.3725789105977289,0.39999999999999997,0.038461538461538464,1.9043562852652378,0.21666666666666667
time_management_perfectionism,time_management_perfectionism_106,0.0,0.7555555555555555,0.7666666666666667,0.7726898568063021,0.17857142857142858,0.0,-0.18000000000000002,-0.20180143894327068,-0.6,0.06,2.0940692067061604,0.25
time_management_perfectionism,time_management_perfectionism_107,0.0,0.8333333333333334,0.7833333333333333,0.7523162113483289,0.2857142857142857,-0.17307692307692307,0.14906832298136646,0.22416745445156833,0.4,-0.21603927986906707,1.971041096828341,0.4
time_management_perfectionism,time_management_perfectionism_108,0.0,0.8048780487804879,0.75,0.7623198767390553,0.17391304347826086,-0.011456628477905073,-0.0575139146567718,-0.07131710048942871,0.0,-0.26,1.9747270174169733,0.31666666666666665
time_management_perfectionism,time_management_perfectionism_109,0.0,0.782608695652174,0.7666666666666667,0.7816865625808155,0.19230769230769232,-0.03999999999999998,-0.15955473098330242,-0.13561297838067007,0.0,0.05929919137466305,2.1107915965283,0.23333333333333334
time_management_perfectionism,time_management_perfectionism_110,0.0,0.7333333333333333,0.6833333333333333,0.7375721247775259,0.12,0.2287581699346405,0.09259259259259259,0.2559898416514298,-0.6,-0.09259259259259259,1.9217877577445373,0.25
time_management_perfectionism,time_management_perfectionism_111,0.0,0.7948717948717948,0.7666666666666667,0.8192301782587693,0.2777777777777778,0.1280148423005566,0.06,0.021303628360433455,0.2,-0.02083333333333337,2.032706594232375,0.35
time_management_perfectionism,time_management_perfectionism_112,0.0,0.7619047619047619,0.7333333333333333,0.6708251341160715,0.2727272727272727,-0.033395176252319136,-0.25,-0.26093045416617605,0.2,0.12,1.88609020417647,0.3
time_management_perfectionism,time_management_perfectionism_113,0.0,0.7727272727272727,0.7333333333333333,0.7360279345715436,0.13043478260869565,0.11873840445269018,0.020833333333333315,-0.11345106747147059,0.2,0.3181818181818182,1.8061891676060826,0.26666666666666666
time_management_perfectionism,time_management_perfectionism_114,0.047619047619047616,0.7948717948717948,0.75,0.7068746264775191,0.125,-0.022222222222222254,0.125,0.051551416555753606,-0.39999999999999997,-0.11538461538461536,1.8199032305950136,0.35
time_management_perfectionism,time_management_perfectionism_115,0.0,0.8333333333333334,0.8166666666666667,0.8026089629013116,0.21428571428571427,-0.018633540372670843,0.0625,0.11297331714527878,0.4,0.0,2.179098729569552,0.3
time_management_perfectionism,time_management_perfectionism_116,0.0,0.7619047619047619,0.7666666666666667,0.7247456429538786,0.14285714285714285,-0.09150326797385622,0.018633540372670843,0.03426939217725801,-0.4,0.30065359477124187,1.9016365855930817,0.3
time_management_perfectionism,time_management_perfectionism_117,0.0,0.8478260869565217,0.8333333333333334,0.782359586439596,0.15151515151515152,0.0027359781121751026,0.25925925925925924,0.21871267914334824,0.0,-0.07407407407407407,2.019537939706348,0.23333333333333334
time_management_perfectionism,time_management_perfectionism_118,0.0,0.7894736842105263,0.7333333333333333,0.7473225152382829,0.23809523809523808,0.04444444444444445,0.03921568627450983,-0.2492822267575759,0.2,-0.16993464052287582,1.837359820990778,0.36666666666666664
time_management_perfectionism,time_management_perfectionism_119,0.0,0.8372093023255814,0.7833333333333333,0.7946924215239308,0.09375,0.031096563011456635,0.23562152133580702,0.1313065104739073,-0.2,0.09833024118738404,2.1201228138335266,0.2833333333333333
impulsiveness,impulsiveness_0,0.5,0.0,0.0,0.5700168168225905,0.7857142857142857,0.04166666666666674,0.16666666666666674,0.14274762664168564,0.0,0.10457516339869277,0.3180883015710355,0.8
impulsiveness,impulsiveness_1,0.9090909090909091,0.0,0.0,0.4812148444595713,0.2,-0.11292962356792147,0.375,0.29000513135791617,0.4,-0.06000000000000005,0.23182332007948767,0.55
impulsiveness,impulsiveness_2,0.7619047619047619,0.0,0.0,0.49246207549709686,0.5909090909090909,0.008207934336525335,0.375,0.5101458080065865,0.0,-0.08653846153846156,0.25249067238150136,0.7
impulsiveness,impulsiveness_3,0.7,0.0,0.0,0.6561322899312206,0.5517241379310345,0.09615384615384615,0.10416666666666663,-0.15161454190449913,0.0,0.24038461538461542,0.266120583982392,0.6666666666666666
impulsiveness,impulsiveness_4,0.7837837837837838,0.0,0.0,0.5406878446625046,0.4090909090909091,-0.04166666666666663,0.14,0.021087535578832417,0.0,0.1273291925465838,0.271641348820638,0.6166666666666667
impulsiveness,impulsiveness_5,0.9545454545454546,0.0,0.0,0.500506103551848,0.6521739130434783,-0.21118012422360255,-0.16149068322981364,0.1670932638853492,-0.19999999999999996,-0.007421150278293154,0.16231235064007934,0.7333333333333333
impulsiveness,impulsiveness_6,0.75,0.0,0.0,0.43439726129477674,0.5416666666666666,-0.02735978112175097,-0.039999999999999925,-0.13847869518010625,-0.20000000000000007,0.37735849056603776,0.24699993215945473,0.6666666666666666
impulsiveness,impulsiveness_7,0.8947368421052632,0.0,0.0,0.5531833671139451,0.7037037037037037,0.27884615384615385,0.1333333333333333,-0.02141066340087121,0.4,-0.036363636363636376,0.17343641178736602,0.6333333333333333
impulsiveness,impulsiveness_8,0.5806451612903226,0.0,0.0,0.46841287612926463,0.45,0.14656771799628943,-0.045751633986928164,0.11749020674185338,0.19999999999999996,-0.08496732026143794,0.26727614688114554,0.5166666666666667
impulsiveness,impulsiveness_9,0.7368421052631579,0.0,0.0,0.4307039174573113,0.5263157894736842,-0.04444444444444451,-0.1333333333333333,0.2523527877505964,0.4,-0.14814814814814814,0.2661476048940348,0.6333333333333333
impulsiveness,impulsiveness_10,0.6216216216216216,0.0,0.0,0.5648065619601551,0.5416666666666666,-0.05900621118012428,-0.15384615384615385,-0.17833344174700158,-0.20000000000000007,-0.24534161490683232,0.2915508608323532,0.6166666666666667
impulsiveness,impulsiveness_11,0.7142857142857143,0.0,0.0,0.4610950250710116,0.6666666666666666,0.11180124223602483,-0.08837970540098206,0.26714699957320764,0.0,-0.04166666666666674,0.2439091751771677,0.7
impulsiveness,impulsiveness_12,0.9761904761904762,0.0,0.0,0.5605052307632703,0.6,0.2222222222222222,-0.05769230769230771,0.09049258589674737,-0.20000000000000007,-0.10801963993453356,0.1685042587462204,0.7
impulsiveness,impulsiveness_13,1.0,0.0,0.0,0.5555744204724022,0.6363636363636364,0.04037267080745344,0.18494271685761055,0.14223111194748234,0.0,-0.33999999999999997,0.16448905032305658,0.6833333333333333
impulsiveness,impulsiveness_14,0.9024390243902439,0.0,0.0,0.5643521969443244,0.6153846153846154,0.22670807453416142,-0.10965630114566294,-0.23302654364352285,0.20000000000000007,0.3653846153846154,0.21849226440947325,0.6833333333333333
impulsiveness,impulsiveness_15,0.9166666666666666,0.0,0.0,0.5901941772037166,0.5384615384615384,0.0,-0.05590062111801242,-0.37525230715683694,0.6,-0.03234501347708896,0.19495173834860505,0.6
impulsiveness,impulsiveness_16,0.7857142857142857,0.0,0.0,0.5825639299804614,0.6538461538461539,-0.04166666666666674,-0.05769230769230771,-0.1788064673025966,0.0,0.33333333333333337,0.23237626946054754,0.7
impulsiveness,impulsiveness_17,0.7837837837837838,0.0,0.0,0.45765142943553444,0.5,-0.05121293800539084,0.20261437908496738,-0.19716731601724455,0.4,0.11051212938005395,0.2210770979999553,0.6166666666666667
impulsiveness,impulsiveness_18,0.9787234042553191,0.0,0.0,0.5618648309750267,0.84,-0.04166666666666663,-0.2549019607843137,-0.26225192395785835,0.19999999999999996,0.10576923076923073,0.1527468510076591,0.7833333333333333
impulsiveness,impulsiveness_19,0.6904761904761905,0.0,0.0,0.4711808596662992,0.68,0.2560296846011132,0.12,-0.2019229912734121,0.4,0.05769230769230771,0.2730903298404261,0.7
impulsiveness,impulsiveness_20,0.9696969696969697,0.0,0.0,0.6236185246321412,0.3548387096774194,0.10227272727272729,0.2282003710575139,-0.0028227057563427463,0.0,0.05999999999999994,0.16261893145345313,0.55
impulsiveness,impulsiveness_21,0.6097560975609756,0.0,0.0,0.41374232637535785,0.5217391304347826,0.11111111111111116,0.28104575163398693,-0.08073458557271686,-0.39999999999999997,0.06666666666666665,0.28652283727615274,0.6833333333333333
impulsiveness,impulsiveness_22,0.918918918918919,0.0,0.0,0.5470280586126836,0.64,-0.018181818181818188,-0.0625,0.13702303648295966,0.19999999999999996,-0.07189542483660127,0.21347582818263844,0.6166666666666667
impulsiveness,impulsiveness_23,0.8333333333333334,0.0,0.0,0.5259418241501002,0.6,-0.02083333333333326,-0.1558441558441559,-0.2551894532827335,0.0,0.0,0.22163577287048317,0.6
impulsiveness,impulsiveness_24,0.8484848484848485,0.0,0.0,0.5694036306450835,0.42857142857142855,-0.25490196078431376,0.13746630727762804,-0.32876818165788324,-0.2,0.054545454545454564,0.25743544307082195,0.55
impulsiveness,impulsiveness_25,1.0,0.0,0.0,0.4367307945770805,0.5384615384615384,0.07528641571194761,-0.09164420485175206,0.10321638083904035,-0.4,-0.3935309973045822,0.16208408355760756,0.6333333333333333
impulsiveness,impulsiveness_26,0.9166666666666666,0.0,0.0,0.5941762477739476,0.5333333333333333,-0.125,0.0,-0.04081559865442052,-0.6,0.028846153846153855,0.1969896757423085,0.6
impulsiveness,impulsiveness_27,0.9767441860465116,0.0,0.0,0.5948505353035675,0.6451612903225806,0.18322981366459623,0.03109656301145669,-0.137233386494183,-0.4,-0.0026954177897573484,0.17770330813921795,0.7166666666666667
impulsiveness,impulsiveness_28,0.8913043478260869,0.0,0.0,0.4863651107667963,0.6086956521739131,0.27450980392156865,0.02083333333333337,-0.4784377617144987,0.0,-0.02083333333333337,0.20598082264158565,0.7666666666666667
impulsiveness,impulsiveness_29,0.9459459459459459,0.0,0.0,0.5248227419349668,0.5769230769230769,0.1273291925465838,-0.20000000000000007,0.1393122423521788,-0.20000000000000007,0.05555555555555547,0.1860146030474598,0.6166666666666667
impulsiveness,impulsiveness_30,0.75,0.0,0.0,0.5133712373422453,0.5909090909090909,-0.03710575139146566,-0.1454545454545455,0.21962489395270546,0.19999999999999996,-0.10416666666666663,0.2374423890044304,0.6666666666666666
impulsiveness,impulsiveness_31,0.65,0.0,0.0,0.5212642146838368,0.56,-0.04807692307692313,-0.0888888888888888,0.32542864438581615,0.4,-0.14842300556586274,0.264051572595846,0.6666666666666666
impulsiveness,impulsiveness_32,0.8636363636363636,0.0,0.0,0.4725645545491863,0.5454545454545454,0.06832298136645965,-0.14016172506738545,0.24443601259581055,0.20000000000000007,-0.02156334231805923,0.24423864400173623,0.7333333333333333
impulsiveness,impulsiveness_33,0.868421052631579,0.0,0.0,0.5822881277629595,0.6538461538461539,0.012422360248447228,-0.0037105751391465214,0.17220830623891992,0.0,-0.009615384615384581,0.22433694618354105,0.6333333333333333
impulsiveness,impulsiveness_34,0.9736842105263158,0.0,0.0,0.3967350987824403,0.6,-0.15661103979460855,0.04444444444444451,0.15737077533508187,0.0,-0.3935309973045822,0.16290704690885363,0.6333333333333333
impulsiveness,impulsiveness_35,0.9375,0.0,0.0,0.6044042711805239,0.4482758620689655,-0.23529411764705882,0.09647495361781072,0.0658644268440705,-0.19999999999999996,0.10576923076923073,0.19500518415174964,0.5333333333333333
impulsiveness,impulsiveness_36,0.7333333333333333,0.0,0.0,0.4590586232343594,0.6956521739130435,0.0,-0.12274959083469716,0.03060231449552002,-0.20000000000000007,0.0,0.24501369237074969,0.75
impulsiveness,impulsiveness_37,0.9534883720930233,0.0,0.0,0.5074130470523625,0.52,0.10000000000000009,-0.3035714285714286,0.2901319805402459,0.4,-0.0983302411873841,0.17355472236270197,0.7166666666666667
impulsiveness,impulsiveness_38,0.6744186046511628,0.0,0.0,0.5943812196243283,0.6774193548387096,0.20261437908496727,-0.038461538461538436,0.29327238544908596,0.6,0.12962962962962965,0.2708037581423606,0.7166666666666667
impulsiveness,impulsiveness_39,0.6046511627906976,0.0,0.0,0.4902985904778444,0.7391304347826086,-0.0031055900621117516,0.20964749536178107,-0.20236151827334162,-0.19999999999999996,0.10000000000000009,0.2831298198589968,0.7166666666666667
impulsiveness,impulsiveness_40,0.6904761904761905,0.0,0.0,0.5137173333184964,0.5925925925925926,0.20192307692307687,-0.14814814814814814,0.02109077408071368,0.0,0.24,0.27337140265739124,0.7
impulsiveness,impulsiveness_41,0.7368421052631579,0.0,0.0,0.49267111174302497,0.6363636363636364,-0.06292749658002739,-0.07999999999999996,0.25865449122204365,0.20000000000000007,-0.2545454545454545,0.23329809112097347,0.6333333333333333
impulsiveness,impulsiveness_42,0.8421052631578947,0.0,0.0,0.5762873045894344,0.6129032258064516,0.16993464052287588,0.21892393320964748,0.3692837111736136,0.0,-0.21892393320964748,0.23369397514259832,0.6333333333333333
impulsiveness,impulsiveness_43,0.5,0.0,0.0,0.42537475286615867,0.36363636363636365,-0.2894248608534322,-0.17307692307692313,-0.2611500193386256,0.19999999999999996,-0.24,0.31598451250244114,0.6
impulsiveness,impulsiveness_44,0.8,0.0,0.0,0.5760350170676477,0.6,-0.20833333333333331,-0.10416666666666663,-0.2155338734678244,0.0,0.4464285714285714,0.22271367953099294,0.5833333333333334
impulsiveness,impulsiveness_45,0.9473684210526315,0.0,0.0,0.5192619409224225,0.5384615384615384,0.14583333333333337,-0.09164420485175206,-0.2065991320969131,-0.8,0.03703703703703698,0.17290713886033157,0.6333333333333333
impulsiveness,impulsiveness_46,0.925,0.0,0.0,0.6572333198558623,0.6060606060606061,0.032733224222585955,0.08000000000000007,0.1305090023179964,-0.19999999999999996,-0.10416666666666663,0.19447398668510268,0.6666666666666666
impulsiveness,impulsiveness_47,0.85,0.0,0.0,0.542436072272497,0.6785714285714286,0.0,0.03710575139146566,-0.0996929780754734,0.20000000000000007,0.09615384615384615,0.20250808991289448,0.6666666666666666
impulsiveness,impulsiveness_48,0.6486486486486487,0.0,0.0,0.5170615432438801,0.48148148148148145,-0.42307692307692313,0.2962356792144026,0.09817465922746213,-0.20000000000000007,-0.13461538461538458,0.26463395682678764,0.6166666666666667
impulsiveness,impulsiveness_49,0.9487179487179487,0.0,0.0,0.6184122740045697,0.59375,0.20593692022263455,0.3725490196078432,0.22595867845380652,0.20000000000000007,0.05999999999999994,0.19460378815008625,0.65
impulsiveness,impulsiveness_50,0.7368421052631579,0.0,0.0,0.5371249301814688,0.5416666666666666,-0.08074534161490687,0.07008086253369272,-0.053077690134294725,-0.20000000000000007,-0.022913256955810146,0.2427931266418676,0.6333333333333333
impulsiveness,impulsiveness_51,0.8421052631578947,0.0,0.0,0.5848386439033799,0.5625,0.012422360248447228,0.009615384615384581,-0.014361106202309891,-0.20000000000000007,0.039215686274509776,0.22368199913807438,0.6333333333333333
impulsiveness,impulsiveness_52,0.925,0.0,0.0,0.4945143592562275,0.5652173913043478,-0.10781671159029649,0.08000000000000007,-0.20608999833970368,-0.19999999999999996,0.07421150278293143,0.19833583969444274,0.6666666666666666
impulsiveness,impulsiveness_53,0.6153846153846154,0.0,0.0,0.4969120190005647,0.6666666666666666,-0.14238952536824878,0.06000000000000005,-0.018749526322457896,0.39999999999999997,0.07277628032345018,0.29488856252644546,0.65
impulsiveness,impulsiveness_54,0.9318181818181818,0.0,0.0,0.5331508712504677,0.625,0.14402618657937805,-0.30188679245283023,-0.031214273152277382,-0.19999999999999996,0.05228758169934644,0.20357321201657547,0.7333333333333333
impulsiveness,impulsiveness_55,1.0,0.0,0.0,0.597979097897724,0.6451612903225806,-0.125,-0.019999999999999907,0.35790033619034844,0.19999999999999996,0.24183006535947704,0.1543176024551874,0.6833333333333333
impulsiveness,impulsiveness_56,0.7567567567567568,0.0,0.0,0.5447109540792613,0.5833333333333334,-0.14,-0.024118738404452666,0.0598572333717386,0.0,-0.05900621118012428,0.25914246143384806,0.6166666666666667
impulsiveness,impulsiveness_57,0.6153846153846154,0.0,0.0,0.4688113123702251,0.6086956521739131,-0.08333333333333326,-0.40384615384615385,-0.053137254352234535,0.4,0.019607843137254832,0.2809224307216524,0.65
impulsiveness,impulsiveness_58,0.6842105263157895,0.0,0.0,0.5765001101003313,0.6071428571428571,0.15909090909090906,-0.17348608837970547,-0.1755285211544963,0.6,0.20000000000000007,0.27727461519875474,0.6333333333333333
impulsiveness,impulsiveness_59,0.8536585365853658,0.0,0.0,0.4412389155331501,0.4782608695652174,-0.21153846153846156,-0.05380333951762528,0.0010900949024215325,0.0,-0.22916666666666663,0.20860471054081206,0.6833333333333333
impulsiveness,impulsiveness_60,0.875,0.0,0.0,0.5796877680676067,0.6206896551724138,-0.03710575139146566,-0.22913256955810146,-0.09525826039122154,-0.20000000000000007,-0.07272727272727275,0.20168857188336287,0.6666666666666666
impulsiveness,impulsiveness_61,0.9473684210526315,0.0,0.0,0.6199107447487996,0.4642857142857143,0.3928571428571429,0.21892393320964748,0.37924017005211824,0.20000000000000007,0.45833333333333337,0.19778674619427455,0.6333333333333333
impulsiveness,impulsiveness_62,0.6666666666666666,0.0,0.0,0.5282547914630541,0.5,-0.22916666666666669,0.18057455540355682,0.18236906364965844,0.0,0.07843137254901955,0.25962135385879326,0.6
impulsiveness,impulsiveness_63,0.8205128205128205,0.0,0.0,0.6364498058041328,0.6,-0.016697588126159513,0.009316770186335366,0.040478255257027765,0.0,0.07277628032345018,0.2093423842970681,0.65
impulsiveness,impulsiveness_64,0.925,0.0,0.0,0.49157419367691163,0.5652173913043478,0.0,-0.130718954248366,0.1768877431111262,-0.19999999999999996,-0.07272727272727275,0.2113355331397177,0.6666666666666666
impulsiveness,impulsiveness_65,0.5365853658536586,0.0,0.0,0.6288766749772622,0.6333333333333333,-0.08674304418985268,0.3333333333333333,-0.08848630037979213,0.19999999999999996,0.03504043126684642,0.2890947064072307,0.6833333333333333
impulsiveness,impulsiveness_66,0.8918918918918919,0.0,0.0,0.5582596836167181,0.5769230769230769,-0.08719851576994442,-0.024118738404452666,-0.20296413554385626,-0.4,-0.12962962962962965,0.20999749292751824,0.6166666666666667
impulsiveness,impulsiveness_67,0.9230769230769231,0.0,0.0,0.556160256110962,0.5714285714285714,0.20000000000000007,-0.2596153846153846,-0.13287366190507882,-0.6,0.05999999999999994,0.19877366030916127,0.65
impulsiveness,impulsiveness_68,0.967741935483871,0.0,0.0,0.5939215326490183,0.5925925925925926,-0.0703764320785597,0.07606679035250469,-0.1599370771507075,-0.19999999999999996,-0.020000000000000018,0.16748939601629856,0.5166666666666667
impulsiveness,impulsiveness_69,0.95,0.0,0.0,0.547360783310507,0.48,-0.14842300556586274,0.10416666666666663,0.22343278669859556,0.4,0.10416666666666663,0.20322068206163932,0.6666666666666666
impulsiveness,impulsiveness_70,0.9743589743589743,0.0,0.0,0.667263344795438,0.6052631578947368,0.02083333333333326,0.0889487870619946,-0.5852606819954616,0.4,-0.2727272727272727,0.1693480128261645,0.65
impulsiveness,impulsiveness_71,0.6486486486486487,0.0,0.0,0.5171720424933225,0.5833333333333334,0.06666666666666665,-0.2722371967654986,0.10746239568980916,-0.20000000000000007,0.3202614379084967,0.300277116199335,0.6166666666666667
impulsiveness,impulsiveness_72,0.7380952380952381,0.0,0.0,0.7051145927594246,0.6764705882352942,0.033395176252319136,-0.033395176252319136,-0.09680909567930669,-0.20000000000000007,-0.411873840445269,0.24687699827135165,0.7
impulsiveness,impulsiveness_73,0.875,0.0,0.0,0.5924858153470648,0.44,-0.16963064295485641,-0.1428571428571429,-0.04106356522250068,-0.20000000000000007,-0.10457516339869288,0.19192390542413643,0.5333333333333333
impulsiveness,impulsiveness_74,0.9743589743589743,0.0,0.0,0.47332931510373083,0.5238095238095238,0.20370370370370372,-0.054009819967266726,-0.3204964771987512,0.0,0.054009819967266726,0.21090034470251845,0.65
impulsiveness,impulsiveness_75,0.65,0.0,0.0,0.5409215989226759,0.7083333333333334,-0.14842300556586274,-0.130718954248366,0.2636254142080189,0.19999999999999996,-0.31249999999999994,0.2690325232038209,0.6666666666666666
impulsiveness,impulsiveness_76,0.725,0.0,0.0,0.39901706758814914,0.5789473684210527,0.0793650793650793,-0.20833333333333337,0.08859384761910417,0.0,-0.14842300556586274,0.2573166118992856,0.6666666666666666
impulsiveness,impulsiveness_77,0.5757575757575758,0.0,0.0,0.5346355442307067,0.4827586206896552,-0.04029304029304026,0.06521739130434778,-0.41845412904503554,0.0,-0.06000000000000005,0.25864994664320423,0.55
impulsiveness,impulsiveness_78,0.918918918918919,0.0,0.0,0.5434393353338578,0.5217391304347826,-0.07386363636363635,-0.1273291925465838,-0.2835090102406695,-0.20000000000000007,0.0625,0.17650739971309132,0.6166666666666667
impulsiveness,impulsiveness_79,0.9393939393939394,0.0,0.0,0.39397017899275244,0.5238095238095238,-0.11292962356792147,-0.08346972176759415,-0.018833992877419097,-0.19999999999999996,-0.06000000000000005,0.22430050282574215,0.55
impulsiveness,impulsiveness_80,0.7380952380952381,0.0,0.0,0.5077192019051121,0.5833333333333334,0.06818181818181823,0.08653846153846156,-0.0027951843445439095,0.0,0.0,0.2448840518659615,0.7
impulsiveness,impulsiveness_81,0.975609756097561,0.0,0.0,0.5332460160169115,0.5862068965517241,-0.14596273291925466,0.12668463611859837,-0.17897697603101334,0.0,0.16666666666666674,0.17099807298778308,0.6833333333333333
impulsiveness,impulsiveness_82,0.9166666666666666,0.0,0.0,0.41492525280844567,0.5714285714285714,0.11783960720130926,-0.2592592592592593,-0.04718234112203541,0.20000000000000007,0.2592592592592593,0.1782665477895111,0.6
impulsiveness,impulsiveness_83,0.4358974358974359,0.0,0.0,0.5526229716897447,0.56,0.08385093167701863,0.1280148423005566,0.17096047213155816,-0.4,-0.1875,0.3220116124535636,0.65
impulsiveness,impulsiveness_84,0.6153846153846154,0.0,0.0,0.651987405532741,0.6206896551724138,-0.016697588126159513,-0.051136363636363646,-0.4077403911747578,-0.20000000000000007,0.05999999999999994,0.2844689655948782,0.65
impulsiveness,impulsiveness_85,0.825,0.0,0.0,0.49878311844149614,0.52,0.032733224222585955,0.03710575139146566,0.07823055323949574,0.4,0.21563342318059298,0.2556766510282857,0.6666666666666666
impulsiveness,impulsiveness_86,0.8048780487804879,0.0,0.0,0.4486159149247322,0.7368421052631579,-0.06730769230769229,0.09999999999999998,-0.15450679490745048,0.20000000000000007,-0.0575139146567718,0.2526454025121364,0.6833333333333333
impulsiveness,impulsiveness_87,0.8043478260869565,0.0,0.0,0.4655904405875325,0.6666666666666666,-0.022727272727272707,0.11111111111111116,0.02180173256154715,-0.19999999999999996,-0.11111111111111116,0.2348007376873067,0.7666666666666667
impulsiveness,impulsiveness_88,0.8611111111111112,0.0,0.0,0.49798596233918346,0.4,0.4363636363636364,0.176759410801964,0.03890250462516777,0.4,-0.2894248608534322,0.19976045698778516,0.6
impulsiveness,impulsiveness_89,0.8157894736842105,0.0,0.0,0.5858930911791852,0.5185185185185185,0.1150278293135436,-0.09164420485175206,-0.0594939715620328,-0.20000000000000007,-0.3111111111111111,0.24041599635724217,0.6333333333333333
impulsiveness,impulsiveness_90,0.717948717948718,0.0,0.0,0.5831650434227639,0.6153846153846154,0.09461966604823746,-0.054009819967266726,0.3420700019217829,0.4,-0.17307692307692313,0.27262486572795464,0.65
impulsiveness,impulsiveness_91,0.9459459459459459,0.0,0.0,0.7096984479190441,0.45714285714285713,0.23015873015873012,0.0016366612111292644,-0.08862540556453537,0.8,0.13543599257884975,0.1845398845235139,0.6166666666666667
impulsiveness,impulsiveness_92,0.9375,0.0,0.0,0.5134903435318038,0.38461538461538464,0.25,-0.02614379084967322,0.029775879969542448,0.0,-0.2803234501347709,0.17832772621029147,0.5333333333333333
impulsiveness,impulsiveness_93,0.9411764705882353,0.0,0.0,0.5171359434956058,0.48,-0.18749999999999994,-0.09937888198757772,-0.1445308101142769,-0.4,0.28,0.18254968565875487,0.5666666666666667
impulsiveness,impulsiveness_94,0.8648648648648649,0.0,0.0,0.4867936536342057,0.625,0.0625,0.24999999999999994,-0.05471405584825289,-0.4,0.0625,0.22719606902304065,0.6166666666666667
impulsiveness,impulsiveness_95,0.9473684210526315,0.0,0.0,0.5442735080867586,0.52,-0.09659090909090906,-0.44897959183673475,-0.05436768214921083,0.4,0.27884615384615385,0.16916115368569593,0.6333333333333333
impulsiveness,impulsiveness_96,0.7857142857142857,0.0,0.0,0.5178011864551703,0.6153846153846154,-0.16993464052287577,-0.12,-0.04038734939754637,0.20000000000000007,0.05769230769230771,0.2544008880987746,0.7
impulsiveness,impulsiveness_97,0.9487179487179487,0.0,0.0,0.6506811515714673,0.4444444444444444,-0.016697588126159513,-0.07277628032345018,-0.05076552506946866,-0.4,0.23450134770889486,0.1712006755893042,0.65
impulsiveness,impulsiveness_98,0.65,0.0,0.0,0.5223155052889207,0.52,0.032733224222585955,-0.15527950310559002,-0.11723123082696042,-0.8,-0.07272727272727275,0.28727277159483144,0.6666666666666666
impulsiveness,impulsiveness_99,0.6875,0.0,0.0,0.5742318047773748,0.4642857142857143,-0.3035714285714286,-0.1428571428571429,0.40702046288771254,0.4,-0.04166666666666663,0.23890557366534113,0.5333333333333333
impulsiveness,impulsiveness_100,0.875,0.0,0.0,0.5921277160619058,0.5666666666666667,0.0888888888888888,-0.21563342318059298,-0.11625745944952838,0.0,0.09615384615384615,0.23189551545587636,0.6666666666666666
impulsiveness,impulsiveness_101,0.8974358974358975,0.0,0.0,0.7162275383505986,0.5675675675675675,-0.04418985270049092,0.06000000000000005,0.11593365856196612,0.0,0.20370370370370372,0.22734160969522096,0.65
impulsiveness,impulsiveness_102,0.8974358974358975,0.0,0.0,0.6433831275615862,0.6428571428571429,0.01851851851851849,-0.019607843137254832,-0.04970719143117394,-0.20000000000000007,-0.016697588126159513,0.1601854944241797,0.65
impulsiveness,impulsiveness_103,0.6176470588235294,0.0,0.0,0.543676352693818,0.5217391304347826,-0.137291280148423,-0.21153846153846156,-0.069485074314769,0.0,0.006211180124223614,0.24752976113671432,0.5666666666666667
impulsiveness,impulsiveness_104,0.65,0.0,0.0,0.4914825537107988,0.6,0.0,0.04807692307692313,0.049953912148143986,0.0,0.0,0.25738999043852073,0.6666666666666666
impulsiveness,impulsiveness_105,0.9772727272727273,0.0,0.0,0.6117373969941651,0.5555555555555556,-0.11801242236024845,-0.019230769230769273,0.11458246930312005,-0.19999999999999996,-0.08333333333333337,0.17581398732473788,0.7333333333333333
impulsiveness,impulsiveness_106,0.7631578947368421,0.0,0.0,0.5026790324133771,0.5185185185185185,-0.08074534161490687,-0.09164420485175206,0.2654658939517636,0.4,-0.036363636363636376,0.2338889162001561,0.6333333333333333
impulsiveness,impulsiveness_107,0.975609756097561,0.0,0.0,0.6270867756179579,0.6666666666666666,0.10965630114566294,0.2884097035040431,0.2183077120589879,-0.19999999999999996,-0.15032679738562094,0.17697187834207181,0.6833333333333333
impulsiveness,impulsiveness_108,0.8888888888888888,0.0,0.0,0.5842444866706527,0.5172413793103449,0.12938005390835583,-0.4528301886792453,0.13684537584256695,0.0,0.0,0.18894566371234936,0.6
impulsiveness,impulsiveness_109,0.7837837837837838,0.0,0.0,0.5882599327198361,0.6521739130434783,-0.21293800539083557,-0.22000000000000008,-0.02798599449049428,0.6,0.4423076923076923,0.27109971020171614,0.6166666666666667
impulsiveness,impulsiveness_110,0.9736842105263158,0.0,0.0,0.5897682714226083,0.56,-0.040000000000000036,0.08074534161490687,0.20016894925179626,-0.4,-0.15384615384615385,0.17255498322363538,0.6333333333333333
impulsiveness,impulsiveness_111,0.8809523809523809,0.0,0.0,0.5728741130687038,0.6785714285714286,-0.03921568627450989,0.03921568627450989,-0.07015920733603087,-0.6,0.12,0.2270049825286732,0.7
impulsiveness,impulsiveness_112,0.875,0.0,0.0,0.4932738071897896,0.5833333333333334,0.10416666666666663,-0.21563342318059298,0.1843606585743264,-0.6000000000000001,-0.07272727272727275,0.2106872369412615,0.6666666666666666
impulsiveness,impulsiveness_113,0.725,0.0,0.0,0.5602970995464371,0.5769230769230769,0.0,0.19999999999999996,0.13849241871029933,0.2,-0.1923076923076923,0.2682260697278263,0.6666666666666666
impulsiveness,impulsiveness_114,0.6486486486486487,0.0,0.0,0.4880027256400629,0.6956521739130435,-0.05900621118012428,-0.292962356792144,-0.08878945332274817,-0.4,-0.27884615384615385,0.26399439228408667,0.6166666666666667
impulsiveness,impulsiveness_115,0.926829268292683,0.0,0.0,0.48217465277936433,0.45454545454545453,0.16512059369202237,-0.07692307692307687,0.10273329606380355,-0.19999999999999996,0.15555555555555556,0.19039739398043737,0.6833333333333333
impulsiveness,impulsiveness_116,0.6341463414634146,0.0,0.0,0.47888325046329383,0.5,0.05380333951762528,-0.16512059369202237,0.2166230457279259,0.20000000000000007,0.011456628477905073,0.2846453303788764,0.6833333333333333
impulsiveness,impulsiveness_117,0.9705882352941176,0.0,0.0,0.5892070781927217,0.48148148148148145,0.02083333333333337,0.15633423180592992,0.10525617465247286,-0.20000000000000007,-0.3653846153846154,0.1626850936733085,0.5666666666666667
impulsiveness,impulsiveness_118,0.7435897435897436,0.0,0.0,0.5163537023658213,0.5517241379310345,0.09461966604823746,-0.42000000000000004,0.23652954365859968,0.0,-0.028846153846153855,0.23730059168294773,0.65
impulsiveness,impulsiveness_119,0.975,0.0,0.0,0.5750932160642959,0.5,-0.03710575139146566,-0.0539083557951483,0.04739403986053587,0.6000000000000001,-0.16366612111292966,0.181660471850949,0.6666666666666666
stress_overthinking,stress_overthinking_0,0.0,0.3888888888888889,0.5166666666666667,0.3946413683822794,0.29411764705882354,0.1111111111111111,-0.1781076066790352,-0.49006372523225994,-0.6000000000000001,0.1781076066790352,1.2585727629795196,0.4
stress_overthinking,stress_overthinking_1,0.0,0.5897435897435898,0.6166666666666667,0.5579604727015236,0.14285714285714285,-0.07797537619699041,-0.3173076923076923,-0.3168076840891997,-0.39999999999999997,0.4619666048237477,1.2599513924834604,0.35
stress_overthinking,stress_overthinking_2,0.0,0.6,0.55,0.6087928436908416,0.125,-0.06,0.16339869281045755,0.060601425138560996,0.4,0.08771929824561403,1.1341826061481157,0.25
stress_overthinking,stress_overthinking_3,0.0,0.5777777777777777,0.6,0.5895481215092794,0.18518518518518517,-0.2727272727272727,-0.0980392156862745,0.30558537509247957,0.0,0.4901960784313725,1.2186427998341542,0.25
stress_overthinking,stress_overthinking_4,0.0,0.48484848484848486,0.55,0.552477300820063,0.2916666666666667,0.25155279503105593,-0.18,-0.16427697949848394,0.20000000000000007,0.2991913746630728,1.1281672041785586,0.45
stress_overthinking,stress_overthinking_5,0.0,0.4358974358974359,0.5166666666666667,0.44322172434518076,0.18181818181818182,0.04418985270049103,-0.2727272727272727,-0.005362682796490938,0.0,0.24183006535947715,1.1739149450242272,0.35
stress_overthinking,stress_overthinking_6,0.0,0.5,0.6333333333333333,0.5102057475145964,0.20833333333333334,0.02083333333333337,0.019639934533551506,-0.26074582181313516,0.0,0.679245283018868,1.1928796570949534,0.4
stress_overthinking,stress_overthinking_7,0.0,0.46511627906976744,0.55,0.5530156245129016,0.19230769230769232,-0.04545454545454547,-0.031096563011456635,-0.00605373994060699,0.2,0.32614555256064687,1.1248562654818015,0.2833333333333333
stress_overthinking,stress_overthinking_8,0.0,0.4473684210526316,0.5166666666666667,0.5300200275376836,0.19230769230769232,-0.047619047619047616,0.22222222222222224,-0.05174212183486796,0.2,0.5552560646900269,1.2223222992999354,0.36666666666666664
stress_overthinking,stress_overthinking_9,0.0,0.5365853658536586,0.55,0.5522600479532964,0.14285714285714285,0.10000000000000003,-0.21999999999999997,0.20487934967565505,-0.4,0.6732026143790849,1.1449837846863369,0.31666666666666665
stress_overthinking,stress_overthinking_10,0.0,0.5641025641025641,0.6,0.5760184471915659,0.25,-0.05400981996726678,-0.054545454545454564,0.09314040913253967,0.0,0.41999999999999993,1.2382170563709758,0.35
stress_overthinking,stress_overthinking_11,0.0,0.5869565217391305,0.6166666666666667,0.4594252044980385,0.09090909090909091,-0.044444444444444425,-0.05929919137466305,0.08976150873106212,-0.6,0.16346153846153846,1.2213792492679256,0.23333333333333334
stress_overthinking,stress_overthinking_12,0.0,0.5952380952380952,0.5333333333333333,0.6101982464836974,0.12903225806451613,0.10012836970474964,-0.18923933209647492,0.010438366063995883,0.4,0.03508771929824561,1.0875907795093882,0.3
stress_overthinking,stress_overthinking_13,0.0,0.5609756097560976,0.6,0.5318795828041181,0.2,-0.020000000000000018,-0.125,-0.2438376418298999,-0.2,0.20370370370370372,1.1482495770930359,0.31666666666666665
stress_overthinking,stress_overthinking_14,0.0,0.4473684210526316,0.5333333333333333,0.42627701045867483,0.23809523809523808,-0.10123119015047877,-0.09150326797385616,-0.08926273114499625,-0.6,0.48366013071895425,1.2306151317787923,0.36666666666666664
stress_overthinking,stress_overthinking_15,0.0,0.43243243243243246,0.5333333333333333,0.5104045406210393,0.24,-0.27083333333333337,-0.14,0.12146576326674662,0.6000000000000001,0.35416666666666663,1.2109597738919422,0.38333333333333336
stress_overthinking,stress_overthinking_16,0.0,0.5555555555555556,0.5833333333333334,0.5822333715413847,0.20689655172413793,0.18300653594771243,-0.037267080745341574,-0.03567439585060339,0.2,0.48000000000000004,1.283156841661228,0.4
stress_overthinking,stress_overthinking_17,0.0,0.5,0.5833333333333334,0.4888442720464501,0.4583333333333333,-0.25000000000000006,-0.02614379084967322,0.058266450465275114,0.4,0.5333333333333333,1.2535877985923278,0.5333333333333333
stress_overthinking,stress_overthinking_18,0.0,0.4358974358974359,0.5333333333333333,0.540109502512898,0.25806451612903225,0.1280148423005566,0.11538461538461536,0.040155087161560465,0.0,0.54,1.2590895243339053,0.35
stress_overthinking,stress_overthinking_19,0.0,0.575,0.5833333333333334,0.5681237888682867,0.2,-0.15527950310559005,0.0,-0.231598290713317,-0.4,0.392156862745098,1.213688739506943,0.3333333333333333
stress_overthinking,stress_overthinking_20,0.0,0.575,0.5833333333333334,0.6360628482940734,0.2413793103448276,0.0,-0.027359781121751026,-0.15590002592940294,-0.2,0.43999999999999995,1.2334382622836533,0.3333333333333333
stress_overthinking,stress_overthinking_21,0.0,0.43902439024390244,0.55,0.5010719989019277,0.30434782608695654,-0.053803339517625226,0.08333333333333331,-0.2828385394468301,0.0,0.6442307692307692,1.2113955593118606,0.31666666666666665
stress_overthinking,stress_overthinking_22,0.0,0.4594594594594595,0.5166666666666667,0.4779916591424905,0.2857142857142857,-0.04240766073871405,0.024118738404452666,-0.17034274388552537,0.39999999999999997,0.5324675324675325,1.2040822885894573,0.38333333333333336
stress_overthinking,stress_overthinking_23,0.0,0.6470588235294118,0.6833333333333333,0.6187944731647494,0.27586206896551724,-0.020833333333333315,0.16000000000000003,0.5500790167927784,0.20000000000000007,0.45962732919254656,1.3454739165663878,0.43333333333333335
stress_overthinking,stress_overthinking_24,0.0,0.3103448275862069,0.43333333333333335,0.4609318707243612,0.2916666666666667,0.045751633986928164,0.1873840445269016,0.256264374362306,0.19999999999999996,0.41346153846153844,1.1580349740942601,0.5166666666666667
stress_overthinking,stress_overthinking_25,0.0,0.46153846153846156,0.55,0.6270813830622829,0.25,0.009316770186335421,0.28104575163398693,0.2989436353914687,0.2,0.5732838589981448,1.2083670372117394,0.35
stress_overthinking,stress_overthinking_26,0.0,0.46153846153846156,0.5333333333333333,0.4751556693501974,0.18181818181818182,0.009316770186335421,-0.1111111111111111,-0.12116816617202396,0.19999999999999996,0.6339869281045751,1.205636830593416,0.35
stress_overthinking,stress_overthinking_27,0.0,0.7105263157894737,0.6333333333333333,0.48501658247307494,0.2916666666666667,0.022913256955810146,0.03921568627450983,0.14591781213279525,0.0,0.52,1.3001384451040312,0.36666666666666664
stress_overthinking,stress_overthinking_28,0.0,0.5348837209302325,0.55,0.4708700943711144,0.15384615384615385,0.2274959083469722,0.32075471698113206,0.2368756759085523,0.0,0.5816993464052288,1.2108187701618247,0.2833333333333333
stress_overthinking,stress_overthinking_29,0.0,0.5555555555555556,0.6,0.6817850772045663,0.09090909090909091,-0.15555555555555553,-0.046583850931676996,-0.1789133960369506,0.0,0.2021563342318059,1.219545937151769,0.25
stress_overthinking,stress_overthinking_30,0.0,0.6410256410256411,0.65,0.6312598465730845,0.24,0.2888198757763975,-0.24183006535947715,-0.11739467551728985,0.6,0.1111111111111111,1.3700731578158554,0.35
stress_overthinking,stress_overthinking_31,0.0,0.40476190476190477,0.4166666666666667,0.5408186265362354,0.10714285714285714,0.01704545454545453,-0.039215686274509776,-0.28477810293621914,-0.2,0.38596491228070173,1.0363057627918535,0.3
stress_overthinking,stress_overthinking_32,0.0,0.525,0.55,0.6619227084266273,0.2727272727272727,0.1484230055658627,0.0,-0.05853031920154262,0.39999999999999997,0.5090909090909091,1.1208895255241533,0.3333333333333333
stress_overthinking,stress_overthinking_33,0.0,0.5,0.5,0.5401532601717375,0.16666666666666666,0.07936507936507936,-0.03710575139146571,0.23253707843086155,0.19999999999999996,0.33653846153846156,1.1435413824434923,0.3333333333333333
stress_overthinking,stress_overthinking_34,0.0,0.717948717948718,0.6833333333333333,0.4066945727336526,0.2,0.08333333333333337,0.018518518518518545,-0.17067756179166435,0.4,0.2727272727272727,1.2234914049306753,0.35
stress_overthinking,stress_overthinking_35,0.0,0.6666666666666666,0.7,0.513384767042026,0.32,-0.29166666666666663,-0.125,0.31781293710020714,0.0,0.5909712722298222,1.3844250157592064,0.4
stress_overthinking,stress_overthinking_36,0.0,0.6585365853658537,0.6333333333333333,0.47524356858376476,0.2916666666666667,-0.11354309165526677,0.053803339517625226,0.39387286919577247,-0.2,0.5027829313543599,1.2435476044439358,0.31666666666666665
stress_overthinking,stress_overthinking_37,0.0,0.5263157894736842,0.6,0.4846097796283843,0.15384615384615385,-0.1833105335157319,-0.3302411873840445,0.4255932422195894,0.2,0.4423076923076923,1.2209056487670833,0.36666666666666664
stress_overthinking,stress_overthinking_38,0.0,0.4358974358974359,0.55,0.66451217116666,0.18181818181818182,0.14238952536824878,-0.2727272727272727,-0.08435377996519698,0.0,0.7358490566037736,1.1652368737261378,0.35
stress_overthinking,stress_overthinking_39,0.0,0.5757575757575758,0.6,0.5606958087545123,0.2916666666666667,-0.0834697217675941,0.04166666666666663,-0.14467906794132557,-0.2,0.5163398692810457,1.2480532108830278,0.45
stress_overthinking,stress_overthinking_40,0.0,0.6153846153846154,0.6166666666666667,0.5185959368162579,0.21428571428571427,0.06,0.18,0.14566405295747867,0.6,0.35064935064935066,1.2429549936837339,0.35
stress_overthinking,stress_overthinking_41,0.0,0.6458333333333334,0.6166666666666667,0.5775886568918951,0.07142857142857142,0.20496894409937888,-0.1374795417348609,-0.14180011318917668,-0.2,0.2875816993464052,1.2466135446639368,0.2
stress_overthinking,stress_overthinking_42,0.0,0.6363636363636364,0.6,0.549435278326165,0.2727272727272727,0.2282003710575139,0.23076923076923078,-0.15676414166888997,0.0,0.2549019607843137,1.1718016921231358,0.45
stress_overthinking,stress_overthinking_43,0.0,0.35135135135135137,0.4166666666666667,0.5187768399483726,0.3076923076923077,0.041666666666666685,-0.21293800539083557,-0.007776224231300804,0.0,0.5,1.1788132627503762,0.38333333333333336
stress_overthinking,stress_overthinking_44,0.0,0.6216216216216216,0.6,0.5352949412237958,0.21739130434782608,0.041666666666666685,-0.020000000000000018,-0.23859419538528945,0.6,0.21293800539083557,1.2018424237526744,0.38333333333333336
stress_overthinking,stress_overthinking_45,0.0,0.4444444444444444,0.5333333333333333,0.446014013314608,0.3333333333333333,-0.04452690166975881,0.0784313725490196,-0.24736741593842423,0.6000000000000001,0.2894248608534323,1.212435265806703,0.4
stress_overthinking,stress_overthinking_46,0.0,0.5,0.5333333333333333,0.5095565260178976,0.3333333333333333,-0.0784313725490196,-0.24,0.1744682036746242,0.19999999999999996,0.5120593692022264,1.1882468036198393,0.4
stress_overthinking,stress_overthinking_47,0.0,0.6842105263157895,0.6833333333333333,0.6590410151037523,0.30303030303030304,-0.047619047619047616,-0.009615384615384637,0.04403742391462456,0.0,0.5552560646900269,1.2355079041919896,0.36666666666666664
stress_overthinking,stress_overthinking_48,0.0,0.5405405405405406,0.5333333333333333,0.5305351119223778,0.2727272727272727,-0.125,-0.07189542483660127,0.4020575403878362,0.6,0.6607142857142857,1.0845282033218153,0.38333333333333336
stress_overthinking,stress_overthinking_49,0.0,0.7894736842105263,0.8,0.643082323011225,0.23529411764705882,-0.15909090909090912,-0.040000000000000036,-0.2514948751946052,-0.39999999999999997,0.3111111111111111,1.4580166697743642,0.36666666666666664
stress_overthinking,stress_overthinking_50,0.0,0.5161290322580645,0.48333333333333334,0.507950392994125,0.30434782608695654,-0.35185185185185186,-0.30124223602484473,0.2789996014264837,-0.4,0.4771241830065359,1.1611873632707905,0.48333333333333334
stress_overthinking,stress_overthinking_51,0.0,0.5952380952380952,0.6,0.48684881232148025,0.2727272727272727,-0.12,-0.07792207792207795,-0.19924996485104743,0.19999999999999996,0.48,1.2135978755904369,0.3
stress_overthinking,stress_overthinking_52,0.0,0.43902439024390244,0.55,0.6005504495476945,0.27586206896551724,-0.06666666666666665,0.13354037267080746,0.05174134726812587,0.2,0.5,1.2471894458454993,0.31666666666666665
stress_overthinking,stress_overthinking_53,0.0,0.4634146341463415,0.5666666666666667,0.5054655457509687,0.25925925925925924,-0.17613636363636365,-0.019607843137254888,-0.2139476229831713,0.0,0.5800000000000001,1.1799769593956422,0.31666666666666665
stress_overthinking,stress_overthinking_54,0.0,0.4634146341463415,0.5,0.580061194533445,0.17857142857142858,-0.06666666666666665,0.24183006535947715,0.2910928095951452,0.4,0.3914656771799629,1.224063154108006,0.31666666666666665
stress_overthinking,stress_overthinking_55,0.0,0.5853658536585366,0.6166666666666667,0.6185524395656624,0.2,-0.18750000000000003,0.055555555555555525,0.19682528986155687,-0.2,0.5,1.210080229488126,0.31666666666666665
stress_overthinking,stress_overthinking_56,0.0,0.47058823529411764,0.5333333333333333,0.4899081289262442,0.23809523809523808,0.21245421245421242,0.11764705882352944,0.20596664330517378,-0.4,0.47124304267161415,1.2184406494825246,0.43333333333333335
stress_overthinking,stress_overthinking_57,0.0,0.55,0.55,0.6888159156976789,0.20689655172413793,-0.1309328968903437,-0.04807692307692307,-0.46456845691485166,-0.20000000000000007,0.31250000000000006,1.1841513456641986,0.3333333333333333
stress_overthinking,stress_overthinking_58,0.0,0.5428571428571428,0.5666666666666667,0.40855015265805067,0.3181818181818182,0.0,0.23636363636363633,0.4208444398909413,0.0,0.3803339517625232,1.1917808474001006,0.4166666666666667
stress_overthinking,stress_overthinking_59,0.0,0.5348837209302325,0.6,0.5844902000185349,0.1935483870967742,0.019999999999999962,-0.18944099378881984,-0.31039858809430765,-0.2,0.74,1.260528973576791,0.2833333333333333
stress_overthinking,stress_overthinking_60,0.0,0.4090909090909091,0.43333333333333335,0.5323513857786718,0.19230769230769232,-0.3018867924528302,-0.03999999999999998,-0.00596781890464676,0.2,0.34501347708894875,1.1387557008425555,0.26666666666666666
stress_overthinking,stress_overthinking_61,0.0,0.5333333333333333,0.5333333333333333,0.6399667952530756,0.15384615384615385,-0.08348794063079779,0.18000000000000002,0.19436879711031824,0.0,0.4326923076923077,1.1105726110760394,0.25
stress_overthinking,stress_overthinking_62,0.0,0.5227272727272727,0.55,0.6503311552297516,0.15151515151515152,0.18750000000000003,0.18300653594771243,0.12696134423799404,0.2,0.3413729128014842,1.223072858962151,0.26666666666666666
stress_overthinking,stress_overthinking_63,0.0,0.34285714285714286,0.43333333333333335,0.5243027128799359,0.16666666666666666,0.1576994434137291,-0.25368248772504093,-0.44002123972532986,0.2,0.4500818330605565,1.1325030263548392,0.4166666666666667
stress_overthinking,stress_overthinking_64,0.0,0.5,0.5666666666666667,0.5768361348560491,0.3333333333333333,0.125,-0.0323450134770889,0.46033603641195,-0.6000000000000001,0.5031055900621118,1.2372940671648227,0.4
stress_overthinking,stress_overthinking_65,0.0,0.5384615384615384,0.55,0.4974768030636368,0.3076923076923077,-0.08385093167701863,0.28104575163398693,0.4903274272321421,0.0,0.5732838589981448,1.1588194517112984,0.35
stress_overthinking,stress_overthinking_66,0.0,0.4444444444444444,0.55,0.5464680928529523,0.2916666666666667,0.07855973813420625,0.05590062111801242,0.28507754808933433,-0.39999999999999997,0.5751633986928104,1.1779062189214529,0.4
stress_overthinking,stress_overthinking_67,0.0,0.5405405405405406,0.5833333333333334,0.543651079250451,0.24,0.14583333333333331,0.21999999999999997,-0.19274992891806836,-0.6000000000000001,0.020000000000000018,1.3015648062758414,0.38333333333333336
stress_overthinking,stress_overthinking_68,0.0,0.6382978723404256,0.65,0.5901147032650514,0.11538461538461539,0.09006211180124221,-0.006535947712418277,-0.3426682679044931,0.2,0.3035714285714286,1.1638588693837597,0.21666666666666667
stress_overthinking,stress_overthinking_69,0.0,0.4358974358974359,0.55,0.46586674114263976,0.391304347826087,-0.125,-0.06,-0.2026318287534071,0.4,0.6846011131725417,1.250642910293219,0.35
stress_overthinking,stress_overthinking_70,0.0,0.6923076923076923,0.7166666666666667,0.6117531825779816,0.22857142857142856,0.4123989218328841,-0.016697588126159568,0.4256984194418665,0.19999999999999996,0.4145006839945281,1.4487808444160415,0.35
stress_overthinking,stress_overthinking_71,0.0,0.6052631578947368,0.7333333333333333,0.5218837767879474,0.15384615384615385,-0.10559006211180127,0.10559006211180127,0.2643209524968904,-0.2,0.4375,1.3395193947302124,0.36666666666666664
stress_overthinking,stress_overthinking_72,0.0,0.5428571428571428,0.6333333333333333,0.5307805249401029,0.2962962962962963,-0.09803921568627455,-0.10869565217391303,-0.14478665331615878,0.6000000000000001,0.4500818330605565,1.3723156706656974,0.4166666666666667
stress_overthinking,stress_overthinking_73,0.0,0.6511627906976745,0.65,0.6114786966130757,0.16666666666666666,0.12929623567921444,0.1111111111111111,0.1272910587316578,-0.2,0.12727272727272732,1.257538830526555,0.2833333333333333
stress_overthinking,stress_overthinking_74,0.0,0.6666666666666666,0.6666666666666666,0.5303357154247599,0.23076923076923078,0.07855973813420625,-0.125,-0.034941580195861945,0.39999999999999997,0.40074211502782936,1.2204230358921657,0.4
stress_overthinking,stress_overthinking_75,0.0,0.2972972972972973,0.4666666666666667,0.486309740901449,0.3333333333333333,0.19803600654664483,0.12732919254658387,-0.08574191001237594,0.39999999999999997,0.6981132075471699,1.1271320429911362,0.38333333333333336
stress_overthinking,stress_overthinking_76,0.0,0.6829268292682927,0.65,0.5210470680087542,0.14285714285714285,0.21153846153846156,0.24183006535947715,0.2887419629034261,0.2,0.12668463611859837,1.2425367424768043,0.31666666666666665
stress_overthinking,stress_overthinking_77,0.0,0.45714285714285713,0.55,0.41143858987923465,0.19047619047619047,0.0326797385620915,0.0649350649350649,-0.08545486584664688,0.19999999999999996,0.6029684601113172,1.1897726446272527,0.4166666666666667
stress_overthinking,stress_overthinking_78,0.0,0.6304347826086957,0.6166666666666667,0.5618924906999259,0.25,0.22710622710622708,-0.019230769230769218,-0.1578594319270825,0.4,0.2962962962962963,1.2182834615705682,0.23333333333333334
stress_overthinking,stress_overthinking_79,0.0,0.475,0.48333333333333334,0.48128647778962513,0.16666666666666666,0.031055900621118016,0.0,0.4067921215139906,0.0,0.2909090909090909,1.091379895074456,0.3333333333333333
stress_overthinking,stress_overthinking_80,0.0,0.5641025641025641,0.55,0.5705470233135219,0.22580645161290322,0.1280148423005566,-0.1111111111111111,-0.22259627247383715,-0.4,0.6339869281045751,1.1064955770945475,0.35
stress_overthinking,stress_overthinking_81,0.0,0.6190476190476191,0.6333333333333333,0.5430616643799321,0.14285714285714285,0.01704545454545453,0.033395176252319136,-0.3142212629372569,0.2,0.375,1.320919980316132,0.3
stress_overthinking,stress_overthinking_82,0.0,0.525,0.55,0.5985717705019568,0.16129032258064516,0.10781671159029649,0.15999999999999998,0.20033505765085793,0.4,0.4807692307692308,1.1669333491511795,0.3333333333333333
stress_overthinking,stress_overthinking_83,0.0,0.4594594594594595,0.5,0.3267349577030063,0.11764705882352941,-0.24675324675324672,-0.020000000000000018,-0.15129938194840237,0.19999999999999996,-0.15384615384615385,1.1312668989244794,0.38333333333333336
stress_overthinking,stress_overthinking_84,0.0,0.6578947368421053,0.65,0.6457357733283197,0.2857142857142857,-0.003710575139146577,-0.0625,0.1378728617389866,-0.4,0.2222222222222222,1.2374296863348,0.36666666666666664
stress_overthinking,stress_overthinking_85,0.0,0.4523809523809524,0.5,0.4885148727019161,0.13636363636363635,0.30065359477124187,-0.24,0.3295591966839841,0.39999999999999997,0.5925925925925927,1.1808235734275945,0.3
stress_overthinking,stress_overthinking_86,0.0,0.4634146341463415,0.5666666666666667,0.5127713034237101,0.25,0.22916666666666669,-0.019607843137254888,0.021031132825957984,0.2,0.5800000000000001,1.2660317846437354,0.31666666666666665
stress_overthinking,stress_overthinking_87,0.0,0.47058823529411764,0.48333333333333334,0.665707462774441,0.36363636363636365,0.1333333333333333,-0.29166666666666663,0.29845676648199115,0.19999999999999996,0.6181818181818182,1.1728222536982686,0.43333333333333335
stress_overthinking,stress_overthinking_88,0.0,0.5238095238095238,0.5666666666666667,0.4169652580099413,0.1,0.4313725490196078,-0.46900269541778977,0.05757593649031136,-0.4,0.75,1.1462267807029014,0.3
stress_overthinking,stress_overthinking_89,0.0,0.5227272727272727,0.5333333333333333,0.6138437108670304,0.12,0.18750000000000003,0.05228758169934644,0.2858874278674478,-0.2,-0.14016172506738545,1.1255348550068958,0.26666666666666666
stress_overthinking,stress_overthinking_90,0.0,0.5526315789473685,0.6,0.5902264404957986,0.2222222222222222,-0.003710575139146577,-0.15384615384615385,0.04345418988783146,0.19999999999999996,0.16666666666666669,1.2665450412569141,0.36666666666666664
stress_overthinking,stress_overthinking_91,0.0,0.5294117647058824,0.5166666666666667,0.5676608406709275,0.17391304347826086,-0.14285714285714285,-0.22115384615384615,0.17584319925223332,0.4,0.4444444444444445,1.1796544072608441,0.43333333333333335
stress_overthinking,stress_overthinking_92,0.0,0.4722222222222222,0.5666666666666667,0.4859471646403632,0.3157894736842105,0.02083333333333337,-0.18300653594771243,0.06834794119919298,-0.19999999999999996,0.2962962962962963,1.2119653995433777,0.4
stress_overthinking,stress_overthinking_93,0.0,0.6842105263157895,0.7,0.5827264775468654,0.2413793103448276,-0.13461538461538464,0.08000000000000002,-0.08255536733407111,0.2,0.27999999999999997,1.3019239488375594,0.36666666666666664
stress_overthinking,stress_overthinking_94,0.0,0.3333333333333333,0.45,0.44489011910601517,0.24,-0.11938382541720155,-0.05769230769230771,-0.14337599166558698,0.0,0.38562091503267976,1.1503782848322788,0.45
stress_overthinking,stress_overthinking_95,0.0,0.6451612903225806,0.7,0.5559503590005539,0.2608695652173913,-0.32242225859247137,0.125,-0.4869290779535434,0.0,0.5111111111111111,1.3688545177578666,0.48333333333333334
stress_overthinking,stress_overthinking_96,0.0,0.7105263157894737,0.6666666666666666,0.6141431901053204,0.36666666666666664,0.3333333333333333,-0.15999999999999998,-0.1695100315260323,-0.6000000000000001,0.39999999999999997,1.2393472587168661,0.36666666666666664
stress_overthinking,stress_overthinking_97,0.0,0.5128205128205128,0.5166666666666667,0.5793383387444015,0.2727272727272727,-0.28104575163398693,0.051136363636363646,0.0310644313426994,0.0,0.54,1.1842542205654207,0.35
stress_overthinking,stress_overthinking_98,0.0,0.38461538461538464,0.43333333333333335,0.5557492479415117,0.27586206896551724,-0.3486088379705401,-0.23933209647495357,-0.22989365097484663,0.0,0.41999999999999993,1.2259511183497156,0.35
stress_overthinking,stress_overthinking_99,0.0,0.5263157894736842,0.5833333333333334,0.5974018061360352,0.27586206896551724,0.27083333333333337,-0.0625,-0.15931931633786275,-0.19999999999999996,0.6909090909090909,1.1864467407140145,0.36666666666666664
stress_overthinking,stress_overthinking_100,0.0,0.5952380952380952,0.5833333333333334,0.48345515169481806,0.125,0.10801963993453356,0.24000000000000002,0.145053663110397,0.2,0.6634615384615384,1.2151289748693894,0.3
stress_overthinking,stress_overthinking_101,0.0,0.6571428571428571,0.7166666666666667,0.4596727617572463,0.2608695652173913,0.03968253968253965,0.05681818181818182,-0.1830029831319884,0.39999999999999997,0.5208333333333334,1.3892259806124234,0.4166666666666667
stress_overthinking,stress_overthinking_102,0.0,0.5128205128205128,0.6166666666666667,0.49147089610744743,0.22727272727272727,0.10248447204968941,0.09461966604823752,-0.01834589407995566,0.0,0.6339869281045751,1.3064809655080083,0.35
stress_overthinking,stress_overthinking_103,0.0,0.4090909090909091,0.43333333333333335,0.5122352793112678,0.18181818181818182,0.11801242236024845,-0.18328840970350402,0.16622958222453096,0.0,0.5067385444743935,1.1096975244729703,0.26666666666666666
stress_overthinking,stress_overthinking_104,0.0,0.4634146341463415,0.55,0.6489034197021522,0.23529411764705882,0.020833333333333315,-0.21999999999999997,0.1408804807899876,-0.2,0.38888888888888884,1.1713721046409753,0.31666666666666665
stress_overthinking,stress_overthinking_105,0.0,0.5365853658536586,0.5166666666666667,0.7209895250855327,0.25,-0.22115384615384615,0.07692307692307693,0.15291235301860828,-0.39999999999999997,0.21999999999999997,1.1951512257915047,0.31666666666666665
stress_overthinking,stress_overthinking_106,0.0,0.6388888888888888,0.5833333333333334,0.5357213522697539,0.2692307692307692,-0.08333333333333337,0.39583333333333337,0.484191885307541,-0.2,0.3557951482479785,1.1070520628764142,0.4
stress_overthinking,stress_overthinking_107,0.0,0.4473684210526316,0.45,0.3853991920896586,0.2222222222222222,-0.003710575139146577,-0.15999999999999998,-0.11263702554296244,0.8,0.3333333333333333,1.143581608657697,0.36666666666666664
stress_overthinking,stress_overthinking_108,0.0,0.5128205128205128,0.5333333333333333,0.5107879318555999,0.07692307692307693,0.08618331053351569,-0.1280148423005566,-0.25778686914198495,-0.19999999999999996,0.49090909090909096,1.1186806300402206,0.35
stress_overthinking,stress_overthinking_109,0.0,0.6764705882352942,0.6333333333333333,0.48215580755766413,0.3684210526315789,-0.006211180124223614,0.062193126022913214,0.17168303460661252,0.0,0.18181818181818182,1.1821601382696516,0.43333333333333335
stress_overthinking,stress_overthinking_110,0.0,0.5151515151515151,0.5666666666666667,0.6197255013662494,0.3333333333333333,0.005565862708719838,0.06666666666666665,-0.32655303236911287,0.19999999999999996,0.6226415094339622,1.1405489037483931,0.45
stress_overthinking,stress_overthinking_111,0.0,0.5405405405405406,0.5833333333333334,0.529295544997534,0.1111111111111111,-0.09656301145662843,-0.09983633387888707,-0.3033341627132513,0.0,0.33850931677018636,1.289532857858809,0.38333333333333336
stress_overthinking,stress_overthinking_112,0.0,0.5625,0.5333333333333333,0.6589460682943726,0.2413793103448276,0.14583333333333337,0.12615955473098328,0.15051443940263076,0.2,0.3269230769230769,1.2204635453991923,0.4666666666666667
stress_overthinking,stress_overthinking_113,0.0,0.5128205128205128,0.5833333333333334,0.5265570084193639,0.2962962962962963,0.034090909090909116,0.18,0.23583039914757012,0.19999999999999996,0.7647058823529411,1.2434476955612532,0.35
stress_overthinking,stress_overthinking_114,0.0,0.5277777777777778,0.5166666666666667,0.6589596817386586,0.3125,-0.11783960720130932,-0.037267080745341574,-0.15221110744244742,-0.2,0.5175202156334231,1.0827851934456494,0.4
stress_overthinking,stress_overthinking_115,0.0,0.5853658536585366,0.6666666666666666,0.5478810254274761,0.14285714285714285,0.0575139146567718,-0.15032679738562088,-0.023108268805963724,-0.39999999999999997,0.4375,1.2661088699973226,0.31666666666666665
stress_overthinking,stress_overthinking_116,0.0,0.45454545454545453,0.5333333333333333,0.6392215792160872,0.2413793103448276,0.11801242236024845,-0.0248447204968944,-0.008717051067781954,0.0,0.5818181818181819,1.178402721702576,0.26666666666666666
stress_overthinking,stress_overthinking_117,0.0,0.45,0.5,0.5213426527509888,0.13793103448275862,0.1923076923076923,0.1855287569573284,-0.17024640711919187,-0.2,0.625,1.1255377469839332,0.3333333333333333
stress_overthinking,stress_overthinking_118,0.0,0.525,0.65,0.5657696901697855,0.17857142857142858,0.0,0.06211180124223603,0.18597680687569476,0.19999999999999996,0.56,1.160696052315628,0.3333333333333333
stress_overthinking,stress_overthinking_119,0.0,0.43243243243243246,0.5833333333333334,0.5061567608259817,0.25,0.19851576994434134,-0.13461538461538464,0.160027756269336,0.2,0.5673076923076923,1.274919012128393,0.38333333333333336
typical,typical_0,0.0,0.4489795918367347,0.48333333333333334,0.5405389828270245,0.04,0.13999999999999999,0.04582210242587603,0.27920154545198966,0.2,-0.1,1.054990886968011,0.18333333333333332
typical,typical_1,0.0,0.425,0.45,0.4026341885430268,0.14285714285714285,0.14204545454545453,0.13071895424836605,0.3446668435904084,0.0,-0.4,1.0490095344424468,0.3333333333333333
typical,typical_2,0.0,0.42857142857142855,0.43333333333333335,0.4327066121960746,0.21052631578947367,0.13333333333333336,-0.4074074074074074,-0.2192622713061567,0.0,-0.1778975741239892,1.0263801988648746,0.3
typical,typical_3,0.0,0.6842105263157895,0.6333333333333333,0.5707614833875873,0.14285714285714285,0.031746031746031744,-0.13333333333333336,-0.0643428617604349,0.6000000000000001,-0.14583333333333331,1.121602410514605,0.36666666666666664
typical,typical_4,0.0,0.4883720930232558,0.5,0.4693977028325358,0.12,-0.12430426716141002,0.14583333333333334,-0.06915985939820345,0.2,-0.07189542483660133,1.0389181109090713,0.2833333333333333
typical,typical_5,0.0,0.5319148936170213,0.55,0.6798729798179532,0.125,-0.08019639934533551,0.25,-0.14727610021500143,0.0,0.12962962962962962,1.0732231890516297,0.21666666666666667
typical,typical_6,0.0,0.43478260869565216,0.48333333333333334,0.5948167410502518,0.16,-0.044444444444444425,0.01307189542483661,0.07074473865722579,-0.2,-0.10242587601078168,1.0201842184044676,0.23333333333333334
typical,typical_7,0.0,0.43902439024390244,0.48333333333333334,0.5522922663608641,0.15384615384615385,-0.020000000000000018,-0.10000000000000003,0.2853129269067898,-0.2,-0.08333333333333331,1.039492331035429,0.31666666666666665
typical,typical_8,0.0,0.5,0.5166666666666667,0.5458193875358133,0.19230769230769232,0.130718954248366,0.13071895424836605,-0.13084786054131706,-0.6000000000000001,-0.09615384615384615,1.0680809172846257,0.3333333333333333
typical,typical_9,0.0,0.55,0.6,0.621327509475309,0.14285714285714285,-0.15999999999999998,-0.1923076923076923,0.01631881156794925,-0.2,-0.20833333333333334,1.1112627635748906,0.3333333333333333
typical,typical_10,0.0,0.47619047619047616,0.48333333333333334,0.48921355028195734,0.09523809523809523,-0.18657937806873975,0.0625,-0.029941995379441762,-0.4,0.30065359477124187,1.0354970193180455,0.3
typical,typical_11,0.0,0.5476190476190477,0.5166666666666667,0.5628708537712589,0.11538461538461539,0.25,0.1778975741239892,0.16509383531151461,0.0,-0.088379705400982,1.0188122569975107,0.3
typical,typical_12,0.0,0.5238095238095238,0.45,0.3705450666443766,0.125,0.04166666666666663,0.16666666666666666,-0.10933465289513106,-0.2,0.2222222222222222,1.0280435590218848,0.3
typical,typical_13,0.0,0.5555555555555556,0.5333333333333333,0.5838144837406559,0.13333333333333333,-0.08348794063079779,-0.046583850931676996,0.051526522889613034,-0.2,0.36388140161725063,1.0507264326073686,0.25
typical,typical_14,0.0,0.43478260869565216,0.48333333333333334,0.5273499586481427,0.125,0.019230769230769218,0.03999999999999998,0.21672036378475298,-0.39999999999999997,0.07999999999999999,1.0439996922662604,0.23333333333333334
typical,typical_15,0.0,0.5,0.5,0.5949172516951978,0.22580645161290322,-0.08333333333333337,-0.06679035250463822,0.2711308505256428,0.19999999999999996,0.3557951482479785,1.0444021181179197,0.4
typical,typical_16,0.0,0.3409090909090909,0.4,0.5191234963055898,0.21428571428571427,-0.0727272727272727,-0.021563342318059286,-0.22271761692924671,0.0,0.0784313725490196,0.9942558211324889,0.26666666666666666
typical,typical_17,0.0,0.5384615384615384,0.4666666666666667,0.5170785949344191,0.2,0.10248447204968941,-0.17307692307692307,0.1549528141804609,-0.4,0.1111111111111111,1.0259148261303161,0.35
typical,typical_18,0.0,0.6052631578947368,0.55,0.5849972971543119,0.23333333333333334,0.08074534161490682,0.14583333333333331,-0.07577524293967136,0.0,0.14814814814814814,1.1004830388982718,0.36666666666666664
typical,typical_19,0.0,0.4,0.4,0.5834374003287616,0.10344827586206896,-0.24444444444444446,-0.022222222222222227,-0.09178065315043878,0.0,0.2021563342318059,1.0283465417600013,0.25
typical,typical_20,0.0,0.5,0.5,0.5494222098829125,0.23076923076923078,-0.11801242236024845,0.2435020519835841,0.3168944305548762,-0.2,-0.1437908496732026,1.0211745882214465,0.23333333333333334
typical,typical_21,0.0,0.4146341463414634,0.48333333333333334,0.4564748223396063,0.14285714285714285,-0.06666666666666665,0.1967654986522911,0.0006379121260163901,0.0,0.125,0.9920749511548165,0.31666666666666665
typical,typical_22,0.0,0.4878048780487805,0.4166666666666667,0.471374579308506,0.21052631578947367,0.14596273291925466,-0.15275994865211806,0.07482268589401425,0.2,0.3322981366459627,0.9930245834659156,0.31666666666666665
typical,typical_23,0.0,0.5238095238095238,0.55,0.5104835361164214,0.14285714285714285,0.04166666666666663,0.09150326797385622,-0.08224733353037551,0.4,0.037037037037037035,1.1065765668073613,0.3
typical,typical_24,0.0,0.575,0.6166666666666667,0.5607734345700736,0.14814814814814814,0.06546644844517185,0.0,0.15645275084841032,0.0,0.2597402597402597,1.1621669137615553,0.3333333333333333
typical,typical_25,0.0,0.4772727272727273,0.5,0.585570537942917,0.11538461538461539,0.03999999999999998,-0.18328840970350402,-0.1919764091764419,0.6,0.0784313725490196,1.0703767556285395,0.26666666666666666
typical,typical_26,0.0,0.45,0.43333333333333335,0.5615300435011258,0.20689655172413793,0.124223602484472,0.040000000000000036,0.017811231984610477,0.4,0.0,1.0164254020989867,0.3333333333333333
typical,typical_27,0.0,0.4489795918367347,0.5166666666666667,0.5049981299981485,0.125,-0.05279503105590064,-0.10946196660482374,-0.2569899859249873,0.2,0.1764705882352941,1.0111784416395886,0.18333333333333332
typical,typical_28,0.0,0.4146341463414634,0.43333333333333335,0.5312482282683589,0.16,-0.2777017783857729,-0.16883116883116883,-0.3203707567721337,0.39999999999999997,-0.24183006535947715,1.0048178635977276,0.31666666666666665
typical,typical_29,0.0,0.5681818181818182,0.5,0.6750959474093949,0.13333333333333333,0.16000000000000003,-0.18750000000000003,-0.11776676036757368,0.0,-0.21521335807050093,1.0969151563636472,0.26666666666666666
typical,typical_30,0.0,0.4878048780487805,0.4666666666666667,0.4937382913880819,0.15384615384615385,0.019607843137254888,-0.14596273291925466,-0.2780068339579379,-0.19999999999999996,0.019607843137254888,1.0456520943554979,0.31666666666666665
typical,typical_31,0.0,0.5869565217391305,0.5166666666666667,0.5679896721740989,0.15384615384615385,-0.08333333333333334,0.125,-0.052565304347216193,0.2,0.11764705882352938,1.1053585694259203,0.23333333333333334
typical,typical_32,0.0,0.46511627906976744,0.48333333333333334,0.48874030240533484,0.18181818181818182,-0.16530278232405893,0.3269230769230769,-0.0846381787513361,0.4,0.1895424836601307,1.075232140902223,0.2833333333333333
typical,typical_33,0.0,0.5,0.5,0.5211698193727202,0.07407407407407407,0.13333333333333336,-0.18923933209647492,-0.07061710008268457,-0.39999999999999997,-0.033395176252319136,1.0241300791209251,0.3
typical,typical_34,0.0,0.5,0.48333333333333334,0.6163894083948233,0.03571428571428571,0.1777777777777778,-0.12038303693570454,-0.12491431834075502,0.0,-0.10389610389610388,1.088646746659697,0.26666666666666666
typical,typical_35,0.0,0.5227272727272727,0.55,0.4827122915942652,0.24,0.0625,-0.03999999999999998,0.05743853730473526,-0.4,-0.16346153846153844,1.0689458915534433,0.26666666666666666
typical,typical_36,0.0,0.6222222222222222,0.6,0.6568825601378393,0.12,-0.1948051948051948,-0.1111111111111111,0.07368736761429391,0.2,-0.09157509157509158,1.1202837577462241,0.25
typical,typical_37,0.0,0.5227272727272727,0.5833333333333334,0.5370007322499936,0.06666666666666667,-0.16346153846153844,0.04377564979480164,0.2834938025967789,-0.2,0.16000000000000003,1.1240986802893884,0.26666666666666666
typical,typical_38,0.0,0.625,0.5666666666666667,0.5386200755434204,0.15384615384615385,-0.21887824897400818,-0.03710575139146571,-0.28259371277901396,0.0,0.04807692307692307,1.0685436984065646,0.3333333333333333
typical,typical_39,0.0,0.4222222222222222,0.48333333333333334,0.5215157484310604,0.07692307692307693,-0.020519835841313283,0.2556818181818182,-0.19288775767085242,0.4,0.09259259259259259,1.0497794605224897,0.25
typical,typical_40,0.0,0.4186046511627907,0.43333333333333335,0.5629343468442551,0.2,0.12929623567921444,0.041666666666666685,0.21424719231304692,0.0,0.09627329192546585,0.9906498849147573,0.2833333333333333
typical,typical_41,0.0,0.6052631578947368,0.55,0.5110262403395465,0.19230769230769232,0.040000000000000036,0.03921568627450983,-0.07518652383486933,-0.2,-0.25,1.1114343712780845,0.36666666666666664
typical,typical_42,0.0,0.5526315789473685,0.5166666666666667,0.5053654362067289,0.25925925925925924,0.27083333333333337,0.037037037037037035,0.3931473733855245,-0.6000000000000001,-0.04444444444444445,1.0515231038883746,0.36666666666666664
typical,typical_43,0.0,0.4,0.5,0.5030253066873861,0.14814814814814814,0.130718954248366,0.10416666666666669,-0.5155944180202121,0.39999999999999997,-0.053908355795148244,1.055357023809558,0.3333333333333333
typical,typical_44,0.0,0.5957446808510638,0.55,0.6240399234618139,0.11764705882352941,-0.04267161410018552,-0.11620294599018005,-0.0814870663837453,-0.2,-0.12418300653594772,1.0706032965569878,0.21666666666666667
typical,typical_45,0.0,0.4782608695652174,0.55,0.537644014506186,0.2727272727272727,0.0027359781121751026,-0.12499999999999997,-0.1960553430512461,0.2,0.04823747680890536,1.1770867312358708,0.23333333333333334
typical,typical_46,0.0,0.5116279069767442,0.5166666666666667,0.6456136582394898,0.14285714285714285,0.16666666666666669,-0.002695417789757404,-0.23452840954239082,0.2,0.05882352941176466,1.0339710849789854,0.2833333333333333
typical,typical_47,0.0,0.4782608695652174,0.5,0.5249204886416281,0.08333333333333333,0.1206675224646983,-0.11764705882352938,0.012571913372311984,0.0,0.020833333333333343,1.104408967581457,0.23333333333333334
typical,typical_48,0.0,0.4772727272727273,0.4666666666666667,0.6903650129213181,0.25,-0.020833333333333315,-0.16000000000000003,-0.029924312682307923,-0.4,-0.019230769230769218,1.0253369788287106,0.26666666666666666
typical,typical_49,0.0,0.5714285714285714,0.5666666666666667,0.5580678564458621,0.17857142857142858,0.24,0.14814814814814817,0.06040196491128529,0.6,0.0,1.1845522365688492,0.3
typical,typical_50,0.0,0.5365853658536586,0.5,0.5320568857200708,0.11538461538461539,-0.16512059369202226,-0.020833333333333315,-0.12260495580724629,0.0,0.020833333333333315,1.0470499657780896,0.31666666666666665
typical,typical_51,0.0,0.4444444444444444,0.5,0.49966240952943664,0.07407407407407407,0.022222222222222227,-0.1391465677179963,-0.021482515254970358,-0.2,0.2777777777777778,1.077562929475888,0.25
typical,typical_52,0.0,0.6904761904761905,0.55,0.5664547358528647,0.14285714285714285,-0.12,-0.07792207792207795,-0.009077509723839033,-0.19999999999999996,0.30065359477124187,1.1363185153911277,0.3
typical,typical_53,0.0,0.5,0.5333333333333333,0.640701065767487,0.21212121212121213,-0.08000000000000002,0.08000000000000002,-0.3183392804114901,0.19999999999999996,0.2692307692307692,1.0690908571682647,0.26666666666666666
typical,typical_54,0.0,0.5454545454545454,0.5333333333333333,0.5064925320833855,0.06666666666666667,0.08333333333333331,0.020833333333333315,-0.0797613174851006,0.0,-0.12500000000000003,1.0249617970080538,0.26666666666666666
typical,typical_55,0.0,0.5277777777777778,0.4666666666666667,0.5260686489095028,0.25,-0.08333333333333337,-0.19407008086253363,-0.7907048862026119,0.19999999999999996,0.18300653594771243,1.05689890425471,0.4
typical,typical_56,0.0,0.56,0.55,0.5661683876477587,0.12,0.15999999999999998,0.07999999999999999,0.30548617079867896,0.2,-0.2,1.0546253683188478,0.16666666666666666
typical,typical_57,0.0,0.425,0.48333333333333334,0.464454947170908,0.14285714285714285,0.0,-0.16366612111292966,0.027821340178758005,-0.2,0.33653846153846156,1.0384027904605557,0.3333333333333333
typical,typical_58,0.0,0.5319148936170213,0.4666666666666667,0.6759681607609499,0.11764705882352941,0.19015047879616964,-0.006535947712418277,-0.3458697945489119,-0.4,0.2,1.090760331394204,0.21666666666666667
typical,typical_59,0.0,0.4,0.4666666666666667,0.5473945841659585,0.08,0.1111111111111111,-0.14423076923076922,-0.15164312795350163,0.19999999999999996,0.04043126684636117,1.0598616296892285,0.25
typical,typical_60,0.0,0.42105263157894735,0.48333333333333334,0.49603424944992736,0.2692307692307692,0.040000000000000036,0.08000000000000002,-0.026479191278741872,0.2,0.040000000000000036,1.0692350723722333,0.36666666666666664
typical,typical_61,0.0,0.6129032258064516,0.45,0.4930662137034141,0.3076923076923077,0.07606679035250458,-0.2444444444444444,-0.17408564169187032,-0.4,0.020000000000000018,1.036488812982198,0.48333333333333334
typical,typical_62,0.0,0.4782608695652174,0.43333333333333335,0.48820098710939724,0.14285714285714285,0.04823747680890536,0.03999999999999998,0.237131583843007,-0.6,-0.2641509433962264,0.9799658979768879,0.23333333333333334
typical,typical_63,0.0,0.3611111111111111,0.35,0.4921697317711052,0.21739130434782608,-0.028846153846153855,-0.3557951482479785,0.3702377887739673,0.19999999999999996,0.06679035250463822,1.0214013157589277,0.4
typical,typical_64,0.0,0.42857142857142855,0.4666666666666667,0.5748541151664921,0.1111111111111111,-0.06818181818181818,-0.16993464052287577,-0.13918430659655087,0.0,-0.09150326797385622,1.03821931447584,0.3
typical,typical_65,0.0,0.5106382978723404,0.5333333333333333,0.5327172605282182,0.14814814814814814,0.007936507936507936,-0.14583333333333331,-0.26014437522869155,0.2,-0.05555555555555555,1.1383255862732808,0.21666666666666667
typical,typical_66,0.0,0.6744186046511628,0.6166666666666667,0.492637077571796,0.18518518518518517,0.05882352941176466,-0.003105590062111807,-0.45459468638115996,-0.2,-0.15902964959568733,1.1547340671830044,0.2833333333333333
typical,typical_67,0.0,0.4888888888888889,0.5166666666666667,0.39791978436455044,0.09523809523809523,-0.17045454545454547,0.06,0.058428380819559506,-0.2,0.1391465677179963,1.0449351764859334,0.25
typical,typical_68,0.0,0.40425531914893614,0.4166666666666667,0.4550537949667396,0.043478260869565216,-0.10576923076923078,-0.006535947712418277,-0.018442901976090834,0.2,0.17996289424860853,1.0439364104778244,0.21666666666666667
typical,typical_69,0.0,0.4418604651162791,0.48333333333333334,0.5745804421849974,0.1724137931034483,0.03977272727272729,0.012987012987012991,-0.0795296298970747,-0.2,0.26,1.0598141687608413,0.2833333333333333
typical,typical_70,0.0,0.4864864864864865,0.5,0.5041761922462746,0.21428571428571427,-0.24675324675324672,0.11051212938005395,-0.038156958958956363,-0.39999999999999997,-0.21999999999999997,1.097019153175213,0.38333333333333336
typical,typical_71,0.0,0.4186046511627907,0.43333333333333335,0.5639562092853623,0.17857142857142858,-0.16530278232405893,-0.002695417789757404,0.0033111983352730884,0.4,-0.038461538461538436,1.0331272876722843,0.2833333333333333
typical,typical_72,0.0,0.5681818181818182,0.65,0.6049826609008186,0.15151515151515152,-0.24222585924713586,0.14016172506738545,0.14060618014781343,0.2,0.03999999999999998,1.1517829744883838,0.26666666666666666
typical,typical_73,0.0,0.5714285714285714,0.5666666666666667,0.5251229516297132,0.08333333333333333,-0.11317254174397032,-0.18749999999999997,-0.18671134664569405,-0.6,-0.20754716981132076,1.1044281930750335,0.18333333333333332
typical,typical_74,0.0,0.5581395348837209,0.5833333333333334,0.5352289742695501,0.2857142857142857,-0.16530278232405893,-0.0625,0.21941630082750813,0.2,-0.23562152133580702,1.1281910263310029,0.2833333333333333
typical,typical_75,0.0,0.4222222222222222,0.43333333333333335,0.5390642324624488,0.07692307692307693,0.022222222222222227,0.06,0.20678152304473166,-0.2,-0.09259259259259259,1.0400305347175853,0.25
typical,typical_76,0.0,0.4,0.4,0.5544699794497285,0.17391304347826086,0.20833333333333331,0.040000000000000036,0.1184379435071955,-0.8,0.0,0.9859531277503598,0.3333333333333333
typical,typical_77,0.0,0.5945945945945946,0.6166666666666667,0.6026455964727554,0.14285714285714285,0.14,0.13543599257884975,-0.14914815386878105,0.0,0.022222222222222254,1.1326110854140585,0.38333333333333336
typical,typical_78,0.0,0.5555555555555556,0.5,0.6317023365803753,0.13793103448275862,0.0,-0.2556818181818182,-0.041432672934152176,-0.2,0.06,1.0565144828190882,0.25
typical,typical_79,0.0,0.5652173913043478,0.5333333333333333,0.5837609845515351,0.1724137931034483,-0.0032733224222585844,-0.16149068322981366,0.026404130260315302,-0.2,-0.01307189542483661,1.0750938333467925,0.23333333333333334
typical,typical_80,0.0,0.4186046511627907,0.5,0.5152383421872871,0.047619047619047616,0.002695417789757404,0.012987012987012991,0.14447221903408106,0.2,0.05882352941176466,1.0898075127389006,0.2833333333333333
typical,typical_81,0.0,0.44,0.4666666666666667,0.6017804552014612,0.04,-0.2127659574468085,-0.08183306055646483,-0.07330235746235879,0.0,-0.0927643784786642,1.0182999691199381,0.16666666666666666
typical,typical_82,0.0,0.35,0.35,0.5088105825831362,0.16,0.03710575139146571,0.28,-0.13301058650407632,-0.2,0.1484230055658627,1.013115146787967,0.3333333333333333
typical,typical_83,0.0,0.4782608695652174,0.55,0.5735396190612723,0.0967741935483871,0.04823747680890536,-0.019230769230769218,0.06782261313567756,0.0,-0.03636363636363635,1.0915211486184535,0.23333333333333334
typical,typical_84,0.0,0.5217391304347826,0.5166666666666667,0.5535446525757509,0.14285714285714285,0.0949263502454992,0.03999999999999998,0.1918330597736033,-0.39999999999999997,0.6181818181818182,1.1079161907074266,0.23333333333333334
typical,typical_85,0.0,0.5555555555555556,0.55,0.5134112880982105,0.13636363636363635,0.2021563342318059,-0.0980392156862745,0.33950277771405835,-0.2,0.16363636363636366,1.0453839292422056,0.25
typical,typical_86,0.0,0.4473684210526316,0.45,0.6419525927740698,0.25,0.07008086253369272,0.16993464052287582,-0.023379151210717063,-0.4,0.6143790849673202,1.0247259516407037,0.36666666666666664
typical,typical_87,0.0,0.4888888888888889,0.5166666666666667,0.4313409541296908,0.0,0.022222222222222227,-0.36388140161725063,0.3599538843636451,-0.4,-0.12129380053908356,1.0865937490498474,0.25
typical,typical_88,0.0,0.46511627906976744,0.5166666666666667,0.44798600221743207,0.09523809523809523,-0.09999999999999998,0.038461538461538436,-0.3068666639764496,0.6,0.3942307692307692,1.026483308247514,0.2833333333333333
typical,typical_89,0.0,0.5,0.48333333333333334,0.5591669292403901,0.18518518518518517,-0.04582651391162029,-0.39999999999999997,0.08467733831592258,0.39999999999999997,0.0,1.0882247721634195,0.26666666666666666
typical,typical_90,0.0,0.5555555555555556,0.55,0.5532131192410727,0.07692307692307693,0.0,0.13975155279503104,-0.33150917018666487,-0.6,0.04043126684636117,1.1008520809756672,0.25
typical,typical_91,0.0,0.4222222222222222,0.4,0.46384064860027263,0.045454545454545456,-0.06,0.12274959083469722,0.18766318970302062,0.2,-0.26785714285714285,0.9792551849089516,0.25
typical,typical_92,0.0,0.47619047619047616,0.5666666666666667,0.5454907608585093,0.1724137931034483,-0.0625,0.12,0.2267393788542538,-0.2,0.16993464052287577,1.0785147682714948,0.3
typical,typical_93,0.0,0.5365853658536586,0.55,0.46598909373469216,0.13636363636363635,0.019607843137254888,0.053803339517625226,0.049214289589858094,0.2,0.06730769230769229,1.1071356906394376,0.31666666666666665
typical,typical_94,0.0,0.5869565217391305,0.5833333333333334,0.5863491245745514,0.1,0.2,-0.0027359781121751026,-0.16741254763293253,-0.39999999999999997,0.11764705882352938,1.1098076404505541,0.23333333333333334
typical,typical_95,0.0,0.3953488372093023,0.38333333333333336,0.6086563009822681,0.16129032258064516,0.019999999999999962,0.038461538461538436,0.11216141869123364,-0.2,0.12727272727272732,0.9986383354100578,0.2833333333333333
typical,typical_96,0.0,0.5675675675675675,0.5166666666666667,0.6272495906427512,0.25,0.00163666121112932,0.09659090909090912,-0.3057036068162656,0.0,-0.024118738404452666,1.0673870418207663,0.38333333333333336
typical,typical_97,0.0,0.42857142857142855,0.45,0.5464935318384038,0.10714285714285714,-0.05279503105590064,0.21153846153846154,0.2804506403839593,-0.2,-0.08496732026143791,1.0072468793557319,0.18333333333333332
typical,typical_98,0.0,0.5,0.5166666666666667,0.5991156170359173,0.2,-0.14545454545454545,-0.26186579378068736,0.20941932326159748,0.20000000000000007,0.08000000000000002,1.0487585384386209,0.3333333333333333
typical,typical_99,0.0,0.5116279069767442,0.5333333333333333,0.518464586472109,0.18518518518518517,-0.18322981366459629,-0.0625,-0.27084443646561285,0.2,-0.09090909090909088,1.0384130493557178,0.2833333333333333
typical,typical_100,0.0,0.5,0.43333333333333335,0.5615068708211305,0.1111111111111111,0.12,-0.039279869067103124,0.06156268361546682,0.0,-0.022263450834879406,1.0420809905792427,0.2
typical,typical_101,0.0,0.5217391304347826,0.5333333333333333,0.4807012061227092,0.15384615384615385,-0.13333333333333333,-0.15955473098330242,-0.06583622204898568,0.0,-0.27450980392156865,1.0909644923012884,0.23333333333333334
typical,typical_102,0.0,0.4782608695652174,0.48333333333333334,0.5449635231595843,0.15384615384615385,-0.1743970315398887,0.08333333333333334,0.1366791467357259,0.0,-0.27450980392156865,1.0672284367436318,0.23333333333333334
typical,typical_103,0.0,0.5897435897435898,0.48333333333333334,0.6628175296511571,0.22580645161290322,0.1280148423005566,-0.16666666666666669,-0.006784920458757116,-0.2,-0.02083333333333337,1.016541845046254,0.35
typical,typical_104,0.0,0.6388888888888888,0.5666666666666667,0.4771095778045548,0.22727272727272727,0.0,0.12323491655969193,-0.02548417106908123,-0.6000000000000001,-0.0784313725490196,1.1257369893551172,0.4
typical,typical_105,0.0,0.5116279069767442,0.4666666666666667,0.41189287537369834,0.16666666666666666,0.27083333333333337,0.12962962962962962,0.03915740163387883,-0.19999999999999996,0.3942307692307692,1.0427770040387447,0.2833333333333333
typical,typical_106,0.0,0.45454545454545453,0.43333333333333335,0.613562658574878,0.03571428571428571,0.038303693570451436,0.11111111111111113,0.025234256646330683,0.8,0.39999999999999997,1.0005566977212856,0.26666666666666666
typical,typical_107,0.0,0.44680851063829785,0.48333333333333334,0.6360954361893572,0.1724137931034483,0.17996289424860853,-0.006535947712418277,0.1947414877321339,0.0,0.01800327332242227,1.0257360211562634,0.21666666666666667
typical,typical_108,0.0,0.5,0.5,0.5558292590918971,0.1,0.2483660130718954,-0.16346153846153846,-0.10587762656780826,-0.2,-0.03999999999999998,1.0902128329112557,0.23333333333333334
typical,typical_109,0.0,0.42857142857142855,0.5,0.55063614858801,0.21739130434782608,-0.16666666666666666,0.2222222222222222,-0.06384395072988581,0.0,0.07792207792207795,1.027862119866812,0.3
typical,typical_110,0.0,0.6428571428571429,0.5666666666666667,0.5863868466918436,0.1935483870967742,-0.16666666666666666,-0.10801963993453356,0.022611489686732024,0.2,-0.01617250673854448,1.1228778762244238,0.3
typical,typical_111,0.0,0.575,0.6,0.5244866521129609,0.25,-0.0327332242225859,0.06211180124223603,0.4439026123928975,0.2,-0.09615384615384615,1.158939206214373,0.3333333333333333
typical,typical_112,0.0,0.4634146341463415,0.5166666666666667,0.49079495553626296,0.30434782608695654,-0.41304347826086957,0.22670807453416147,0.19372534419182386,0.2,-0.08333333333333331,1.063261564985117,0.31666666666666665
typical,typical_113,0.0,0.5238095238095238,0.5166666666666667,0.5553239671161015,0.2,0.039215686274509776,0.20496894409937888,-0.4176735618367515,0.0,-0.04444444444444445,1.0499682731385946,0.3
typical,typical_114,0.0,0.47619047619047616,0.45,0.5030082186846632,0.09523809523809523,0.16770186335403725,0.033395176252319136,-0.051136507991879215,0.4,-0.27083333333333337,0.9842539034190315,0.3
typical,typical_115,0.0,0.5476190476190477,0.4666666666666667,0.5204542451479784,0.20833333333333334,-0.1447124304267161,-0.07792207792207795,-0.20452436968627333,0.6,-0.09150326797385622,1.0348873469619606,0.3
typical,typical_116,0.0,0.5111111111111111,0.5333333333333333,0.5837104960599492,0.23333333333333334,0.07364975450081834,0.06,0.1281267838909235,0.0,-0.06,1.0788684812156901,0.25
typical,typical_117,0.0,0.5,0.4666666666666667,0.6042665719694381,0.12903225806451613,-0.06832298136645962,0.16346153846153844,-0.11470668616892561,-0.4,0.0784313725490196,1.033945482735928,0.26666666666666666
typical,typical_118,0.0,0.5333333333333333,0.5833333333333334,0.5649090360530091,0.1,0.0,-0.36388140161725063,0.07509575491325193,-0.4,-0.09259259259259259,1.1237367415467057,0.25
typical,typical_119,0.0,0.5581395348837209,0.5666666666666667,0.4648501405502693,0.08695652173913043,-0.1111111111111111,0.012987012987012991,0.2697648024883199,-0.39999999999999997,0.0625,1.062851538948647,0.2833333333333333
